date,hospital_id,medicine_id,generic_name,quantity_requested,quantity_dispensed,target_type,source,source_medicine_id,outbreak_flag,lead_time_days,data_origin
2026-04-12,HOSP_A,PGMED001,Amoxicillin,23,,requested_demand,simulation,PGMED001,0,5,synthetic
2026-04-12,HOSP_A,PGMED002,Atorvastatin,33,,requested_demand,simulation,PGMED002,0,5,synthetic
2026-04-12,HOSP_A,PGMED003,Normal Saline IV,50,,requested_demand,simulation,PGMED003,0,5,synthetic
2026-04-12,HOSP_A,PGMED004,Paracetamol,55,,requested_demand,simulation,PGMED004,0,5,synthetic
2026-04-12,HOSP_A,PGMED005,Salbutamol,57,,requested_demand,simulation,PGMED005,0,5,synthetic
2026-04-12,HOSP_B,PGMED001,Amoxicillin,32,,requested_demand,simulation,PGMED001,0,5,synthetic
2026-04-12,HOSP_B,PGMED002,Atorvastatin,48,,requested_demand,simulation,PGMED002,0,5,synthetic
2026-04-12,HOSP_B,PGMED003,Normal Saline IV,66,,requested_demand,simulation,PGMED003,0,5,synthetic
2026-04-12,HOSP_B,PGMED004,Paracetamol,70,,requested_demand,simulation,PGMED004,0,5,synthetic
2026-04-12,HOSP_B,PGMED005,Salbutamol,73,,requested_demand,simulation,PGMED005,0,5,synthetic
2026-04-12,HOSP_C,PGMED001,Amoxicillin,38,,requested_demand,simulation,PGMED001,0,5,synthetic
2026-04-12,HOSP_C,PGMED002,Atorvastatin,56,,requested_demand,simulation,PGMED002,0,5,synthetic
2026-04-12,HOSP_C,PGMED003,Normal Saline IV,68,,requested_demand,simulation,PGMED003,0,5,synthetic
2026-04-12,HOSP_C,PGMED004,Paracetamol,84,,requested_demand,simulation,PGMED004,0,5,synthetic
2026-04-12,HOSP_C,PGMED005,Salbutamol,100,,requested_demand,simulation,PGMED005,0,5,synthetic
2026-04-12,HOSP_D,PGMED001,Amoxicillin,50,,requested_demand,simulation,PGMED001,0,5,synthetic
2026-04-12,HOSP_D,PGMED002,Atorvastatin,73,,requested_demand,simulation,PGMED002,0,5,synthetic
2026-04-12,HOSP_D,PGMED003,Normal Saline IV,85,,requested_demand,simulation,PGMED003,0,5,synthetic
2026-04-12,HOSP_D,PGMED004,Paracetamol,104,,requested_demand,simulation,PGMED004,0,5,synthetic
2026-04-12,HOSP_D,PGMED005,Salbutamol,106,,requested_demand,simulation,PGMED005,0,5,synthetic
2026-04-13,HOSP_A,PGMED001,Amoxicillin,29,,requested_demand,simulation,PGMED001,0,5,synthetic
2026-04-13,HOSP_A,PGMED002,Atorvastatin,39,,requested_demand,simulation,PGMED002,0,5,synthetic
2026-04-13,HOSP_A,PGMED003,Normal Saline IV,57,,requested_demand,simulation,PGMED003,0,5,synthetic
2026-04-13,HOSP_A,PGMED004,Paracetamol,64,,requested_demand,simulation,PGMED004,0,5,synthetic
2026-04-13,HOSP_A,PGMED005,Salbutamol,97,,requested_demand,simulation,PGMED005,1,5,synthetic
2026-04-13,HOSP_B,PGMED001,Amoxicillin,40,,requested_demand,simulation,PGMED001,0,5,synthetic
2026-04-13,HOSP_B,PGMED002,Atorvastatin,50,,requested_demand,simulation,PGMED002,0,5,synthetic
2026-04-13,HOSP_B,PGMED003,Normal Saline IV,72,,requested_demand,simulation,PGMED003,0,5,synthetic
2026-04-13,HOSP_B,PGMED004,Paracetamol,71,,requested_demand,simulation,PGMED004,0,5,synthetic
2026-04-13,HOSP_B,PGMED005,Salbutamol,99,,requested_demand,simulation,PGMED005,0,5,synthetic
2026-04-13,HOSP_C,PGMED001,Amoxicillin,47,,requested_demand,simulation,PGMED001,0,5,synthetic
2026-04-13,HOSP_C,PGMED002,Atorvastatin,65,,requested_demand,simulation,PGMED002,0,5,synthetic
2026-04-13,HOSP_C,PGMED003,Normal Saline IV,85,,requested_demand,simulation,PGMED003,0,5,synthetic
2026-04-13,HOSP_C,PGMED004,Paracetamol,88,,requested_demand,simulation,PGMED004,0,5,synthetic
2026-04-13,HOSP_C,PGMED005,Salbutamol,117,,requested_demand,simulation,PGMED005,0,5,synthetic
2026-04-13,HOSP_D,PGMED001,Amoxicillin,58,,requested_demand,simulation,PGMED001,0,5,synthetic
2026-04-13,HOSP_D,PGMED002,Atorvastatin,83,,requested_demand,simulation,PGMED002,0,5,synthetic
2026-04-13,HOSP_D,PGMED003,Normal Saline IV,99,,requested_demand,simulation,PGMED003,0,5,synthetic
2026-04-13,HOSP_D,PGMED004,Paracetamol,110,,requested_demand,simulation,PGMED004,0,5,synthetic
2026-04-13,HOSP_D,PGMED005,Salbutamol,130,,requested_demand,simulation,PGMED005,0,5,synthetic
2026-04-14,HOSP_A,PGMED001,Amoxicillin,37,,requested_demand,simulation,PGMED001,0,5,synthetic
2026-04-14,HOSP_A,PGMED002,Atorvastatin,54,,requested_demand,simulation,PGMED002,0,5,synthetic
2026-04-14,HOSP_A,PGMED003,Normal Saline IV,65,,requested_demand,simulation,PGMED003,0,5,synthetic
2026-04-14,HOSP_A,PGMED004,Paracetamol,73,,requested_demand,simulation,PGMED004,0,5,synthetic
2026-04-14,HOSP_A,PGMED005,Salbutamol,129,,requested_demand,simulation,PGMED005,1,5,synthetic
2026-04-14,HOSP_B,PGMED001,Amoxicillin,45,,requested_demand,simulation,PGMED001,0,5,synthetic
2026-04-14,HOSP_B,PGMED002,Atorvastatin,60,,requested_demand,simulation,PGMED002,0,5,synthetic
2026-04-14,HOSP_B,PGMED003,Normal Saline IV,80,,requested_demand,simulation,PGMED003,0,5,synthetic
2026-04-14,HOSP_B,PGMED004,Paracetamol,95,,requested_demand,simulation,PGMED004,0,5,synthetic
2026-04-14,HOSP_B,PGMED005,Salbutamol,102,,requested_demand,simulation,PGMED005,0,5,synthetic
2026-04-14,HOSP_C,PGMED001,Amoxicillin,56,,requested_demand,simulation,PGMED001,0,5,synthetic
2026-04-14,HOSP_C,PGMED002,Atorvastatin,71,,requested_demand,simulation,PGMED002,0,5,synthetic
2026-04-14,HOSP_C,PGMED003,Normal Saline IV,99,,requested_demand,simulation,PGMED003,0,5,synthetic
2026-04-14,HOSP_C,PGMED004,Paracetamol,120,,requested_demand,simulation,PGMED004,0,5,synthetic
2026-04-14,HOSP_C,PGMED005,Salbutamol,138,,requested_demand,simulation,PGMED005,0,5,synthetic
2026-04-14,HOSP_D,PGMED001,Amoxicillin,68,,requested_demand,simulation,PGMED001,0,5,synthetic
2026-04-14,HOSP_D,PGMED002,Atorvastatin,89,,requested_demand,simulation,PGMED002,0,5,synthetic
2026-04-14,HOSP_D,PGMED003,Normal Saline IV,116,,requested_demand,simulation,PGMED003,0,5,synthetic
2026-04-14,HOSP_D,PGMED004,Paracetamol,133,,requested_demand,simulation,PGMED004,0,5,synthetic
2026-04-14,HOSP_D,PGMED005,Salbutamol,157,,requested_demand,simulation,PGMED005,0,5,synthetic
2026-04-15,HOSP_A,PGMED001,Amoxicillin,37,,requested_demand,simulation,PGMED001,0,5,synthetic
2026-04-15,HOSP_A,PGMED002,Atorvastatin,55,,requested_demand,simulation,PGMED002,0,5,synthetic
2026-04-15,HOSP_A,PGMED003,Normal Saline IV,67,,requested_demand,simulation,PGMED003,0,5,synthetic
2026-04-15,HOSP_A,PGMED004,Paracetamol,74,,requested_demand,simulation,PGMED004,0,5,synthetic
2026-04-15,HOSP_A,PGMED005,Salbutamol,134,,requested_demand,simulation,PGMED005,1,5,synthetic
2026-04-15,HOSP_B,PGMED001,Amoxicillin,47,,requested_demand,simulation,PGMED001,0,5,synthetic
2026-04-15,HOSP_B,PGMED002,Atorvastatin,69,,requested_demand,simulation,PGMED002,0,5,synthetic
2026-04-15,HOSP_B,PGMED003,Normal Saline IV,80,,requested_demand,simulation,PGMED003,0,5,synthetic
2026-04-15,HOSP_B,PGMED004,Paracetamol,98,,requested_demand,simulation,PGMED004,0,5,synthetic
2026-04-15,HOSP_B,PGMED005,Salbutamol,120,,requested_demand,simulation,PGMED005,0,5,synthetic
2026-04-15,HOSP_C,PGMED001,Amoxicillin,60,,requested_demand,simulation,PGMED001,0,5,synthetic
2026-04-15,HOSP_C,PGMED002,Atorvastatin,73,,requested_demand,simulation,PGMED002,0,5,synthetic
2026-04-15,HOSP_C,PGMED003,Normal Saline IV,97,,requested_demand,simulation,PGMED003,0,5,synthetic
2026-04-15,HOSP_C,PGMED004,Paracetamol,110,,requested_demand,simulation,PGMED004,0,5,synthetic
2026-04-15,HOSP_C,PGMED005,Salbutamol,134,,requested_demand,simulation,PGMED005,0,5,synthetic
2026-04-15,HOSP_D,PGMED001,Amoxicillin,71,,requested_demand,simulation,PGMED001,0,5,synthetic
2026-04-15,HOSP_D,PGMED002,Atorvastatin,91,,requested_demand,simulation,PGMED002,0,5,synthetic
2026-04-15,HOSP_D,PGMED003,Normal Saline IV,116,,requested_demand,simulation,PGMED003,0,5,synthetic
2026-04-15,HOSP_D,PGMED004,Paracetamol,137,,requested_demand,simulation,PGMED004,0,5,synthetic
2026-04-15,HOSP_D,PGMED005,Salbutamol,167,,requested_demand,simulation,PGMED005,0,5,synthetic
2026-04-16,HOSP_A,PGMED001,Amoxicillin,34,,requested_demand,simulation,PGMED001,0,5,synthetic
2026-04-16,HOSP_A,PGMED002,Atorvastatin,46,,requested_demand,simulation,PGMED002,0,5,synthetic
2026-04-16,HOSP_A,PGMED003,Normal Saline IV,66,,requested_demand,simulation,PGMED003,0,5,synthetic
2026-04-16,HOSP_A,PGMED004,Paracetamol,66,,requested_demand,simulation,PGMED004,0,5,synthetic
2026-04-16,HOSP_A,PGMED005,Salbutamol,112,,requested_demand,simulation,PGMED005,1,5,synthetic
2026-04-16,HOSP_B,PGMED001,Amoxicillin,48,,requested_demand,simulation,PGMED001,0,5,synthetic
2026-04-16,HOSP_B,PGMED002,Atorvastatin,62,,requested_demand,simulation,PGMED002,0,5,synthetic
2026-04-16,HOSP_B,PGMED003,Normal Saline IV,73,,requested_demand,simulation,PGMED003,0,5,synthetic
2026-04-16,HOSP_B,PGMED004,Paracetamol,100,,requested_demand,simulation,PGMED004,0,5,synthetic
2026-04-16,HOSP_B,PGMED005,Salbutamol,106,,requested_demand,simulation,PGMED005,0,5,synthetic
2026-04-16,HOSP_C,PGMED001,Amoxicillin,48,,requested_demand,simulation,PGMED001,0,5,synthetic
2026-04-16,HOSP_C,PGMED002,Atorvastatin,74,,requested_demand,simulation,PGMED002,0,5,synthetic
2026-04-16,HOSP_C,PGMED003,Normal Saline IV,94,,requested_demand,simulation,PGMED003,0,5,synthetic
2026-04-16,HOSP_C,PGMED004,Paracetamol,111,,requested_demand,simulation,PGMED004,0,5,synthetic
2026-04-16,HOSP_C,PGMED005,Salbutamol,121,,requested_demand,simulation,PGMED005,0,5,synthetic
2026-04-16,HOSP_D,PGMED001,Amoxicillin,59,,requested_demand,simulation,PGMED001,0,5,synthetic
2026-04-16,HOSP_D,PGMED002,Atorvastatin,83,,requested_demand,simulation,PGMED002,0,5,synthetic
2026-04-16,HOSP_D,PGMED003,Normal Saline IV,108,,requested_demand,simulation,PGMED003,0,5,synthetic
2026-04-16,HOSP_D,PGMED004,Paracetamol,132,,requested_demand,simulation,PGMED004,0,5,synthetic
2026-04-16,HOSP_D,PGMED005,Salbutamol,162,,requested_demand,simulation,PGMED005,0,5,synthetic
2026-04-17,HOSP_A,PGMED001,Amoxicillin,27,,requested_demand,simulation,PGMED001,0,5,synthetic
2026-04-17,HOSP_A,PGMED002,Atorvastatin,38,,requested_demand,simulation,PGMED002,0,5,synthetic
2026-04-17,HOSP_A,PGMED003,Normal Saline IV,49,,requested_demand,simulation,PGMED003,0,5,synthetic
2026-04-17,HOSP_A,PGMED004,Paracetamol,56,,requested_demand,simulation,PGMED004,0,5,synthetic
2026-04-17,HOSP_A,PGMED005,Salbutamol,90,,requested_demand,simulation,PGMED005,1,5,synthetic
2026-04-17,HOSP_B,PGMED001,Amoxicillin,51,,requested_demand,simulation,PGMED001,1,5,synthetic
2026-04-17,HOSP_B,PGMED002,Atorvastatin,54,,requested_demand,simulation,PGMED002,0,5,synthetic
2026-04-17,HOSP_B,PGMED003,Normal Saline IV,54,,requested_demand,simulation,PGMED003,0,5,synthetic
2026-04-17,HOSP_B,PGMED004,Paracetamol,68,,requested_demand,simulation,PGMED004,0,5,synthetic
2026-04-17,HOSP_B,PGMED005,Salbutamol,103,,requested_demand,simulation,PGMED005,0,5,synthetic
2026-04-17,HOSP_C,PGMED001,Amoxicillin,40,,requested_demand,simulation,PGMED001,0,5,synthetic
2026-04-17,HOSP_C,PGMED002,Atorvastatin,50,,requested_demand,simulation,PGMED002,0,5,synthetic
2026-04-17,HOSP_C,PGMED003,Normal Saline IV,81,,requested_demand,simulation,PGMED003,0,5,synthetic
2026-04-17,HOSP_C,PGMED004,Paracetamol,86,,requested_demand,simulation,PGMED004,0,5,synthetic
2026-04-17,HOSP_C,PGMED005,Salbutamol,116,,requested_demand,simulation,PGMED005,0,5,synthetic
2026-04-17,HOSP_D,PGMED001,Amoxicillin,46,,requested_demand,simulation,PGMED001,0,5,synthetic
2026-04-17,HOSP_D,PGMED002,Atorvastatin,71,,requested_demand,simulation,PGMED002,0,5,synthetic
2026-04-17,HOSP_D,PGMED003,Normal Saline IV,85,,requested_demand,simulation,PGMED003,0,5,synthetic
2026-04-17,HOSP_D,PGMED004,Paracetamol,106,,requested_demand,simulation,PGMED004,0,5,synthetic
2026-04-17,HOSP_D,PGMED005,Salbutamol,125,,requested_demand,simulation,PGMED005,0,5,synthetic
2026-04-18,HOSP_A,PGMED001,Amoxicillin,27,,requested_demand,simulation,PGMED001,0,5,synthetic
2026-04-18,HOSP_A,PGMED002,Atorvastatin,38,,requested_demand,simulation,PGMED002,0,5,synthetic
2026-04-18,HOSP_A,PGMED003,Normal Saline IV,37,,requested_demand,simulation,PGMED003,0,5,synthetic
2026-04-18,HOSP_A,PGMED004,Paracetamol,52,,requested_demand,simulation,PGMED004,0,5,synthetic
2026-04-18,HOSP_A,PGMED005,Salbutamol,62,,requested_demand,simulation,PGMED005,0,5,synthetic
2026-04-18,HOSP_B,PGMED001,Amoxicillin,46,,requested_demand,simulation,PGMED001,1,5,synthetic
2026-04-18,HOSP_B,PGMED002,Atorvastatin,43,,requested_demand,simulation,PGMED002,0,5,synthetic
2026-04-18,HOSP_B,PGMED003,Normal Saline IV,56,,requested_demand,simulation,PGMED003,0,5,synthetic
2026-04-18,HOSP_B,PGMED004,Paracetamol,65,,requested_demand,simulation,PGMED004,0,5,synthetic
2026-04-18,HOSP_B,PGMED005,Salbutamol,72,,requested_demand,simulation,PGMED005,0,5,synthetic
2026-04-18,HOSP_C,PGMED001,Amoxicillin,33,,requested_demand,simulation,PGMED001,0,5,synthetic
2026-04-18,HOSP_C,PGMED002,Atorvastatin,54,,requested_demand,simulation,PGMED002,0,5,synthetic
2026-04-18,HOSP_C,PGMED003,Normal Saline IV,73,,requested_demand,simulation,PGMED003,0,5,synthetic
2026-04-18,HOSP_C,PGMED004,Paracetamol,74,,requested_demand,simulation,PGMED004,0,5,synthetic
2026-04-18,HOSP_C,PGMED005,Salbutamol,104,,requested_demand,simulation,PGMED005,0,5,synthetic
2026-04-18,HOSP_D,PGMED001,Amoxicillin,44,,requested_demand,simulation,PGMED001,0,5,synthetic
2026-04-18,HOSP_D,PGMED002,Atorvastatin,70,,requested_demand,simulation,PGMED002,0,5,synthetic
2026-04-18,HOSP_D,PGMED003,Normal Saline IV,81,,requested_demand,simulation,PGMED003,0,5,synthetic
2026-04-18,HOSP_D,PGMED004,Paracetamol,96,,requested_demand,simulation,PGMED004,0,5,synthetic
2026-04-18,HOSP_D,PGMED005,Salbutamol,119,,requested_demand,simulation,PGMED005,0,5,synthetic
2026-04-19,HOSP_A,PGMED001,Amoxicillin,28,,requested_demand,simulation,PGMED001,0,5,synthetic
2026-04-19,HOSP_A,PGMED002,Atorvastatin,33,,requested_demand,simulation,PGMED002,0,5,synthetic
2026-04-19,HOSP_A,PGMED003,Normal Saline IV,51,,requested_demand,simulation,PGMED003,0,5,synthetic
2026-04-19,HOSP_A,PGMED004,Paracetamol,56,,requested_demand,simulation,PGMED004,0,5,synthetic
2026-04-19,HOSP_A,PGMED005,Salbutamol,69,,requested_demand,simulation,PGMED005,0,5,synthetic
2026-04-19,HOSP_B,PGMED001,Amoxicillin,47,,requested_demand,simulation,PGMED001,1,5,synthetic
2026-04-19,HOSP_B,PGMED002,Atorvastatin,42,,requested_demand,simulation,PGMED002,0,5,synthetic
2026-04-19,HOSP_B,PGMED003,Normal Saline IV,61,,requested_demand,simulation,PGMED003,0,5,synthetic
2026-04-19,HOSP_B,PGMED004,Paracetamol,78,,requested_demand,simulation,PGMED004,0,5,synthetic
2026-04-19,HOSP_B,PGMED005,Salbutamol,81,,requested_demand,simulation,PGMED005,0,5,synthetic
2026-04-19,HOSP_C,PGMED001,Amoxicillin,41,,requested_demand,simulation,PGMED001,0,5,synthetic
2026-04-19,HOSP_C,PGMED002,Atorvastatin,54,,requested_demand,simulation,PGMED002,0,5,synthetic
2026-04-19,HOSP_C,PGMED003,Normal Saline IV,79,,requested_demand,simulation,PGMED003,0,5,synthetic
2026-04-19,HOSP_C,PGMED004,Paracetamol,82,,requested_demand,simulation,PGMED004,0,5,synthetic
2026-04-19,HOSP_C,PGMED005,Salbutamol,92,,requested_demand,simulation,PGMED005,0,5,synthetic
2026-04-19,HOSP_D,PGMED001,Amoxicillin,51,,requested_demand,simulation,PGMED001,0,5,synthetic
2026-04-19,HOSP_D,PGMED002,Atorvastatin,67,,requested_demand,simulation,PGMED002,0,5,synthetic
2026-04-19,HOSP_D,PGMED003,Normal Saline IV,86,,requested_demand,simulation,PGMED003,0,5,synthetic
2026-04-19,HOSP_D,PGMED004,Paracetamol,107,,requested_demand,simulation,PGMED004,0,5,synthetic
2026-04-19,HOSP_D,PGMED005,Salbutamol,125,,requested_demand,simulation,PGMED005,0,5,synthetic
2026-04-20,HOSP_A,PGMED001,Amoxicillin,32,,requested_demand,simulation,PGMED001,0,5,synthetic
2026-04-20,HOSP_A,PGMED002,Atorvastatin,40,,requested_demand,simulation,PGMED002,0,5,synthetic
2026-04-20,HOSP_A,PGMED003,Normal Saline IV,53,,requested_demand,simulation,PGMED003,0,5,synthetic
2026-04-20,HOSP_A,PGMED004,Paracetamol,66,,requested_demand,simulation,PGMED004,0,5,synthetic
2026-04-20,HOSP_A,PGMED005,Salbutamol,85,,requested_demand,simulation,PGMED005,0,5,synthetic
2026-04-20,HOSP_B,PGMED001,Amoxicillin,56,,requested_demand,simulation,PGMED001,1,5,synthetic
2026-04-20,HOSP_B,PGMED002,Atorvastatin,53,,requested_demand,simulation,PGMED002,0,5,synthetic
2026-04-20,HOSP_B,PGMED003,Normal Saline IV,62,,requested_demand,simulation,PGMED003,0,5,synthetic
2026-04-20,HOSP_B,PGMED004,Paracetamol,85,,requested_demand,simulation,PGMED004,0,5,synthetic
2026-04-20,HOSP_B,PGMED005,Salbutamol,108,,requested_demand,simulation,PGMED005,0,5,synthetic
2026-04-20,HOSP_C,PGMED001,Amoxicillin,45,,requested_demand,simulation,PGMED001,0,5,synthetic
2026-04-20,HOSP_C,PGMED002,Atorvastatin,71,,requested_demand,simulation,PGMED002,0,5,synthetic
2026-04-20,HOSP_C,PGMED003,Normal Saline IV,79,,requested_demand,simulation,PGMED003,0,5,synthetic
2026-04-20,HOSP_C,PGMED004,Paracetamol,99,,requested_demand,simulation,PGMED004,0,5,synthetic
2026-04-20,HOSP_C,PGMED005,Salbutamol,124,,requested_demand,simulation,PGMED005,0,5,synthetic
2026-04-20,HOSP_D,PGMED001,Amoxicillin,55,,requested_demand,simulation,PGMED001,0,5,synthetic
2026-04-20,HOSP_D,PGMED002,Atorvastatin,81,,requested_demand,simulation,PGMED002,0,5,synthetic
2026-04-20,HOSP_D,PGMED003,Normal Saline IV,94,,requested_demand,simulation,PGMED003,0,5,synthetic
2026-04-20,HOSP_D,PGMED004,Paracetamol,124,,requested_demand,simulation,PGMED004,0,5,synthetic
2026-04-20,HOSP_D,PGMED005,Salbutamol,136,,requested_demand,simulation,PGMED005,0,5,synthetic
2026-04-21,HOSP_A,PGMED001,Amoxicillin,39,,requested_demand,simulation,PGMED001,0,5,synthetic
2026-04-21,HOSP_A,PGMED002,Atorvastatin,51,,requested_demand,simulation,PGMED002,0,5,synthetic
2026-04-21,HOSP_A,PGMED003,Normal Saline IV,63,,requested_demand,simulation,PGMED003,0,5,synthetic
2026-04-21,HOSP_A,PGMED004,Paracetamol,73,,requested_demand,simulation,PGMED004,0,5,synthetic
2026-04-21,HOSP_A,PGMED005,Salbutamol,91,,requested_demand,simulation,PGMED005,0,5,synthetic
2026-04-21,HOSP_B,PGMED001,Amoxicillin,65,,requested_demand,simulation,PGMED001,1,5,synthetic
2026-04-21,HOSP_B,PGMED002,Atorvastatin,88,,requested_demand,simulation,PGMED002,1,5,synthetic
2026-04-21,HOSP_B,PGMED003,Normal Saline IV,77,,requested_demand,simulation,PGMED003,0,5,synthetic
2026-04-21,HOSP_B,PGMED004,Paracetamol,98,,requested_demand,simulation,PGMED004,0,5,synthetic
2026-04-21,HOSP_B,PGMED005,Salbutamol,119,,requested_demand,simulation,PGMED005,0,5,synthetic
2026-04-21,HOSP_C,PGMED001,Amoxicillin,55,,requested_demand,simulation,PGMED001,0,5,synthetic
2026-04-21,HOSP_C,PGMED002,Atorvastatin,74,,requested_demand,simulation,PGMED002,0,5,synthetic
2026-04-21,HOSP_C,PGMED003,Normal Saline IV,96,,requested_demand,simulation,PGMED003,0,5,synthetic
2026-04-21,HOSP_C,PGMED004,Paracetamol,112,,requested_demand,simulation,PGMED004,0,5,synthetic
2026-04-21,HOSP_C,PGMED005,Salbutamol,135,,requested_demand,simulation,PGMED005,0,5,synthetic
2026-04-21,HOSP_D,PGMED001,Amoxicillin,63,,requested_demand,simulation,PGMED001,0,5,synthetic
2026-04-21,HOSP_D,PGMED002,Atorvastatin,95,,requested_demand,simulation,PGMED002,0,5,synthetic
2026-04-21,HOSP_D,PGMED003,Normal Saline IV,113,,requested_demand,simulation,PGMED003,0,5,synthetic
2026-04-21,HOSP_D,PGMED004,Paracetamol,135,,requested_demand,simulation,PGMED004,0,5,synthetic
2026-04-21,HOSP_D,PGMED005,Salbutamol,164,,requested_demand,simulation,PGMED005,0,5,synthetic
2026-04-22,HOSP_A,PGMED001,Amoxicillin,39,,requested_demand,simulation,PGMED001,0,5,synthetic
2026-04-22,HOSP_A,PGMED002,Atorvastatin,50,,requested_demand,simulation,PGMED002,0,5,synthetic
2026-04-22,HOSP_A,PGMED003,Normal Saline IV,69,,requested_demand,simulation,PGMED003,0,5,synthetic
2026-04-22,HOSP_A,PGMED004,Paracetamol,82,,requested_demand,simulation,PGMED004,0,5,synthetic
2026-04-22,HOSP_A,PGMED005,Salbutamol,90,,requested_demand,simulation,PGMED005,0,5,synthetic
2026-04-22,HOSP_B,PGMED001,Amoxicillin,49,,requested_demand,simulation,PGMED001,0,5,synthetic
2026-04-22,HOSP_B,PGMED002,Atorvastatin,91,,requested_demand,simulation,PGMED002,1,5,synthetic
2026-04-22,HOSP_B,PGMED003,Normal Saline IV,77,,requested_demand,simulation,PGMED003,0,5,synthetic
2026-04-22,HOSP_B,PGMED004,Paracetamol,99,,requested_demand,simulation,PGMED004,0,5,synthetic
2026-04-22,HOSP_B,PGMED005,Salbutamol,112,,requested_demand,simulation,PGMED005,0,5,synthetic
2026-04-22,HOSP_C,PGMED001,Amoxicillin,60,,requested_demand,simulation,PGMED001,0,5,synthetic
2026-04-22,HOSP_C,PGMED002,Atorvastatin,82,,requested_demand,simulation,PGMED002,0,5,synthetic
2026-04-22,HOSP_C,PGMED003,Normal Saline IV,99,,requested_demand,simulation,PGMED003,0,5,synthetic
2026-04-22,HOSP_C,PGMED004,Paracetamol,123,,requested_demand,simulation,PGMED004,0,5,synthetic
2026-04-22,HOSP_C,PGMED005,Salbutamol,143,,requested_demand,simulation,PGMED005,0,5,synthetic
2026-04-22,HOSP_D,PGMED001,Amoxicillin,62,,requested_demand,simulation,PGMED001,0,5,synthetic
2026-04-22,HOSP_D,PGMED002,Atorvastatin,87,,requested_demand,simulation,PGMED002,0,5,synthetic
2026-04-22,HOSP_D,PGMED003,Normal Saline IV,113,,requested_demand,simulation,PGMED003,0,5,synthetic
2026-04-22,HOSP_D,PGMED004,Paracetamol,136,,requested_demand,simulation,PGMED004,0,5,synthetic
2026-04-22,HOSP_D,PGMED005,Salbutamol,163,,requested_demand,simulation,PGMED005,0,5,synthetic
2026-04-23,HOSP_A,PGMED001,Amoxicillin,33,,requested_demand,simulation,PGMED001,0,5,synthetic
2026-04-23,HOSP_A,PGMED002,Atorvastatin,46,,requested_demand,simulation,PGMED002,0,5,synthetic
2026-04-23,HOSP_A,PGMED003,Normal Saline IV,54,,requested_demand,simulation,PGMED003,0,5,synthetic
2026-04-23,HOSP_A,PGMED004,Paracetamol,74,,requested_demand,simulation,PGMED004,0,5,synthetic
2026-04-23,HOSP_A,PGMED005,Salbutamol,80,,requested_demand,simulation,PGMED005,0,5,synthetic
2026-04-23,HOSP_B,PGMED001,Amoxicillin,46,,requested_demand,simulation,PGMED001,0,5,synthetic
2026-04-23,HOSP_B,PGMED002,Atorvastatin,86,,requested_demand,simulation,PGMED002,1,5,synthetic
2026-04-23,HOSP_B,PGMED003,Normal Saline IV,71,,requested_demand,simulation,PGMED003,0,5,synthetic
2026-04-23,HOSP_B,PGMED004,Paracetamol,91,,requested_demand,simulation,PGMED004,0,5,synthetic
2026-04-23,HOSP_B,PGMED005,Salbutamol,107,,requested_demand,simulation,PGMED005,0,5,synthetic
2026-04-23,HOSP_C,PGMED001,Amoxicillin,51,,requested_demand,simulation,PGMED001,0,5,synthetic
2026-04-23,HOSP_C,PGMED002,Atorvastatin,70,,requested_demand,simulation,PGMED002,0,5,synthetic
2026-04-23,HOSP_C,PGMED003,Normal Saline IV,90,,requested_demand,simulation,PGMED003,0,5,synthetic
2026-04-23,HOSP_C,PGMED004,Paracetamol,106,,requested_demand,simulation,PGMED004,0,5,synthetic
2026-04-23,HOSP_C,PGMED005,Salbutamol,131,,requested_demand,simulation,PGMED005,0,5,synthetic
2026-04-23,HOSP_D,PGMED001,Amoxicillin,68,,requested_demand,simulation,PGMED001,0,5,synthetic
2026-04-23,HOSP_D,PGMED002,Atorvastatin,88,,requested_demand,simulation,PGMED002,0,5,synthetic
2026-04-23,HOSP_D,PGMED003,Normal Saline IV,103,,requested_demand,simulation,PGMED003,0,5,synthetic
2026-04-23,HOSP_D,PGMED004,Paracetamol,136,,requested_demand,simulation,PGMED004,0,5,synthetic
2026-04-23,HOSP_D,PGMED005,Salbutamol,161,,requested_demand,simulation,PGMED005,0,5,synthetic
2026-04-24,HOSP_A,PGMED001,Amoxicillin,30,,requested_demand,simulation,PGMED001,0,5,synthetic
2026-04-24,HOSP_A,PGMED002,Atorvastatin,38,,requested_demand,simulation,PGMED002,0,5,synthetic
2026-04-24,HOSP_A,PGMED003,Normal Saline IV,46,,requested_demand,simulation,PGMED003,0,5,synthetic
2026-04-24,HOSP_A,PGMED004,Paracetamol,59,,requested_demand,simulation,PGMED004,0,5,synthetic
2026-04-24,HOSP_A,PGMED005,Salbutamol,70,,requested_demand,simulation,PGMED005,0,5,synthetic
2026-04-24,HOSP_B,PGMED001,Amoxicillin,40,,requested_demand,simulation,PGMED001,0,5,synthetic
2026-04-24,HOSP_B,PGMED002,Atorvastatin,68,,requested_demand,simulation,PGMED002,1,5,synthetic
2026-04-24,HOSP_B,PGMED003,Normal Saline IV,63,,requested_demand,simulation,PGMED003,0,5,synthetic
2026-04-24,HOSP_B,PGMED004,Paracetamol,79,,requested_demand,simulation,PGMED004,0,5,synthetic
2026-04-24,HOSP_B,PGMED005,Salbutamol,89,,requested_demand,simulation,PGMED005,0,5,synthetic
2026-04-24,HOSP_C,PGMED001,Amoxicillin,45,,requested_demand,simulation,PGMED001,0,5,synthetic
2026-04-24,HOSP_C,PGMED002,Atorvastatin,61,,requested_demand,simulation,PGMED002,0,5,synthetic
2026-04-24,HOSP_C,PGMED003,Normal Saline IV,72,,requested_demand,simulation,PGMED003,0,5,synthetic
2026-04-24,HOSP_C,PGMED004,Paracetamol,98,,requested_demand,simulation,PGMED004,0,5,synthetic
2026-04-24,HOSP_C,PGMED005,Salbutamol,114,,requested_demand,simulation,PGMED005,0,5,synthetic
2026-04-24,HOSP_D,PGMED001,Amoxicillin,55,,requested_demand,simulation,PGMED001,0,5,synthetic
2026-04-24,HOSP_D,PGMED002,Atorvastatin,98,,requested_demand,simulation,PGMED002,1,5,synthetic
2026-04-24,HOSP_D,PGMED003,Normal Saline IV,83,,requested_demand,simulation,PGMED003,0,5,synthetic
2026-04-24,HOSP_D,PGMED004,Paracetamol,113,,requested_demand,simulation,PGMED004,0,5,synthetic
2026-04-24,HOSP_D,PGMED005,Salbutamol,131,,requested_demand,simulation,PGMED005,0,5,synthetic
2026-04-25,HOSP_A,PGMED001,Amoxicillin,24,,requested_demand,simulation,PGMED001,0,5,synthetic
2026-04-25,HOSP_A,PGMED002,Atorvastatin,35,,requested_demand,simulation,PGMED002,0,5,synthetic
2026-04-25,HOSP_A,PGMED003,Normal Saline IV,39,,requested_demand,simulation,PGMED003,0,5,synthetic
2026-04-25,HOSP_A,PGMED004,Paracetamol,50,,requested_demand,simulation,PGMED004,0,5,synthetic
2026-04-25,HOSP_A,PGMED005,Salbutamol,61,,requested_demand,simulation,PGMED005,0,5,synthetic
2026-04-25,HOSP_B,PGMED001,Amoxicillin,33,,requested_demand,simulation,PGMED001,0,5,synthetic
2026-04-25,HOSP_B,PGMED002,Atorvastatin,62,,requested_demand,simulation,PGMED002,1,5,synthetic
2026-04-25,HOSP_B,PGMED003,Normal Saline IV,47,,requested_demand,simulation,PGMED003,0,5,synthetic
2026-04-25,HOSP_B,PGMED004,Paracetamol,62,,requested_demand,simulation,PGMED004,0,5,synthetic
2026-04-25,HOSP_B,PGMED005,Salbutamol,80,,requested_demand,simulation,PGMED005,0,5,synthetic
2026-04-25,HOSP_C,PGMED001,Amoxicillin,38,,requested_demand,simulation,PGMED001,0,5,synthetic
2026-04-25,HOSP_C,PGMED002,Atorvastatin,56,,requested_demand,simulation,PGMED002,0,5,synthetic
2026-04-25,HOSP_C,PGMED003,Normal Saline IV,59,,requested_demand,simulation,PGMED003,0,5,synthetic
2026-04-25,HOSP_C,PGMED004,Paracetamol,82,,requested_demand,simulation,PGMED004,0,5,synthetic
2026-04-25,HOSP_C,PGMED005,Salbutamol,95,,requested_demand,simulation,PGMED005,0,5,synthetic
2026-04-25,HOSP_D,PGMED001,Amoxicillin,48,,requested_demand,simulation,PGMED001,0,5,synthetic
2026-04-25,HOSP_D,PGMED002,Atorvastatin,76,,requested_demand,simulation,PGMED002,1,5,synthetic
2026-04-25,HOSP_D,PGMED003,Normal Saline IV,86,,requested_demand,simulation,PGMED003,0,5,synthetic
2026-04-25,HOSP_D,PGMED004,Paracetamol,83,,requested_demand,simulation,PGMED004,0,5,synthetic
2026-04-25,HOSP_D,PGMED005,Salbutamol,101,,requested_demand,simulation,PGMED005,0,5,synthetic
2026-04-26,HOSP_A,PGMED001,Amoxicillin,29,,requested_demand,simulation,PGMED001,0,5,synthetic
2026-04-26,HOSP_A,PGMED002,Atorvastatin,39,,requested_demand,simulation,PGMED002,0,5,synthetic
2026-04-26,HOSP_A,PGMED003,Normal Saline IV,44,,requested_demand,simulation,PGMED003,0,5,synthetic
2026-04-26,HOSP_A,PGMED004,Paracetamol,57,,requested_demand,simulation,PGMED004,0,5,synthetic
2026-04-26,HOSP_A,PGMED005,Salbutamol,61,,requested_demand,simulation,PGMED005,0,5,synthetic
2026-04-26,HOSP_B,PGMED001,Amoxicillin,35,,requested_demand,simulation,PGMED001,0,5,synthetic
2026-04-26,HOSP_B,PGMED002,Atorvastatin,43,,requested_demand,simulation,PGMED002,0,5,synthetic
2026-04-26,HOSP_B,PGMED003,Normal Saline IV,61,,requested_demand,simulation,PGMED003,0,5,synthetic
2026-04-26,HOSP_B,PGMED004,Paracetamol,74,,requested_demand,simulation,PGMED004,0,5,synthetic
2026-04-26,HOSP_B,PGMED005,Salbutamol,78,,requested_demand,simulation,PGMED005,0,5,synthetic
2026-04-26,HOSP_C,PGMED001,Amoxicillin,43,,requested_demand,simulation,PGMED001,0,5,synthetic
2026-04-26,HOSP_C,PGMED002,Atorvastatin,54,,requested_demand,simulation,PGMED002,0,5,synthetic
2026-04-26,HOSP_C,PGMED003,Normal Saline IV,70,,requested_demand,simulation,PGMED003,0,5,synthetic
2026-04-26,HOSP_C,PGMED004,Paracetamol,81,,requested_demand,simulation,PGMED004,0,5,synthetic
2026-04-26,HOSP_C,PGMED005,Salbutamol,109,,requested_demand,simulation,PGMED005,0,5,synthetic
2026-04-26,HOSP_D,PGMED001,Amoxicillin,51,,requested_demand,simulation,PGMED001,0,5,synthetic
2026-04-26,HOSP_D,PGMED002,Atorvastatin,82,,requested_demand,simulation,PGMED002,1,5,synthetic
2026-04-26,HOSP_D,PGMED003,Normal Saline IV,89,,requested_demand,simulation,PGMED003,0,5,synthetic
2026-04-26,HOSP_D,PGMED004,Paracetamol,97,,requested_demand,simulation,PGMED004,0,5,synthetic
2026-04-26,HOSP_D,PGMED005,Salbutamol,118,,requested_demand,simulation,PGMED005,0,5,synthetic
2026-04-27,HOSP_A,PGMED001,Amoxicillin,32,,requested_demand,simulation,PGMED001,0,5,synthetic
2026-04-27,HOSP_A,PGMED002,Atorvastatin,43,,requested_demand,simulation,PGMED002,0,5,synthetic
2026-04-27,HOSP_A,PGMED003,Normal Saline IV,56,,requested_demand,simulation,PGMED003,0,5,synthetic
2026-04-27,HOSP_A,PGMED004,Paracetamol,66,,requested_demand,simulation,PGMED004,0,5,synthetic
2026-04-27,HOSP_A,PGMED005,Salbutamol,118,,requested_demand,simulation,PGMED005,1,5,synthetic
2026-04-27,HOSP_B,PGMED001,Amoxicillin,37,,requested_demand,simulation,PGMED001,0,5,synthetic
2026-04-27,HOSP_B,PGMED002,Atorvastatin,56,,requested_demand,simulation,PGMED002,0,5,synthetic
2026-04-27,HOSP_B,PGMED003,Normal Saline IV,72,,requested_demand,simulation,PGMED003,0,5,synthetic
2026-04-27,HOSP_B,PGMED004,Paracetamol,76,,requested_demand,simulation,PGMED004,0,5,synthetic
2026-04-27,HOSP_B,PGMED005,Salbutamol,97,,requested_demand,simulation,PGMED005,0,5,synthetic
2026-04-27,HOSP_C,PGMED001,Amoxicillin,50,,requested_demand,simulation,PGMED001,0,5,synthetic
2026-04-27,HOSP_C,PGMED002,Atorvastatin,70,,requested_demand,simulation,PGMED002,0,5,synthetic
2026-04-27,HOSP_C,PGMED003,Normal Saline IV,79,,requested_demand,simulation,PGMED003,0,5,synthetic
2026-04-27,HOSP_C,PGMED004,Paracetamol,95,,requested_demand,simulation,PGMED004,0,5,synthetic
2026-04-27,HOSP_C,PGMED005,Salbutamol,119,,requested_demand,simulation,PGMED005,0,5,synthetic
2026-04-27,HOSP_D,PGMED001,Amoxicillin,59,,requested_demand,simulation,PGMED001,0,5,synthetic
2026-04-27,HOSP_D,PGMED002,Atorvastatin,104,,requested_demand,simulation,PGMED002,1,5,synthetic
2026-04-27,HOSP_D,PGMED003,Normal Saline IV,101,,requested_demand,simulation,PGMED003,0,5,synthetic
2026-04-27,HOSP_D,PGMED004,Paracetamol,119,,requested_demand,simulation,PGMED004,0,5,synthetic
2026-04-27,HOSP_D,PGMED005,Salbutamol,151,,requested_demand,simulation,PGMED005,0,5,synthetic
2026-04-28,HOSP_A,PGMED001,Amoxicillin,37,,requested_demand,simulation,PGMED001,0,5,synthetic
2026-04-28,HOSP_A,PGMED002,Atorvastatin,51,,requested_demand,simulation,PGMED002,0,5,synthetic
2026-04-28,HOSP_A,PGMED003,Normal Saline IV,65,,requested_demand,simulation,PGMED003,0,5,synthetic
2026-04-28,HOSP_A,PGMED004,Paracetamol,70,,requested_demand,simulation,PGMED004,0,5,synthetic
2026-04-28,HOSP_A,PGMED005,Salbutamol,133,,requested_demand,simulation,PGMED005,1,5,synthetic
2026-04-28,HOSP_B,PGMED001,Amoxicillin,46,,requested_demand,simulation,PGMED001,0,5,synthetic
2026-04-28,HOSP_B,PGMED002,Atorvastatin,63,,requested_demand,simulation,PGMED002,0,5,synthetic
2026-04-28,HOSP_B,PGMED003,Normal Saline IV,79,,requested_demand,simulation,PGMED003,0,5,synthetic
2026-04-28,HOSP_B,PGMED004,Paracetamol,97,,requested_demand,simulation,PGMED004,0,5,synthetic
2026-04-28,HOSP_B,PGMED005,Salbutamol,103,,requested_demand,simulation,PGMED005,0,5,synthetic
2026-04-28,HOSP_C,PGMED001,Amoxicillin,54,,requested_demand,simulation,PGMED001,0,5,synthetic
2026-04-28,HOSP_C,PGMED002,Atorvastatin,73,,requested_demand,simulation,PGMED002,0,5,synthetic
2026-04-28,HOSP_C,PGMED003,Normal Saline IV,96,,requested_demand,simulation,PGMED003,0,5,synthetic
2026-04-28,HOSP_C,PGMED004,Paracetamol,106,,requested_demand,simulation,PGMED004,0,5,synthetic
2026-04-28,HOSP_C,PGMED005,Salbutamol,140,,requested_demand,simulation,PGMED005,0,5,synthetic
2026-04-28,HOSP_D,PGMED001,Amoxicillin,65,,requested_demand,simulation,PGMED001,0,5,synthetic
2026-04-28,HOSP_D,PGMED002,Atorvastatin,128,,requested_demand,simulation,PGMED002,1,5,synthetic
2026-04-28,HOSP_D,PGMED003,Normal Saline IV,124,,requested_demand,simulation,PGMED003,0,5,synthetic
2026-04-28,HOSP_D,PGMED004,Paracetamol,141,,requested_demand,simulation,PGMED004,0,5,synthetic
2026-04-28,HOSP_D,PGMED005,Salbutamol,158,,requested_demand,simulation,PGMED005,0,5,synthetic
2026-04-29,HOSP_A,PGMED001,Amoxicillin,37,,requested_demand,simulation,PGMED001,0,5,synthetic
2026-04-29,HOSP_A,PGMED002,Atorvastatin,45,,requested_demand,simulation,PGMED002,0,5,synthetic
2026-04-29,HOSP_A,PGMED003,Normal Saline IV,67,,requested_demand,simulation,PGMED003,0,5,synthetic
2026-04-29,HOSP_A,PGMED004,Paracetamol,78,,requested_demand,simulation,PGMED004,0,5,synthetic
2026-04-29,HOSP_A,PGMED005,Salbutamol,135,,requested_demand,simulation,PGMED005,1,5,synthetic
2026-04-29,HOSP_B,PGMED001,Amoxicillin,50,,requested_demand,simulation,PGMED001,0,5,synthetic
2026-04-29,HOSP_B,PGMED002,Atorvastatin,62,,requested_demand,simulation,PGMED002,0,5,synthetic
2026-04-29,HOSP_B,PGMED003,Normal Saline IV,72,,requested_demand,simulation,PGMED003,0,5,synthetic
2026-04-29,HOSP_B,PGMED004,Paracetamol,100,,requested_demand,simulation,PGMED004,0,5,synthetic
2026-04-29,HOSP_B,PGMED005,Salbutamol,117,,requested_demand,simulation,PGMED005,0,5,synthetic
2026-04-29,HOSP_C,PGMED001,Amoxicillin,58,,requested_demand,simulation,PGMED001,0,5,synthetic
2026-04-29,HOSP_C,PGMED002,Atorvastatin,81,,requested_demand,simulation,PGMED002,0,5,synthetic
2026-04-29,HOSP_C,PGMED003,Normal Saline IV,95,,requested_demand,simulation,PGMED003,0,5,synthetic
2026-04-29,HOSP_C,PGMED004,Paracetamol,122,,requested_demand,simulation,PGMED004,0,5,synthetic
2026-04-29,HOSP_C,PGMED005,Salbutamol,134,,requested_demand,simulation,PGMED005,0,5,synthetic
2026-04-29,HOSP_D,PGMED001,Amoxicillin,67,,requested_demand,simulation,PGMED001,0,5,synthetic
2026-04-29,HOSP_D,PGMED002,Atorvastatin,130,,requested_demand,simulation,PGMED002,1,5,synthetic
2026-04-29,HOSP_D,PGMED003,Normal Saline IV,116,,requested_demand,simulation,PGMED003,0,5,synthetic
2026-04-29,HOSP_D,PGMED004,Paracetamol,147,,requested_demand,simulation,PGMED004,0,5,synthetic
2026-04-29,HOSP_D,PGMED005,Salbutamol,168,,requested_demand,simulation,PGMED005,0,5,synthetic
2026-04-30,HOSP_A,PGMED001,Amoxicillin,37,,requested_demand,simulation,PGMED001,0,5,synthetic
2026-04-30,HOSP_A,PGMED002,Atorvastatin,46,,requested_demand,simulation,PGMED002,0,5,synthetic
2026-04-30,HOSP_A,PGMED003,Normal Saline IV,55,,requested_demand,simulation,PGMED003,0,5,synthetic
2026-04-30,HOSP_A,PGMED004,Paracetamol,72,,requested_demand,simulation,PGMED004,0,5,synthetic
2026-04-30,HOSP_A,PGMED005,Salbutamol,114,,requested_demand,simulation,PGMED005,1,5,synthetic
2026-04-30,HOSP_B,PGMED001,Amoxicillin,45,,requested_demand,simulation,PGMED001,0,5,synthetic
2026-04-30,HOSP_B,PGMED002,Atorvastatin,58,,requested_demand,simulation,PGMED002,0,5,synthetic
2026-04-30,HOSP_B,PGMED003,Normal Saline IV,71,,requested_demand,simulation,PGMED003,0,5,synthetic
2026-04-30,HOSP_B,PGMED004,Paracetamol,87,,requested_demand,simulation,PGMED004,0,5,synthetic
2026-04-30,HOSP_B,PGMED005,Salbutamol,109,,requested_demand,simulation,PGMED005,0,5,synthetic
2026-04-30,HOSP_C,PGMED001,Amoxicillin,56,,requested_demand,simulation,PGMED001,0,5,synthetic
2026-04-30,HOSP_C,PGMED002,Atorvastatin,76,,requested_demand,simulation,PGMED002,0,5,synthetic
2026-04-30,HOSP_C,PGMED003,Normal Saline IV,85,,requested_demand,simulation,PGMED003,0,5,synthetic
2026-04-30,HOSP_C,PGMED004,Paracetamol,107,,requested_demand,simulation,PGMED004,0,5,synthetic
2026-04-30,HOSP_C,PGMED005,Salbutamol,143,,requested_demand,simulation,PGMED005,0,5,synthetic
2026-04-30,HOSP_D,PGMED001,Amoxicillin,60,,requested_demand,simulation,PGMED001,0,5,synthetic
2026-04-30,HOSP_D,PGMED002,Atorvastatin,119,,requested_demand,simulation,PGMED002,1,5,synthetic
2026-04-30,HOSP_D,PGMED003,Normal Saline IV,124,,requested_demand,simulation,PGMED003,0,5,synthetic
2026-04-30,HOSP_D,PGMED004,Paracetamol,130,,requested_demand,simulation,PGMED004,0,5,synthetic
2026-04-30,HOSP_D,PGMED005,Salbutamol,154,,requested_demand,simulation,PGMED005,0,5,synthetic
2026-05-01,HOSP_A,PGMED001,Amoxicillin,29,,requested_demand,simulation,PGMED001,0,5,synthetic
2026-05-01,HOSP_A,PGMED002,Atorvastatin,37,,requested_demand,simulation,PGMED002,0,5,synthetic
2026-05-01,HOSP_A,PGMED003,Normal Saline IV,43,,requested_demand,simulation,PGMED003,0,5,synthetic
2026-05-01,HOSP_A,PGMED004,Paracetamol,56,,requested_demand,simulation,PGMED004,0,5,synthetic
2026-05-01,HOSP_A,PGMED005,Salbutamol,103,,requested_demand,simulation,PGMED005,1,5,synthetic
2026-05-01,HOSP_B,PGMED001,Amoxicillin,37,,requested_demand,simulation,PGMED001,0,5,synthetic
2026-05-01,HOSP_B,PGMED002,Atorvastatin,49,,requested_demand,simulation,PGMED002,0,5,synthetic
2026-05-01,HOSP_B,PGMED003,Normal Saline IV,68,,requested_demand,simulation,PGMED003,0,5,synthetic
2026-05-01,HOSP_B,PGMED004,Paracetamol,75,,requested_demand,simulation,PGMED004,0,5,synthetic
2026-05-01,HOSP_B,PGMED005,Salbutamol,88,,requested_demand,simulation,PGMED005,0,5,synthetic
2026-05-01,HOSP_C,PGMED001,Amoxicillin,46,,requested_demand,simulation,PGMED001,0,5,synthetic
2026-05-01,HOSP_C,PGMED002,Atorvastatin,63,,requested_demand,simulation,PGMED002,0,5,synthetic
2026-05-01,HOSP_C,PGMED003,Normal Saline IV,77,,requested_demand,simulation,PGMED003,0,5,synthetic
2026-05-01,HOSP_C,PGMED004,Paracetamol,78,,requested_demand,simulation,PGMED004,0,5,synthetic
2026-05-01,HOSP_C,PGMED005,Salbutamol,110,,requested_demand,simulation,PGMED005,0,5,synthetic
2026-05-01,HOSP_D,PGMED001,Amoxicillin,61,,requested_demand,simulation,PGMED001,0,5,synthetic
2026-05-01,HOSP_D,PGMED002,Atorvastatin,108,,requested_demand,simulation,PGMED002,1,5,synthetic
2026-05-01,HOSP_D,PGMED003,Normal Saline IV,88,,requested_demand,simulation,PGMED003,0,5,synthetic
2026-05-01,HOSP_D,PGMED004,Paracetamol,111,,requested_demand,simulation,PGMED004,0,5,synthetic
2026-05-01,HOSP_D,PGMED005,Salbutamol,117,,requested_demand,simulation,PGMED005,0,5,synthetic
2026-05-02,HOSP_A,PGMED001,Amoxicillin,25,,requested_demand,simulation,PGMED001,0,5,synthetic
2026-05-02,HOSP_A,PGMED002,Atorvastatin,31,,requested_demand,simulation,PGMED002,0,5,synthetic
2026-05-02,HOSP_A,PGMED003,Normal Saline IV,45,,requested_demand,simulation,PGMED003,0,5,synthetic
2026-05-02,HOSP_A,PGMED004,Paracetamol,54,,requested_demand,simulation,PGMED004,0,5,synthetic
2026-05-02,HOSP_A,PGMED005,Salbutamol,65,,requested_demand,simulation,PGMED005,0,5,synthetic
2026-05-02,HOSP_B,PGMED001,Amoxicillin,34,,requested_demand,simulation,PGMED001,0,5,synthetic
2026-05-02,HOSP_B,PGMED002,Atorvastatin,43,,requested_demand,simulation,PGMED002,0,5,synthetic
2026-05-02,HOSP_B,PGMED003,Normal Saline IV,44,,requested_demand,simulation,PGMED003,0,5,synthetic
2026-05-02,HOSP_B,PGMED004,Paracetamol,63,,requested_demand,simulation,PGMED004,0,5,synthetic
2026-05-02,HOSP_B,PGMED005,Salbutamol,69,,requested_demand,simulation,PGMED005,0,5,synthetic
2026-05-02,HOSP_C,PGMED001,Amoxicillin,35,,requested_demand,simulation,PGMED001,0,5,synthetic
2026-05-02,HOSP_C,PGMED002,Atorvastatin,61,,requested_demand,simulation,PGMED002,0,5,synthetic
2026-05-02,HOSP_C,PGMED003,Normal Saline IV,68,,requested_demand,simulation,PGMED003,0,5,synthetic
2026-05-02,HOSP_C,PGMED004,Paracetamol,78,,requested_demand,simulation,PGMED004,0,5,synthetic
2026-05-02,HOSP_C,PGMED005,Salbutamol,99,,requested_demand,simulation,PGMED005,0,5,synthetic
2026-05-02,HOSP_D,PGMED001,Amoxicillin,48,,requested_demand,simulation,PGMED001,0,5,synthetic
2026-05-02,HOSP_D,PGMED002,Atorvastatin,57,,requested_demand,simulation,PGMED002,0,5,synthetic
2026-05-02,HOSP_D,PGMED003,Normal Saline IV,80,,requested_demand,simulation,PGMED003,0,5,synthetic
2026-05-02,HOSP_D,PGMED004,Paracetamol,95,,requested_demand,simulation,PGMED004,0,5,synthetic
2026-05-02,HOSP_D,PGMED005,Salbutamol,115,,requested_demand,simulation,PGMED005,0,5,synthetic
2026-05-03,HOSP_A,PGMED001,Amoxicillin,27,,requested_demand,simulation,PGMED001,0,5,synthetic
2026-05-03,HOSP_A,PGMED002,Atorvastatin,34,,requested_demand,simulation,PGMED002,0,5,synthetic
2026-05-03,HOSP_A,PGMED003,Normal Saline IV,45,,requested_demand,simulation,PGMED003,0,5,synthetic
2026-05-03,HOSP_A,PGMED004,Paracetamol,50,,requested_demand,simulation,PGMED004,0,5,synthetic
2026-05-03,HOSP_A,PGMED005,Salbutamol,68,,requested_demand,simulation,PGMED005,0,5,synthetic
2026-05-03,HOSP_B,PGMED001,Amoxicillin,35,,requested_demand,simulation,PGMED001,0,5,synthetic
2026-05-03,HOSP_B,PGMED002,Atorvastatin,52,,requested_demand,simulation,PGMED002,0,5,synthetic
2026-05-03,HOSP_B,PGMED003,Normal Saline IV,57,,requested_demand,simulation,PGMED003,0,5,synthetic
2026-05-03,HOSP_B,PGMED004,Paracetamol,64,,requested_demand,simulation,PGMED004,0,5,synthetic
2026-05-03,HOSP_B,PGMED005,Salbutamol,88,,requested_demand,simulation,PGMED005,0,5,synthetic
2026-05-03,HOSP_C,PGMED001,Amoxicillin,43,,requested_demand,simulation,PGMED001,0,5,synthetic
2026-05-03,HOSP_C,PGMED002,Atorvastatin,53,,requested_demand,simulation,PGMED002,0,5,synthetic
2026-05-03,HOSP_C,PGMED003,Normal Saline IV,73,,requested_demand,simulation,PGMED003,0,5,synthetic
2026-05-03,HOSP_C,PGMED004,Paracetamol,79,,requested_demand,simulation,PGMED004,0,5,synthetic
2026-05-03,HOSP_C,PGMED005,Salbutamol,88,,requested_demand,simulation,PGMED005,0,5,synthetic
2026-05-03,HOSP_D,PGMED001,Amoxicillin,46,,requested_demand,simulation,PGMED001,0,5,synthetic
2026-05-03,HOSP_D,PGMED002,Atorvastatin,65,,requested_demand,simulation,PGMED002,0,5,synthetic
2026-05-03,HOSP_D,PGMED003,Normal Saline IV,80,,requested_demand,simulation,PGMED003,0,5,synthetic
2026-05-03,HOSP_D,PGMED004,Paracetamol,94,,requested_demand,simulation,PGMED004,0,5,synthetic
2026-05-03,HOSP_D,PGMED005,Salbutamol,105,,requested_demand,simulation,PGMED005,0,5,synthetic
2026-05-04,HOSP_A,PGMED001,Amoxicillin,33,,requested_demand,simulation,PGMED001,0,5,synthetic
2026-05-04,HOSP_A,PGMED002,Atorvastatin,42,,requested_demand,simulation,PGMED002,0,5,synthetic
2026-05-04,HOSP_A,PGMED003,Normal Saline IV,57,,requested_demand,simulation,PGMED003,0,5,synthetic
2026-05-04,HOSP_A,PGMED004,Paracetamol,71,,requested_demand,simulation,PGMED004,0,5,synthetic
2026-05-04,HOSP_A,PGMED005,Salbutamol,83,,requested_demand,simulation,PGMED005,0,5,synthetic
2026-05-04,HOSP_B,PGMED001,Amoxicillin,43,,requested_demand,simulation,PGMED001,0,5,synthetic
2026-05-04,HOSP_B,PGMED002,Atorvastatin,54,,requested_demand,simulation,PGMED002,0,5,synthetic
2026-05-04,HOSP_B,PGMED003,Normal Saline IV,64,,requested_demand,simulation,PGMED003,0,5,synthetic
2026-05-04,HOSP_B,PGMED004,Paracetamol,81,,requested_demand,simulation,PGMED004,0,5,synthetic
2026-05-04,HOSP_B,PGMED005,Salbutamol,100,,requested_demand,simulation,PGMED005,0,5,synthetic
2026-05-04,HOSP_C,PGMED001,Amoxicillin,46,,requested_demand,simulation,PGMED001,0,5,synthetic
2026-05-04,HOSP_C,PGMED002,Atorvastatin,61,,requested_demand,simulation,PGMED002,0,5,synthetic
2026-05-04,HOSP_C,PGMED003,Normal Saline IV,94,,requested_demand,simulation,PGMED003,0,5,synthetic
2026-05-04,HOSP_C,PGMED004,Paracetamol,110,,requested_demand,simulation,PGMED004,0,5,synthetic
2026-05-04,HOSP_C,PGMED005,Salbutamol,111,,requested_demand,simulation,PGMED005,0,5,synthetic
2026-05-04,HOSP_D,PGMED001,Amoxicillin,58,,requested_demand,simulation,PGMED001,0,5,synthetic
2026-05-04,HOSP_D,PGMED002,Atorvastatin,79,,requested_demand,simulation,PGMED002,0,5,synthetic
2026-05-04,HOSP_D,PGMED003,Normal Saline IV,100,,requested_demand,simulation,PGMED003,0,5,synthetic
2026-05-04,HOSP_D,PGMED004,Paracetamol,116,,requested_demand,simulation,PGMED004,0,5,synthetic
2026-05-04,HOSP_D,PGMED005,Salbutamol,133,,requested_demand,simulation,PGMED005,0,5,synthetic
2026-05-05,HOSP_A,PGMED001,Amoxicillin,38,,requested_demand,simulation,PGMED001,0,5,synthetic
2026-05-05,HOSP_A,PGMED002,Atorvastatin,51,,requested_demand,simulation,PGMED002,0,5,synthetic
2026-05-05,HOSP_A,PGMED003,Normal Saline IV,66,,requested_demand,simulation,PGMED003,0,5,synthetic
2026-05-05,HOSP_A,PGMED004,Paracetamol,81,,requested_demand,simulation,PGMED004,0,5,synthetic
2026-05-05,HOSP_A,PGMED005,Salbutamol,93,,requested_demand,simulation,PGMED005,0,5,synthetic
2026-05-05,HOSP_B,PGMED001,Amoxicillin,47,,requested_demand,simulation,PGMED001,0,5,synthetic
2026-05-05,HOSP_B,PGMED002,Atorvastatin,62,,requested_demand,simulation,PGMED002,0,5,synthetic
2026-05-05,HOSP_B,PGMED003,Normal Saline IV,84,,requested_demand,simulation,PGMED003,0,5,synthetic
2026-05-05,HOSP_B,PGMED004,Paracetamol,90,,requested_demand,simulation,PGMED004,0,5,synthetic
2026-05-05,HOSP_B,PGMED005,Salbutamol,109,,requested_demand,simulation,PGMED005,0,5,synthetic
2026-05-05,HOSP_C,PGMED001,Amoxicillin,60,,requested_demand,simulation,PGMED001,0,5,synthetic
2026-05-05,HOSP_C,PGMED002,Atorvastatin,73,,requested_demand,simulation,PGMED002,0,5,synthetic
2026-05-05,HOSP_C,PGMED003,Normal Saline IV,97,,requested_demand,simulation,PGMED003,0,5,synthetic
2026-05-05,HOSP_C,PGMED004,Paracetamol,106,,requested_demand,simulation,PGMED004,0,5,synthetic
2026-05-05,HOSP_C,PGMED005,Salbutamol,144,,requested_demand,simulation,PGMED005,0,5,synthetic
2026-05-05,HOSP_D,PGMED001,Amoxicillin,62,,requested_demand,simulation,PGMED001,0,5,synthetic
2026-05-05,HOSP_D,PGMED002,Atorvastatin,87,,requested_demand,simulation,PGMED002,0,5,synthetic
2026-05-05,HOSP_D,PGMED003,Normal Saline IV,118,,requested_demand,simulation,PGMED003,0,5,synthetic
2026-05-05,HOSP_D,PGMED004,Paracetamol,136,,requested_demand,simulation,PGMED004,0,5,synthetic
2026-05-05,HOSP_D,PGMED005,Salbutamol,168,,requested_demand,simulation,PGMED005,0,5,synthetic
2026-05-06,HOSP_A,PGMED001,Amoxicillin,40,,requested_demand,simulation,PGMED001,0,5,synthetic
2026-05-06,HOSP_A,PGMED002,Atorvastatin,47,,requested_demand,simulation,PGMED002,0,5,synthetic
2026-05-06,HOSP_A,PGMED003,Normal Saline IV,67,,requested_demand,simulation,PGMED003,0,5,synthetic
2026-05-06,HOSP_A,PGMED004,Paracetamol,77,,requested_demand,simulation,PGMED004,0,5,synthetic
2026-05-06,HOSP_A,PGMED005,Salbutamol,96,,requested_demand,simulation,PGMED005,0,5,synthetic
2026-05-06,HOSP_B,PGMED001,Amoxicillin,47,,requested_demand,simulation,PGMED001,0,5,synthetic
2026-05-06,HOSP_B,PGMED002,Atorvastatin,58,,requested_demand,simulation,PGMED002,0,5,synthetic
2026-05-06,HOSP_B,PGMED003,Normal Saline IV,80,,requested_demand,simulation,PGMED003,0,5,synthetic
2026-05-06,HOSP_B,PGMED004,Paracetamol,100,,requested_demand,simulation,PGMED004,0,5,synthetic
2026-05-06,HOSP_B,PGMED005,Salbutamol,115,,requested_demand,simulation,PGMED005,0,5,synthetic
2026-05-06,HOSP_C,PGMED001,Amoxicillin,61,,requested_demand,simulation,PGMED001,0,5,synthetic
2026-05-06,HOSP_C,PGMED002,Atorvastatin,82,,requested_demand,simulation,PGMED002,0,5,synthetic
2026-05-06,HOSP_C,PGMED003,Normal Saline IV,102,,requested_demand,simulation,PGMED003,0,5,synthetic
2026-05-06,HOSP_C,PGMED004,Paracetamol,112,,requested_demand,simulation,PGMED004,0,5,synthetic
2026-05-06,HOSP_C,PGMED005,Salbutamol,142,,requested_demand,simulation,PGMED005,0,5,synthetic
2026-05-06,HOSP_D,PGMED001,Amoxicillin,73,,requested_demand,simulation,PGMED001,0,5,synthetic
2026-05-06,HOSP_D,PGMED002,Atorvastatin,93,,requested_demand,simulation,PGMED002,0,5,synthetic
2026-05-06,HOSP_D,PGMED003,Normal Saline IV,116,,requested_demand,simulation,PGMED003,0,5,synthetic
2026-05-06,HOSP_D,PGMED004,Paracetamol,196,,requested_demand,simulation,PGMED004,1,5,synthetic
2026-05-06,HOSP_D,PGMED005,Salbutamol,168,,requested_demand,simulation,PGMED005,0,5,synthetic
2026-05-07,HOSP_A,PGMED001,Amoxicillin,36,,requested_demand,simulation,PGMED001,0,5,synthetic
2026-05-07,HOSP_A,PGMED002,Atorvastatin,46,,requested_demand,simulation,PGMED002,0,5,synthetic
2026-05-07,HOSP_A,PGMED003,Normal Saline IV,63,,requested_demand,simulation,PGMED003,0,5,synthetic
2026-05-07,HOSP_A,PGMED004,Paracetamol,73,,requested_demand,simulation,PGMED004,0,5,synthetic
2026-05-07,HOSP_A,PGMED005,Salbutamol,88,,requested_demand,simulation,PGMED005,0,5,synthetic
2026-05-07,HOSP_B,PGMED001,Amoxicillin,44,,requested_demand,simulation,PGMED001,0,5,synthetic
2026-05-07,HOSP_B,PGMED002,Atorvastatin,56,,requested_demand,simulation,PGMED002,0,5,synthetic
2026-05-07,HOSP_B,PGMED003,Normal Saline IV,77,,requested_demand,simulation,PGMED003,0,5,synthetic
2026-05-07,HOSP_B,PGMED004,Paracetamol,84,,requested_demand,simulation,PGMED004,0,5,synthetic
2026-05-07,HOSP_B,PGMED005,Salbutamol,98,,requested_demand,simulation,PGMED005,0,5,synthetic
2026-05-07,HOSP_C,PGMED001,Amoxicillin,54,,requested_demand,simulation,PGMED001,0,5,synthetic
2026-05-07,HOSP_C,PGMED002,Atorvastatin,75,,requested_demand,simulation,PGMED002,0,5,synthetic
2026-05-07,HOSP_C,PGMED003,Normal Saline IV,85,,requested_demand,simulation,PGMED003,0,5,synthetic
2026-05-07,HOSP_C,PGMED004,Paracetamol,116,,requested_demand,simulation,PGMED004,0,5,synthetic
2026-05-07,HOSP_C,PGMED005,Salbutamol,114,,requested_demand,simulation,PGMED005,0,5,synthetic
2026-05-07,HOSP_D,PGMED001,Amoxicillin,59,,requested_demand,simulation,PGMED001,0,5,synthetic
2026-05-07,HOSP_D,PGMED002,Atorvastatin,77,,requested_demand,simulation,PGMED002,0,5,synthetic
2026-05-07,HOSP_D,PGMED003,Normal Saline IV,117,,requested_demand,simulation,PGMED003,0,5,synthetic
2026-05-07,HOSP_D,PGMED004,Paracetamol,165,,requested_demand,simulation,PGMED004,1,5,synthetic
2026-05-07,HOSP_D,PGMED005,Salbutamol,147,,requested_demand,simulation,PGMED005,0,5,synthetic
2026-05-08,HOSP_A,PGMED001,Amoxicillin,34,,requested_demand,simulation,PGMED001,0,5,synthetic
2026-05-08,HOSP_A,PGMED002,Atorvastatin,37,,requested_demand,simulation,PGMED002,0,5,synthetic
2026-05-08,HOSP_A,PGMED003,Normal Saline IV,51,,requested_demand,simulation,PGMED003,0,5,synthetic
2026-05-08,HOSP_A,PGMED004,Paracetamol,51,,requested_demand,simulation,PGMED004,0,5,synthetic
2026-05-08,HOSP_A,PGMED005,Salbutamol,73,,requested_demand,simulation,PGMED005,0,5,synthetic
2026-05-08,HOSP_B,PGMED001,Amoxicillin,29,,requested_demand,simulation,PGMED001,0,5,synthetic
2026-05-08,HOSP_B,PGMED002,Atorvastatin,49,,requested_demand,simulation,PGMED002,0,5,synthetic
2026-05-08,HOSP_B,PGMED003,Normal Saline IV,66,,requested_demand,simulation,PGMED003,0,5,synthetic
2026-05-08,HOSP_B,PGMED004,Paracetamol,79,,requested_demand,simulation,PGMED004,0,5,synthetic
2026-05-08,HOSP_B,PGMED005,Salbutamol,83,,requested_demand,simulation,PGMED005,0,5,synthetic
2026-05-08,HOSP_C,PGMED001,Amoxicillin,45,,requested_demand,simulation,PGMED001,0,5,synthetic
2026-05-08,HOSP_C,PGMED002,Atorvastatin,62,,requested_demand,simulation,PGMED002,0,5,synthetic
2026-05-08,HOSP_C,PGMED003,Normal Saline IV,69,,requested_demand,simulation,PGMED003,0,5,synthetic
2026-05-08,HOSP_C,PGMED004,Paracetamol,100,,requested_demand,simulation,PGMED004,0,5,synthetic
2026-05-08,HOSP_C,PGMED005,Salbutamol,114,,requested_demand,simulation,PGMED005,0,5,synthetic
2026-05-08,HOSP_D,PGMED001,Amoxicillin,53,,requested_demand,simulation,PGMED001,0,5,synthetic
2026-05-08,HOSP_D,PGMED002,Atorvastatin,78,,requested_demand,simulation,PGMED002,0,5,synthetic
2026-05-08,HOSP_D,PGMED003,Normal Saline IV,91,,requested_demand,simulation,PGMED003,0,5,synthetic
2026-05-08,HOSP_D,PGMED004,Paracetamol,147,,requested_demand,simulation,PGMED004,1,5,synthetic
2026-05-08,HOSP_D,PGMED005,Salbutamol,129,,requested_demand,simulation,PGMED005,0,5,synthetic
2026-05-09,HOSP_A,PGMED001,Amoxicillin,25,,requested_demand,simulation,PGMED001,0,5,synthetic
2026-05-09,HOSP_A,PGMED002,Atorvastatin,33,,requested_demand,simulation,PGMED002,0,5,synthetic
2026-05-09,HOSP_A,PGMED003,Normal Saline IV,46,,requested_demand,simulation,PGMED003,0,5,synthetic
2026-05-09,HOSP_A,PGMED004,Paracetamol,48,,requested_demand,simulation,PGMED004,0,5,synthetic
2026-05-09,HOSP_A,PGMED005,Salbutamol,55,,requested_demand,simulation,PGMED005,0,5,synthetic
2026-05-09,HOSP_B,PGMED001,Amoxicillin,33,,requested_demand,simulation,PGMED001,0,5,synthetic
2026-05-09,HOSP_B,PGMED002,Atorvastatin,42,,requested_demand,simulation,PGMED002,0,5,synthetic
2026-05-09,HOSP_B,PGMED003,Normal Saline IV,64,,requested_demand,simulation,PGMED003,0,5,synthetic
2026-05-09,HOSP_B,PGMED004,Paracetamol,61,,requested_demand,simulation,PGMED004,0,5,synthetic
2026-05-09,HOSP_B,PGMED005,Salbutamol,76,,requested_demand,simulation,PGMED005,0,5,synthetic
2026-05-09,HOSP_C,PGMED001,Amoxicillin,39,,requested_demand,simulation,PGMED001,0,5,synthetic
2026-05-09,HOSP_C,PGMED002,Atorvastatin,50,,requested_demand,simulation,PGMED002,0,5,synthetic
2026-05-09,HOSP_C,PGMED003,Normal Saline IV,75,,requested_demand,simulation,PGMED003,0,5,synthetic
2026-05-09,HOSP_C,PGMED004,Paracetamol,77,,requested_demand,simulation,PGMED004,0,5,synthetic
2026-05-09,HOSP_C,PGMED005,Salbutamol,91,,requested_demand,simulation,PGMED005,0,5,synthetic
2026-05-09,HOSP_D,PGMED001,Amoxicillin,49,,requested_demand,simulation,PGMED001,0,5,synthetic
2026-05-09,HOSP_D,PGMED002,Atorvastatin,60,,requested_demand,simulation,PGMED002,0,5,synthetic
2026-05-09,HOSP_D,PGMED003,Normal Saline IV,80,,requested_demand,simulation,PGMED003,0,5,synthetic
2026-05-09,HOSP_D,PGMED004,Paracetamol,133,,requested_demand,simulation,PGMED004,1,5,synthetic
2026-05-09,HOSP_D,PGMED005,Salbutamol,110,,requested_demand,simulation,PGMED005,0,5,synthetic
2026-05-10,HOSP_A,PGMED001,Amoxicillin,27,,requested_demand,simulation,PGMED001,0,5,synthetic
2026-05-10,HOSP_A,PGMED002,Atorvastatin,38,,requested_demand,simulation,PGMED002,0,5,synthetic
2026-05-10,HOSP_A,PGMED003,Normal Saline IV,45,,requested_demand,simulation,PGMED003,0,5,synthetic
2026-05-10,HOSP_A,PGMED004,Paracetamol,54,,requested_demand,simulation,PGMED004,0,5,synthetic
2026-05-10,HOSP_A,PGMED005,Salbutamol,66,,requested_demand,simulation,PGMED005,0,5,synthetic
2026-05-10,HOSP_B,PGMED001,Amoxicillin,25,,requested_demand,simulation,PGMED001,0,5,synthetic
2026-05-10,HOSP_B,PGMED002,Atorvastatin,50,,requested_demand,simulation,PGMED002,0,5,synthetic
2026-05-10,HOSP_B,PGMED003,Normal Saline IV,58,,requested_demand,simulation,PGMED003,0,5,synthetic
2026-05-10,HOSP_B,PGMED004,Paracetamol,67,,requested_demand,simulation,PGMED004,0,5,synthetic
2026-05-10,HOSP_B,PGMED005,Salbutamol,90,,requested_demand,simulation,PGMED005,0,5,synthetic
2026-05-10,HOSP_C,PGMED001,Amoxicillin,43,,requested_demand,simulation,PGMED001,0,5,synthetic
2026-05-10,HOSP_C,PGMED002,Atorvastatin,60,,requested_demand,simulation,PGMED002,0,5,synthetic
2026-05-10,HOSP_C,PGMED003,Normal Saline IV,65,,requested_demand,simulation,PGMED003,0,5,synthetic
2026-05-10,HOSP_C,PGMED004,Paracetamol,81,,requested_demand,simulation,PGMED004,0,5,synthetic
2026-05-10,HOSP_C,PGMED005,Salbutamol,109,,requested_demand,simulation,PGMED005,0,5,synthetic
2026-05-10,HOSP_D,PGMED001,Amoxicillin,49,,requested_demand,simulation,PGMED001,0,5,synthetic
2026-05-10,HOSP_D,PGMED002,Atorvastatin,75,,requested_demand,simulation,PGMED002,0,5,synthetic
2026-05-10,HOSP_D,PGMED003,Normal Saline IV,77,,requested_demand,simulation,PGMED003,0,5,synthetic
2026-05-10,HOSP_D,PGMED004,Paracetamol,137,,requested_demand,simulation,PGMED004,1,5,synthetic
2026-05-10,HOSP_D,PGMED005,Salbutamol,116,,requested_demand,simulation,PGMED005,0,5,synthetic
2026-05-11,HOSP_A,PGMED001,Amoxicillin,31,,requested_demand,simulation,PGMED001,0,5,synthetic
2026-05-11,HOSP_A,PGMED002,Atorvastatin,44,,requested_demand,simulation,PGMED002,0,5,synthetic
2026-05-11,HOSP_A,PGMED003,Normal Saline IV,55,,requested_demand,simulation,PGMED003,0,5,synthetic
2026-05-11,HOSP_A,PGMED004,Paracetamol,62,,requested_demand,simulation,PGMED004,0,5,synthetic
2026-05-11,HOSP_A,PGMED005,Salbutamol,75,,requested_demand,simulation,PGMED005,0,5,synthetic
2026-05-11,HOSP_B,PGMED001,Amoxicillin,36,,requested_demand,simulation,PGMED001,0,5,synthetic
2026-05-11,HOSP_B,PGMED002,Atorvastatin,54,,requested_demand,simulation,PGMED002,0,5,synthetic
2026-05-11,HOSP_B,PGMED003,Normal Saline IV,71,,requested_demand,simulation,PGMED003,0,5,synthetic
2026-05-11,HOSP_B,PGMED004,Paracetamol,79,,requested_demand,simulation,PGMED004,0,5,synthetic
2026-05-11,HOSP_B,PGMED005,Salbutamol,94,,requested_demand,simulation,PGMED005,0,5,synthetic
2026-05-11,HOSP_C,PGMED001,Amoxicillin,48,,requested_demand,simulation,PGMED001,0,5,synthetic
2026-05-11,HOSP_C,PGMED002,Atorvastatin,62,,requested_demand,simulation,PGMED002,0,5,synthetic
2026-05-11,HOSP_C,PGMED003,Normal Saline IV,78,,requested_demand,simulation,PGMED003,0,5,synthetic
2026-05-11,HOSP_C,PGMED004,Paracetamol,104,,requested_demand,simulation,PGMED004,0,5,synthetic
2026-05-11,HOSP_C,PGMED005,Salbutamol,117,,requested_demand,simulation,PGMED005,0,5,synthetic
2026-05-11,HOSP_D,PGMED001,Amoxicillin,57,,requested_demand,simulation,PGMED001,0,5,synthetic
2026-05-11,HOSP_D,PGMED002,Atorvastatin,78,,requested_demand,simulation,PGMED002,0,5,synthetic
2026-05-11,HOSP_D,PGMED003,Normal Saline IV,101,,requested_demand,simulation,PGMED003,0,5,synthetic
2026-05-11,HOSP_D,PGMED004,Paracetamol,116,,requested_demand,simulation,PGMED004,0,5,synthetic
2026-05-11,HOSP_D,PGMED005,Salbutamol,143,,requested_demand,simulation,PGMED005,0,5,synthetic
2026-05-12,HOSP_A,PGMED001,Amoxicillin,39,,requested_demand,simulation,PGMED001,0,5,synthetic
2026-05-12,HOSP_A,PGMED002,Atorvastatin,52,,requested_demand,simulation,PGMED002,0,5,synthetic
2026-05-12,HOSP_A,PGMED003,Normal Saline IV,65,,requested_demand,simulation,PGMED003,0,5,synthetic
2026-05-12,HOSP_A,PGMED004,Paracetamol,79,,requested_demand,simulation,PGMED004,0,5,synthetic
2026-05-12,HOSP_A,PGMED005,Salbutamol,84,,requested_demand,simulation,PGMED005,0,5,synthetic
2026-05-12,HOSP_B,PGMED001,Amoxicillin,47,,requested_demand,simulation,PGMED001,0,5,synthetic
2026-05-12,HOSP_B,PGMED002,Atorvastatin,67,,requested_demand,simulation,PGMED002,0,5,synthetic
2026-05-12,HOSP_B,PGMED003,Normal Saline IV,74,,requested_demand,simulation,PGMED003,0,5,synthetic
2026-05-12,HOSP_B,PGMED004,Paracetamol,102,,requested_demand,simulation,PGMED004,0,5,synthetic
2026-05-12,HOSP_B,PGMED005,Salbutamol,117,,requested_demand,simulation,PGMED005,0,5,synthetic
2026-05-12,HOSP_C,PGMED001,Amoxicillin,57,,requested_demand,simulation,PGMED001,0,5,synthetic
2026-05-12,HOSP_C,PGMED002,Atorvastatin,82,,requested_demand,simulation,PGMED002,0,5,synthetic
2026-05-12,HOSP_C,PGMED003,Normal Saline IV,96,,requested_demand,simulation,PGMED003,0,5,synthetic
2026-05-12,HOSP_C,PGMED004,Paracetamol,103,,requested_demand,simulation,PGMED004,0,5,synthetic
2026-05-12,HOSP_C,PGMED005,Salbutamol,137,,requested_demand,simulation,PGMED005,0,5,synthetic
2026-05-12,HOSP_D,PGMED001,Amoxicillin,66,,requested_demand,simulation,PGMED001,0,5,synthetic
2026-05-12,HOSP_D,PGMED002,Atorvastatin,95,,requested_demand,simulation,PGMED002,0,5,synthetic
2026-05-12,HOSP_D,PGMED003,Normal Saline IV,113,,requested_demand,simulation,PGMED003,0,5,synthetic
2026-05-12,HOSP_D,PGMED004,Paracetamol,139,,requested_demand,simulation,PGMED004,0,5,synthetic
2026-05-12,HOSP_D,PGMED005,Salbutamol,153,,requested_demand,simulation,PGMED005,0,5,synthetic
2026-05-13,HOSP_A,PGMED001,Amoxicillin,41,,requested_demand,simulation,PGMED001,0,5,synthetic
2026-05-13,HOSP_A,PGMED002,Atorvastatin,50,,requested_demand,simulation,PGMED002,0,5,synthetic
2026-05-13,HOSP_A,PGMED003,Normal Saline IV,69,,requested_demand,simulation,PGMED003,0,5,synthetic
2026-05-13,HOSP_A,PGMED004,Paracetamol,86,,requested_demand,simulation,PGMED004,0,5,synthetic
2026-05-13,HOSP_A,PGMED005,Salbutamol,101,,requested_demand,simulation,PGMED005,0,5,synthetic
2026-05-13,HOSP_B,PGMED001,Amoxicillin,49,,requested_demand,simulation,PGMED001,0,5,synthetic
2026-05-13,HOSP_B,PGMED002,Atorvastatin,65,,requested_demand,simulation,PGMED002,0,5,synthetic
2026-05-13,HOSP_B,PGMED003,Normal Saline IV,88,,requested_demand,simulation,PGMED003,0,5,synthetic
2026-05-13,HOSP_B,PGMED004,Paracetamol,100,,requested_demand,simulation,PGMED004,0,5,synthetic
2026-05-13,HOSP_B,PGMED005,Salbutamol,114,,requested_demand,simulation,PGMED005,0,5,synthetic
2026-05-13,HOSP_C,PGMED001,Amoxicillin,61,,requested_demand,simulation,PGMED001,0,5,synthetic
2026-05-13,HOSP_C,PGMED002,Atorvastatin,92,,requested_demand,simulation,PGMED002,0,5,synthetic
2026-05-13,HOSP_C,PGMED003,Normal Saline IV,99,,requested_demand,simulation,PGMED003,0,5,synthetic
2026-05-13,HOSP_C,PGMED004,Paracetamol,109,,requested_demand,simulation,PGMED004,0,5,synthetic
2026-05-13,HOSP_C,PGMED005,Salbutamol,148,,requested_demand,simulation,PGMED005,0,5,synthetic
2026-05-13,HOSP_D,PGMED001,Amoxicillin,68,,requested_demand,simulation,PGMED001,0,5,synthetic
2026-05-13,HOSP_D,PGMED002,Atorvastatin,93,,requested_demand,simulation,PGMED002,0,5,synthetic
2026-05-13,HOSP_D,PGMED003,Normal Saline IV,114,,requested_demand,simulation,PGMED003,0,5,synthetic
2026-05-13,HOSP_D,PGMED004,Paracetamol,133,,requested_demand,simulation,PGMED004,0,5,synthetic
2026-05-13,HOSP_D,PGMED005,Salbutamol,165,,requested_demand,simulation,PGMED005,0,5,synthetic
2026-05-14,HOSP_A,PGMED001,Amoxicillin,35,,requested_demand,simulation,PGMED001,0,5,synthetic
2026-05-14,HOSP_A,PGMED002,Atorvastatin,44,,requested_demand,simulation,PGMED002,0,5,synthetic
2026-05-14,HOSP_A,PGMED003,Normal Saline IV,59,,requested_demand,simulation,PGMED003,0,5,synthetic
2026-05-14,HOSP_A,PGMED004,Paracetamol,67,,requested_demand,simulation,PGMED004,0,5,synthetic
2026-05-14,HOSP_A,PGMED005,Salbutamol,93,,requested_demand,simulation,PGMED005,0,5,synthetic
2026-05-14,HOSP_B,PGMED001,Amoxicillin,40,,requested_demand,simulation,PGMED001,0,5,synthetic
2026-05-14,HOSP_B,PGMED002,Atorvastatin,59,,requested_demand,simulation,PGMED002,0,5,synthetic
2026-05-14,HOSP_B,PGMED003,Normal Saline IV,73,,requested_demand,simulation,PGMED003,0,5,synthetic
2026-05-14,HOSP_B,PGMED004,Paracetamol,89,,requested_demand,simulation,PGMED004,0,5,synthetic
2026-05-14,HOSP_B,PGMED005,Salbutamol,108,,requested_demand,simulation,PGMED005,0,5,synthetic
2026-05-14,HOSP_C,PGMED001,Amoxicillin,51,,requested_demand,simulation,PGMED001,0,5,synthetic
2026-05-14,HOSP_C,PGMED002,Atorvastatin,75,,requested_demand,simulation,PGMED002,0,5,synthetic
2026-05-14,HOSP_C,PGMED003,Normal Saline IV,86,,requested_demand,simulation,PGMED003,0,5,synthetic
2026-05-14,HOSP_C,PGMED004,Paracetamol,108,,requested_demand,simulation,PGMED004,0,5,synthetic
2026-05-14,HOSP_C,PGMED005,Salbutamol,121,,requested_demand,simulation,PGMED005,0,5,synthetic
2026-05-14,HOSP_D,PGMED001,Amoxicillin,60,,requested_demand,simulation,PGMED001,0,5,synthetic
2026-05-14,HOSP_D,PGMED002,Atorvastatin,85,,requested_demand,simulation,PGMED002,0,5,synthetic
2026-05-14,HOSP_D,PGMED003,Normal Saline IV,102,,requested_demand,simulation,PGMED003,0,5,synthetic
2026-05-14,HOSP_D,PGMED004,Paracetamol,116,,requested_demand,simulation,PGMED004,0,5,synthetic
2026-05-14,HOSP_D,PGMED005,Salbutamol,207,,requested_demand,simulation,PGMED005,1,5,synthetic
2026-05-15,HOSP_A,PGMED001,Amoxicillin,28,,requested_demand,simulation,PGMED001,0,5,synthetic
2026-05-15,HOSP_A,PGMED002,Atorvastatin,38,,requested_demand,simulation,PGMED002,0,5,synthetic
2026-05-15,HOSP_A,PGMED003,Normal Saline IV,53,,requested_demand,simulation,PGMED003,0,5,synthetic
2026-05-15,HOSP_A,PGMED004,Paracetamol,57,,requested_demand,simulation,PGMED004,0,5,synthetic
2026-05-15,HOSP_A,PGMED005,Salbutamol,78,,requested_demand,simulation,PGMED005,0,5,synthetic
2026-05-15,HOSP_B,PGMED001,Amoxicillin,35,,requested_demand,simulation,PGMED001,0,5,synthetic
2026-05-15,HOSP_B,PGMED002,Atorvastatin,49,,requested_demand,simulation,PGMED002,0,5,synthetic
2026-05-15,HOSP_B,PGMED003,Normal Saline IV,61,,requested_demand,simulation,PGMED003,0,5,synthetic
2026-05-15,HOSP_B,PGMED004,Paracetamol,78,,requested_demand,simulation,PGMED004,0,5,synthetic
2026-05-15,HOSP_B,PGMED005,Salbutamol,89,,requested_demand,simulation,PGMED005,0,5,synthetic
2026-05-15,HOSP_C,PGMED001,Amoxicillin,43,,requested_demand,simulation,PGMED001,0,5,synthetic
2026-05-15,HOSP_C,PGMED002,Atorvastatin,64,,requested_demand,simulation,PGMED002,0,5,synthetic
2026-05-15,HOSP_C,PGMED003,Normal Saline IV,74,,requested_demand,simulation,PGMED003,0,5,synthetic
2026-05-15,HOSP_C,PGMED004,Paracetamol,101,,requested_demand,simulation,PGMED004,0,5,synthetic
2026-05-15,HOSP_C,PGMED005,Salbutamol,100,,requested_demand,simulation,PGMED005,0,5,synthetic
2026-05-15,HOSP_D,PGMED001,Amoxicillin,50,,requested_demand,simulation,PGMED001,0,5,synthetic
2026-05-15,HOSP_D,PGMED002,Atorvastatin,69,,requested_demand,simulation,PGMED002,0,5,synthetic
2026-05-15,HOSP_D,PGMED003,Normal Saline IV,105,,requested_demand,simulation,PGMED003,0,5,synthetic
2026-05-15,HOSP_D,PGMED004,Paracetamol,105,,requested_demand,simulation,PGMED004,0,5,synthetic
2026-05-15,HOSP_D,PGMED005,Salbutamol,163,,requested_demand,simulation,PGMED005,1,5,synthetic
2026-05-16,HOSP_A,PGMED001,Amoxicillin,25,,requested_demand,simulation,PGMED001,0,5,synthetic
2026-05-16,HOSP_A,PGMED002,Atorvastatin,35,,requested_demand,simulation,PGMED002,0,5,synthetic
2026-05-16,HOSP_A,PGMED003,Normal Saline IV,44,,requested_demand,simulation,PGMED003,0,5,synthetic
2026-05-16,HOSP_A,PGMED004,Paracetamol,54,,requested_demand,simulation,PGMED004,0,5,synthetic
2026-05-16,HOSP_A,PGMED005,Salbutamol,64,,requested_demand,simulation,PGMED005,0,5,synthetic
2026-05-16,HOSP_B,PGMED001,Amoxicillin,35,,requested_demand,simulation,PGMED001,0,5,synthetic
2026-05-16,HOSP_B,PGMED002,Atorvastatin,44,,requested_demand,simulation,PGMED002,0,5,synthetic
2026-05-16,HOSP_B,PGMED003,Normal Saline IV,56,,requested_demand,simulation,PGMED003,0,5,synthetic
2026-05-16,HOSP_B,PGMED004,Paracetamol,56,,requested_demand,simulation,PGMED004,0,5,synthetic
2026-05-16,HOSP_B,PGMED005,Salbutamol,84,,requested_demand,simulation,PGMED005,0,5,synthetic
2026-05-16,HOSP_C,PGMED001,Amoxicillin,36,,requested_demand,simulation,PGMED001,0,5,synthetic
2026-05-16,HOSP_C,PGMED002,Atorvastatin,52,,requested_demand,simulation,PGMED002,0,5,synthetic
2026-05-16,HOSP_C,PGMED003,Normal Saline IV,73,,requested_demand,simulation,PGMED003,0,5,synthetic
2026-05-16,HOSP_C,PGMED004,Paracetamol,111,,requested_demand,simulation,PGMED004,1,5,synthetic
2026-05-16,HOSP_C,PGMED005,Salbutamol,93,,requested_demand,simulation,PGMED005,0,5,synthetic
2026-05-16,HOSP_D,PGMED001,Amoxicillin,51,,requested_demand,simulation,PGMED001,0,5,synthetic
2026-05-16,HOSP_D,PGMED002,Atorvastatin,64,,requested_demand,simulation,PGMED002,0,5,synthetic
2026-05-16,HOSP_D,PGMED003,Normal Saline IV,78,,requested_demand,simulation,PGMED003,0,5,synthetic
2026-05-16,HOSP_D,PGMED004,Paracetamol,100,,requested_demand,simulation,PGMED004,0,5,synthetic
2026-05-16,HOSP_D,PGMED005,Salbutamol,148,,requested_demand,simulation,PGMED005,1,5,synthetic
2026-05-17,HOSP_A,PGMED001,Amoxicillin,29,,requested_demand,simulation,PGMED001,0,5,synthetic
2026-05-17,HOSP_A,PGMED002,Atorvastatin,36,,requested_demand,simulation,PGMED002,0,5,synthetic
2026-05-17,HOSP_A,PGMED003,Normal Saline IV,47,,requested_demand,simulation,PGMED003,0,5,synthetic
2026-05-17,HOSP_A,PGMED004,Paracetamol,62,,requested_demand,simulation,PGMED004,0,5,synthetic
2026-05-17,HOSP_A,PGMED005,Salbutamol,72,,requested_demand,simulation,PGMED005,0,5,synthetic
2026-05-17,HOSP_B,PGMED001,Amoxicillin,32,,requested_demand,simulation,PGMED001,0,5,synthetic
2026-05-17,HOSP_B,PGMED002,Atorvastatin,52,,requested_demand,simulation,PGMED002,0,5,synthetic
2026-05-17,HOSP_B,PGMED003,Normal Saline IV,53,,requested_demand,simulation,PGMED003,0,5,synthetic
2026-05-17,HOSP_B,PGMED004,Paracetamol,69,,requested_demand,simulation,PGMED004,0,5,synthetic
2026-05-17,HOSP_B,PGMED005,Salbutamol,113,,requested_demand,simulation,PGMED005,1,5,synthetic
2026-05-17,HOSP_C,PGMED001,Amoxicillin,38,,requested_demand,simulation,PGMED001,0,5,synthetic
2026-05-17,HOSP_C,PGMED002,Atorvastatin,50,,requested_demand,simulation,PGMED002,0,5,synthetic
2026-05-17,HOSP_C,PGMED003,Normal Saline IV,66,,requested_demand,simulation,PGMED003,0,5,synthetic
2026-05-17,HOSP_C,PGMED004,Paracetamol,120,,requested_demand,simulation,PGMED004,1,5,synthetic
2026-05-17,HOSP_C,PGMED005,Salbutamol,105,,requested_demand,simulation,PGMED005,0,5,synthetic
2026-05-17,HOSP_D,PGMED001,Amoxicillin,47,,requested_demand,simulation,PGMED001,0,5,synthetic
2026-05-17,HOSP_D,PGMED002,Atorvastatin,68,,requested_demand,simulation,PGMED002,0,5,synthetic
2026-05-17,HOSP_D,PGMED003,Normal Saline IV,74,,requested_demand,simulation,PGMED003,0,5,synthetic
2026-05-17,HOSP_D,PGMED004,Paracetamol,111,,requested_demand,simulation,PGMED004,0,5,synthetic
2026-05-17,HOSP_D,PGMED005,Salbutamol,176,,requested_demand,simulation,PGMED005,1,5,synthetic
2026-05-18,HOSP_A,PGMED001,Amoxicillin,34,,requested_demand,simulation,PGMED001,0,5,synthetic
2026-05-18,HOSP_A,PGMED002,Atorvastatin,39,,requested_demand,simulation,PGMED002,0,5,synthetic
2026-05-18,HOSP_A,PGMED003,Normal Saline IV,59,,requested_demand,simulation,PGMED003,0,5,synthetic
2026-05-18,HOSP_A,PGMED004,Paracetamol,61,,requested_demand,simulation,PGMED004,0,5,synthetic
2026-05-18,HOSP_A,PGMED005,Salbutamol,78,,requested_demand,simulation,PGMED005,0,5,synthetic
2026-05-18,HOSP_B,PGMED001,Amoxicillin,45,,requested_demand,simulation,PGMED001,0,5,synthetic
2026-05-18,HOSP_B,PGMED002,Atorvastatin,47,,requested_demand,simulation,PGMED002,0,5,synthetic
2026-05-18,HOSP_B,PGMED003,Normal Saline IV,71,,requested_demand,simulation,PGMED003,0,5,synthetic
2026-05-18,HOSP_B,PGMED004,Paracetamol,92,,requested_demand,simulation,PGMED004,0,5,synthetic
2026-05-18,HOSP_B,PGMED005,Salbutamol,128,,requested_demand,simulation,PGMED005,1,5,synthetic
2026-05-18,HOSP_C,PGMED001,Amoxicillin,44,,requested_demand,simulation,PGMED001,0,5,synthetic
2026-05-18,HOSP_C,PGMED002,Atorvastatin,65,,requested_demand,simulation,PGMED002,0,5,synthetic
2026-05-18,HOSP_C,PGMED003,Normal Saline IV,76,,requested_demand,simulation,PGMED003,0,5,synthetic
2026-05-18,HOSP_C,PGMED004,Paracetamol,148,,requested_demand,simulation,PGMED004,1,5,synthetic
2026-05-18,HOSP_C,PGMED005,Salbutamol,108,,requested_demand,simulation,PGMED005,0,5,synthetic
2026-05-18,HOSP_D,PGMED001,Amoxicillin,54,,requested_demand,simulation,PGMED001,0,5,synthetic
2026-05-18,HOSP_D,PGMED002,Atorvastatin,75,,requested_demand,simulation,PGMED002,0,5,synthetic
2026-05-18,HOSP_D,PGMED003,Normal Saline IV,94,,requested_demand,simulation,PGMED003,0,5,synthetic
2026-05-18,HOSP_D,PGMED004,Paracetamol,123,,requested_demand,simulation,PGMED004,0,5,synthetic
2026-05-18,HOSP_D,PGMED005,Salbutamol,196,,requested_demand,simulation,PGMED005,1,5,synthetic
2026-05-19,HOSP_A,PGMED001,Amoxicillin,39,,requested_demand,simulation,PGMED001,0,5,synthetic
2026-05-19,HOSP_A,PGMED002,Atorvastatin,49,,requested_demand,simulation,PGMED002,0,5,synthetic
2026-05-19,HOSP_A,PGMED003,Normal Saline IV,58,,requested_demand,simulation,PGMED003,0,5,synthetic
2026-05-19,HOSP_A,PGMED004,Paracetamol,77,,requested_demand,simulation,PGMED004,0,5,synthetic
2026-05-19,HOSP_A,PGMED005,Salbutamol,92,,requested_demand,simulation,PGMED005,0,5,synthetic
2026-05-19,HOSP_B,PGMED001,Amoxicillin,46,,requested_demand,simulation,PGMED001,0,5,synthetic
2026-05-19,HOSP_B,PGMED002,Atorvastatin,82,,requested_demand,simulation,PGMED002,1,5,synthetic
2026-05-19,HOSP_B,PGMED003,Normal Saline IV,85,,requested_demand,simulation,PGMED003,0,5,synthetic
2026-05-19,HOSP_B,PGMED004,Paracetamol,96,,requested_demand,simulation,PGMED004,0,5,synthetic
2026-05-19,HOSP_B,PGMED005,Salbutamol,151,,requested_demand,simulation,PGMED005,1,5,synthetic
2026-05-19,HOSP_C,PGMED001,Amoxicillin,59,,requested_demand,simulation,PGMED001,0,5,synthetic
2026-05-19,HOSP_C,PGMED002,Atorvastatin,74,,requested_demand,simulation,PGMED002,0,5,synthetic
2026-05-19,HOSP_C,PGMED003,Normal Saline IV,101,,requested_demand,simulation,PGMED003,0,5,synthetic
2026-05-19,HOSP_C,PGMED004,Paracetamol,176,,requested_demand,simulation,PGMED004,1,5,synthetic
2026-05-19,HOSP_C,PGMED005,Salbutamol,124,,requested_demand,simulation,PGMED005,0,5,synthetic
2026-05-19,HOSP_D,PGMED001,Amoxicillin,64,,requested_demand,simulation,PGMED001,0,5,synthetic
2026-05-19,HOSP_D,PGMED002,Atorvastatin,90,,requested_demand,simulation,PGMED002,0,5,synthetic
2026-05-19,HOSP_D,PGMED003,Normal Saline IV,113,,requested_demand,simulation,PGMED003,0,5,synthetic
2026-05-19,HOSP_D,PGMED004,Paracetamol,125,,requested_demand,simulation,PGMED004,0,5,synthetic
2026-05-19,HOSP_D,PGMED005,Salbutamol,148,,requested_demand,simulation,PGMED005,0,5,synthetic
2026-05-20,HOSP_A,PGMED001,Amoxicillin,38,,requested_demand,simulation,PGMED001,0,5,synthetic
2026-05-20,HOSP_A,PGMED002,Atorvastatin,51,,requested_demand,simulation,PGMED002,0,5,synthetic
2026-05-20,HOSP_A,PGMED003,Normal Saline IV,63,,requested_demand,simulation,PGMED003,0,5,synthetic
2026-05-20,HOSP_A,PGMED004,Paracetamol,86,,requested_demand,simulation,PGMED004,0,5,synthetic
2026-05-20,HOSP_A,PGMED005,Salbutamol,89,,requested_demand,simulation,PGMED005,0,5,synthetic
2026-05-20,HOSP_B,PGMED001,Amoxicillin,48,,requested_demand,simulation,PGMED001,0,5,synthetic
2026-05-20,HOSP_B,PGMED002,Atorvastatin,90,,requested_demand,simulation,PGMED002,1,5,synthetic
2026-05-20,HOSP_B,PGMED003,Normal Saline IV,85,,requested_demand,simulation,PGMED003,0,5,synthetic
2026-05-20,HOSP_B,PGMED004,Paracetamol,99,,requested_demand,simulation,PGMED004,0,5,synthetic
2026-05-20,HOSP_B,PGMED005,Salbutamol,161,,requested_demand,simulation,PGMED005,1,5,synthetic
2026-05-20,HOSP_C,PGMED001,Amoxicillin,64,,requested_demand,simulation,PGMED001,0,5,synthetic
2026-05-20,HOSP_C,PGMED002,Atorvastatin,75,,requested_demand,simulation,PGMED002,0,5,synthetic
2026-05-20,HOSP_C,PGMED003,Normal Saline IV,102,,requested_demand,simulation,PGMED003,0,5,synthetic
2026-05-20,HOSP_C,PGMED004,Paracetamol,166,,requested_demand,simulation,PGMED004,1,5,synthetic
2026-05-20,HOSP_C,PGMED005,Salbutamol,146,,requested_demand,simulation,PGMED005,0,5,synthetic
2026-05-20,HOSP_D,PGMED001,Amoxicillin,71,,requested_demand,simulation,PGMED001,0,5,synthetic
2026-05-20,HOSP_D,PGMED002,Atorvastatin,91,,requested_demand,simulation,PGMED002,0,5,synthetic
2026-05-20,HOSP_D,PGMED003,Normal Saline IV,121,,requested_demand,simulation,PGMED003,0,5,synthetic
2026-05-20,HOSP_D,PGMED004,Paracetamol,139,,requested_demand,simulation,PGMED004,0,5,synthetic
2026-05-20,HOSP_D,PGMED005,Salbutamol,152,,requested_demand,simulation,PGMED005,0,5,synthetic
2026-05-21,HOSP_A,PGMED001,Amoxicillin,36,,requested_demand,simulation,PGMED001,0,5,synthetic
2026-05-21,HOSP_A,PGMED002,Atorvastatin,52,,requested_demand,simulation,PGMED002,0,5,synthetic
2026-05-21,HOSP_A,PGMED003,Normal Saline IV,56,,requested_demand,simulation,PGMED003,0,5,synthetic
2026-05-21,HOSP_A,PGMED004,Paracetamol,65,,requested_demand,simulation,PGMED004,0,5,synthetic
2026-05-21,HOSP_A,PGMED005,Salbutamol,87,,requested_demand,simulation,PGMED005,0,5,synthetic
2026-05-21,HOSP_B,PGMED001,Amoxicillin,47,,requested_demand,simulation,PGMED001,0,5,synthetic
2026-05-21,HOSP_B,PGMED002,Atorvastatin,83,,requested_demand,simulation,PGMED002,1,5,synthetic
2026-05-21,HOSP_B,PGMED003,Normal Saline IV,70,,requested_demand,simulation,PGMED003,0,5,synthetic
2026-05-21,HOSP_B,PGMED004,Paracetamol,92,,requested_demand,simulation,PGMED004,0,5,synthetic
2026-05-21,HOSP_B,PGMED005,Salbutamol,142,,requested_demand,simulation,PGMED005,1,5,synthetic
2026-05-21,HOSP_C,PGMED001,Amoxicillin,57,,requested_demand,simulation,PGMED001,0,5,synthetic
2026-05-21,HOSP_C,PGMED002,Atorvastatin,80,,requested_demand,simulation,PGMED002,0,5,synthetic
2026-05-21,HOSP_C,PGMED003,Normal Saline IV,87,,requested_demand,simulation,PGMED003,0,5,synthetic
2026-05-21,HOSP_C,PGMED004,Paracetamol,110,,requested_demand,simulation,PGMED004,0,5,synthetic
2026-05-21,HOSP_C,PGMED005,Salbutamol,123,,requested_demand,simulation,PGMED005,0,5,synthetic
2026-05-21,HOSP_D,PGMED001,Amoxicillin,64,,requested_demand,simulation,PGMED001,0,5,synthetic
2026-05-21,HOSP_D,PGMED002,Atorvastatin,96,,requested_demand,simulation,PGMED002,0,5,synthetic
2026-05-21,HOSP_D,PGMED003,Normal Saline IV,110,,requested_demand,simulation,PGMED003,0,5,synthetic
2026-05-21,HOSP_D,PGMED004,Paracetamol,129,,requested_demand,simulation,PGMED004,0,5,synthetic
2026-05-21,HOSP_D,PGMED005,Salbutamol,149,,requested_demand,simulation,PGMED005,0,5,synthetic
2026-05-22,HOSP_A,PGMED001,Amoxicillin,30,,requested_demand,simulation,PGMED001,0,5,synthetic
2026-05-22,HOSP_A,PGMED002,Atorvastatin,43,,requested_demand,simulation,PGMED002,0,5,synthetic
2026-05-22,HOSP_A,PGMED003,Normal Saline IV,44,,requested_demand,simulation,PGMED003,0,5,synthetic
2026-05-22,HOSP_A,PGMED004,Paracetamol,55,,requested_demand,simulation,PGMED004,0,5,synthetic
2026-05-22,HOSP_A,PGMED005,Salbutamol,72,,requested_demand,simulation,PGMED005,0,5,synthetic
2026-05-22,HOSP_B,PGMED001,Amoxicillin,37,,requested_demand,simulation,PGMED001,0,5,synthetic
2026-05-22,HOSP_B,PGMED002,Atorvastatin,72,,requested_demand,simulation,PGMED002,1,5,synthetic
2026-05-22,HOSP_B,PGMED003,Normal Saline IV,63,,requested_demand,simulation,PGMED003,0,5,synthetic
2026-05-22,HOSP_B,PGMED004,Paracetamol,80,,requested_demand,simulation,PGMED004,0,5,synthetic
2026-05-22,HOSP_B,PGMED005,Salbutamol,92,,requested_demand,simulation,PGMED005,0,5,synthetic
2026-05-22,HOSP_C,PGMED001,Amoxicillin,40,,requested_demand,simulation,PGMED001,0,5,synthetic
2026-05-22,HOSP_C,PGMED002,Atorvastatin,63,,requested_demand,simulation,PGMED002,0,5,synthetic
2026-05-22,HOSP_C,PGMED003,Normal Saline IV,68,,requested_demand,simulation,PGMED003,0,5,synthetic
2026-05-22,HOSP_C,PGMED004,Paracetamol,103,,requested_demand,simulation,PGMED004,0,5,synthetic
2026-05-22,HOSP_C,PGMED005,Salbutamol,104,,requested_demand,simulation,PGMED005,0,5,synthetic
2026-05-22,HOSP_D,PGMED001,Amoxicillin,54,,requested_demand,simulation,PGMED001,0,5,synthetic
2026-05-22,HOSP_D,PGMED002,Atorvastatin,71,,requested_demand,simulation,PGMED002,0,5,synthetic
2026-05-22,HOSP_D,PGMED003,Normal Saline IV,94,,requested_demand,simulation,PGMED003,0,5,synthetic
2026-05-22,HOSP_D,PGMED004,Paracetamol,108,,requested_demand,simulation,PGMED004,0,5,synthetic
2026-05-22,HOSP_D,PGMED005,Salbutamol,139,,requested_demand,simulation,PGMED005,0,5,synthetic
2026-05-23,HOSP_A,PGMED001,Amoxicillin,27,,requested_demand,simulation,PGMED001,0,5,synthetic
2026-05-23,HOSP_A,PGMED002,Atorvastatin,32,,requested_demand,simulation,PGMED002,0,5,synthetic
2026-05-23,HOSP_A,PGMED003,Normal Saline IV,43,,requested_demand,simulation,PGMED003,0,5,synthetic
2026-05-23,HOSP_A,PGMED004,Paracetamol,51,,requested_demand,simulation,PGMED004,0,5,synthetic
2026-05-23,HOSP_A,PGMED005,Salbutamol,57,,requested_demand,simulation,PGMED005,0,5,synthetic
2026-05-23,HOSP_B,PGMED001,Amoxicillin,30,,requested_demand,simulation,PGMED001,0,5,synthetic
2026-05-23,HOSP_B,PGMED002,Atorvastatin,63,,requested_demand,simulation,PGMED002,1,5,synthetic
2026-05-23,HOSP_B,PGMED003,Normal Saline IV,59,,requested_demand,simulation,PGMED003,0,5,synthetic
2026-05-23,HOSP_B,PGMED004,Paracetamol,56,,requested_demand,simulation,PGMED004,0,5,synthetic
2026-05-23,HOSP_B,PGMED005,Salbutamol,77,,requested_demand,simulation,PGMED005,0,5,synthetic
2026-05-23,HOSP_C,PGMED001,Amoxicillin,42,,requested_demand,simulation,PGMED001,0,5,synthetic
2026-05-23,HOSP_C,PGMED002,Atorvastatin,56,,requested_demand,simulation,PGMED002,0,5,synthetic
2026-05-23,HOSP_C,PGMED003,Normal Saline IV,63,,requested_demand,simulation,PGMED003,0,5,synthetic
2026-05-23,HOSP_C,PGMED004,Paracetamol,72,,requested_demand,simulation,PGMED004,0,5,synthetic
2026-05-23,HOSP_C,PGMED005,Salbutamol,81,,requested_demand,simulation,PGMED005,0,5,synthetic
2026-05-23,HOSP_D,PGMED001,Amoxicillin,45,,requested_demand,simulation,PGMED001,0,5,synthetic
2026-05-23,HOSP_D,PGMED002,Atorvastatin,70,,requested_demand,simulation,PGMED002,0,5,synthetic
2026-05-23,HOSP_D,PGMED003,Normal Saline IV,75,,requested_demand,simulation,PGMED003,0,5,synthetic
2026-05-23,HOSP_D,PGMED004,Paracetamol,98,,requested_demand,simulation,PGMED004,0,5,synthetic
2026-05-23,HOSP_D,PGMED005,Salbutamol,109,,requested_demand,simulation,PGMED005,0,5,synthetic
2026-05-24,HOSP_A,PGMED001,Amoxicillin,30,,requested_demand,simulation,PGMED001,0,5,synthetic
2026-05-24,HOSP_A,PGMED002,Atorvastatin,35,,requested_demand,simulation,PGMED002,0,5,synthetic
2026-05-24,HOSP_A,PGMED003,Normal Saline IV,50,,requested_demand,simulation,PGMED003,0,5,synthetic
2026-05-24,HOSP_A,PGMED004,Paracetamol,54,,requested_demand,simulation,PGMED004,0,5,synthetic
2026-05-24,HOSP_A,PGMED005,Salbutamol,66,,requested_demand,simulation,PGMED005,0,5,synthetic
2026-05-24,HOSP_B,PGMED001,Amoxicillin,33,,requested_demand,simulation,PGMED001,0,5,synthetic
2026-05-24,HOSP_B,PGMED002,Atorvastatin,45,,requested_demand,simulation,PGMED002,0,5,synthetic
2026-05-24,HOSP_B,PGMED003,Normal Saline IV,51,,requested_demand,simulation,PGMED003,0,5,synthetic
2026-05-24,HOSP_B,PGMED004,Paracetamol,61,,requested_demand,simulation,PGMED004,0,5,synthetic
2026-05-24,HOSP_B,PGMED005,Salbutamol,97,,requested_demand,simulation,PGMED005,0,5,synthetic
2026-05-24,HOSP_C,PGMED001,Amoxicillin,46,,requested_demand,simulation,PGMED001,0,5,synthetic
2026-05-24,HOSP_C,PGMED002,Atorvastatin,56,,requested_demand,simulation,PGMED002,0,5,synthetic
2026-05-24,HOSP_C,PGMED003,Normal Saline IV,70,,requested_demand,simulation,PGMED003,0,5,synthetic
2026-05-24,HOSP_C,PGMED004,Paracetamol,91,,requested_demand,simulation,PGMED004,0,5,synthetic
2026-05-24,HOSP_C,PGMED005,Salbutamol,94,,requested_demand,simulation,PGMED005,0,5,synthetic
2026-05-24,HOSP_D,PGMED001,Amoxicillin,50,,requested_demand,simulation,PGMED001,0,5,synthetic
2026-05-24,HOSP_D,PGMED002,Atorvastatin,65,,requested_demand,simulation,PGMED002,0,5,synthetic
2026-05-24,HOSP_D,PGMED003,Normal Saline IV,85,,requested_demand,simulation,PGMED003,0,5,synthetic
2026-05-24,HOSP_D,PGMED004,Paracetamol,93,,requested_demand,simulation,PGMED004,0,5,synthetic
2026-05-24,HOSP_D,PGMED005,Salbutamol,127,,requested_demand,simulation,PGMED005,0,5,synthetic
2026-05-25,HOSP_A,PGMED001,Amoxicillin,34,,requested_demand,simulation,PGMED001,0,5,synthetic
2026-05-25,HOSP_A,PGMED002,Atorvastatin,38,,requested_demand,simulation,PGMED002,0,5,synthetic
2026-05-25,HOSP_A,PGMED003,Normal Saline IV,55,,requested_demand,simulation,PGMED003,0,5,synthetic
2026-05-25,HOSP_A,PGMED004,Paracetamol,69,,requested_demand,simulation,PGMED004,0,5,synthetic
2026-05-25,HOSP_A,PGMED005,Salbutamol,78,,requested_demand,simulation,PGMED005,0,5,synthetic
2026-05-25,HOSP_B,PGMED001,Amoxicillin,40,,requested_demand,simulation,PGMED001,0,5,synthetic
2026-05-25,HOSP_B,PGMED002,Atorvastatin,58,,requested_demand,simulation,PGMED002,0,5,synthetic
2026-05-25,HOSP_B,PGMED003,Normal Saline IV,66,,requested_demand,simulation,PGMED003,0,5,synthetic
2026-05-25,HOSP_B,PGMED004,Paracetamol,83,,requested_demand,simulation,PGMED004,0,5,synthetic
2026-05-25,HOSP_B,PGMED005,Salbutamol,88,,requested_demand,simulation,PGMED005,0,5,synthetic
2026-05-25,HOSP_C,PGMED001,Amoxicillin,48,,requested_demand,simulation,PGMED001,0,5,synthetic
2026-05-25,HOSP_C,PGMED002,Atorvastatin,67,,requested_demand,simulation,PGMED002,0,5,synthetic
2026-05-25,HOSP_C,PGMED003,Normal Saline IV,89,,requested_demand,simulation,PGMED003,0,5,synthetic
2026-05-25,HOSP_C,PGMED004,Paracetamol,95,,requested_demand,simulation,PGMED004,0,5,synthetic
2026-05-25,HOSP_C,PGMED005,Salbutamol,164,,requested_demand,simulation,PGMED005,1,5,synthetic
2026-05-25,HOSP_D,PGMED001,Amoxicillin,54,,requested_demand,simulation,PGMED001,0,5,synthetic
2026-05-25,HOSP_D,PGMED002,Atorvastatin,80,,requested_demand,simulation,PGMED002,0,5,synthetic
2026-05-25,HOSP_D,PGMED003,Normal Saline IV,93,,requested_demand,simulation,PGMED003,0,5,synthetic
2026-05-25,HOSP_D,PGMED004,Paracetamol,118,,requested_demand,simulation,PGMED004,0,5,synthetic
2026-05-25,HOSP_D,PGMED005,Salbutamol,141,,requested_demand,simulation,PGMED005,0,5,synthetic
2026-05-26,HOSP_A,PGMED001,Amoxicillin,40,,requested_demand,simulation,PGMED001,0,5,synthetic
2026-05-26,HOSP_A,PGMED002,Atorvastatin,47,,requested_demand,simulation,PGMED002,0,5,synthetic
2026-05-26,HOSP_A,PGMED003,Normal Saline IV,66,,requested_demand,simulation,PGMED003,0,5,synthetic
2026-05-26,HOSP_A,PGMED004,Paracetamol,77,,requested_demand,simulation,PGMED004,0,5,synthetic
2026-05-26,HOSP_A,PGMED005,Salbutamol,99,,requested_demand,simulation,PGMED005,0,5,synthetic
2026-05-26,HOSP_B,PGMED001,Amoxicillin,61,,requested_demand,simulation,PGMED001,1,5,synthetic
2026-05-26,HOSP_B,PGMED002,Atorvastatin,67,,requested_demand,simulation,PGMED002,0,5,synthetic
2026-05-26,HOSP_B,PGMED003,Normal Saline IV,85,,requested_demand,simulation,PGMED003,0,5,synthetic
2026-05-26,HOSP_B,PGMED004,Paracetamol,92,,requested_demand,simulation,PGMED004,0,5,synthetic
2026-05-26,HOSP_B,PGMED005,Salbutamol,115,,requested_demand,simulation,PGMED005,0,5,synthetic
2026-05-26,HOSP_C,PGMED001,Amoxicillin,57,,requested_demand,simulation,PGMED001,0,5,synthetic
2026-05-26,HOSP_C,PGMED002,Atorvastatin,82,,requested_demand,simulation,PGMED002,0,5,synthetic
2026-05-26,HOSP_C,PGMED003,Normal Saline IV,91,,requested_demand,simulation,PGMED003,0,5,synthetic
2026-05-26,HOSP_C,PGMED004,Paracetamol,118,,requested_demand,simulation,PGMED004,0,5,synthetic
2026-05-26,HOSP_C,PGMED005,Salbutamol,196,,requested_demand,simulation,PGMED005,1,5,synthetic
2026-05-26,HOSP_D,PGMED001,Amoxicillin,65,,requested_demand,simulation,PGMED001,0,5,synthetic
2026-05-26,HOSP_D,PGMED002,Atorvastatin,85,,requested_demand,simulation,PGMED002,0,5,synthetic
2026-05-26,HOSP_D,PGMED003,Normal Saline IV,110,,requested_demand,simulation,PGMED003,0,5,synthetic
2026-05-26,HOSP_D,PGMED004,Paracetamol,139,,requested_demand,simulation,PGMED004,0,5,synthetic
2026-05-26,HOSP_D,PGMED005,Salbutamol,163,,requested_demand,simulation,PGMED005,0,5,synthetic
2026-05-27,HOSP_A,PGMED001,Amoxicillin,40,,requested_demand,simulation,PGMED001,0,5,synthetic
2026-05-27,HOSP_A,PGMED002,Atorvastatin,51,,requested_demand,simulation,PGMED002,0,5,synthetic
2026-05-27,HOSP_A,PGMED003,Normal Saline IV,71,,requested_demand,simulation,PGMED003,0,5,synthetic
2026-05-27,HOSP_A,PGMED004,Paracetamol,72,,requested_demand,simulation,PGMED004,0,5,synthetic
2026-05-27,HOSP_A,PGMED005,Salbutamol,98,,requested_demand,simulation,PGMED005,0,5,synthetic
2026-05-27,HOSP_B,PGMED001,Amoxicillin,66,,requested_demand,simulation,PGMED001,1,5,synthetic
2026-05-27,HOSP_B,PGMED002,Atorvastatin,66,,requested_demand,simulation,PGMED002,0,5,synthetic
2026-05-27,HOSP_B,PGMED003,Normal Saline IV,85,,requested_demand,simulation,PGMED003,0,5,synthetic
2026-05-27,HOSP_B,PGMED004,Paracetamol,105,,requested_demand,simulation,PGMED004,0,5,synthetic
2026-05-27,HOSP_B,PGMED005,Salbutamol,111,,requested_demand,simulation,PGMED005,0,5,synthetic
2026-05-27,HOSP_C,PGMED001,Amoxicillin,53,,requested_demand,simulation,PGMED001,0,5,synthetic
2026-05-27,HOSP_C,PGMED002,Atorvastatin,81,,requested_demand,simulation,PGMED002,0,5,synthetic
2026-05-27,HOSP_C,PGMED003,Normal Saline IV,99,,requested_demand,simulation,PGMED003,0,5,synthetic
2026-05-27,HOSP_C,PGMED004,Paracetamol,119,,requested_demand,simulation,PGMED004,0,5,synthetic
2026-05-27,HOSP_C,PGMED005,Salbutamol,191,,requested_demand,simulation,PGMED005,1,5,synthetic
2026-05-27,HOSP_D,PGMED001,Amoxicillin,71,,requested_demand,simulation,PGMED001,0,5,synthetic
2026-05-27,HOSP_D,PGMED002,Atorvastatin,92,,requested_demand,simulation,PGMED002,0,5,synthetic
2026-05-27,HOSP_D,PGMED003,Normal Saline IV,112,,requested_demand,simulation,PGMED003,0,5,synthetic
2026-05-27,HOSP_D,PGMED004,Paracetamol,146,,requested_demand,simulation,PGMED004,0,5,synthetic
2026-05-27,HOSP_D,PGMED005,Salbutamol,154,,requested_demand,simulation,PGMED005,0,5,synthetic
2026-05-28,HOSP_A,PGMED001,Amoxicillin,37,,requested_demand,simulation,PGMED001,0,5,synthetic
2026-05-28,HOSP_A,PGMED002,Atorvastatin,49,,requested_demand,simulation,PGMED002,0,5,synthetic
2026-05-28,HOSP_A,PGMED003,Normal Saline IV,66,,requested_demand,simulation,PGMED003,0,5,synthetic
2026-05-28,HOSP_A,PGMED004,Paracetamol,74,,requested_demand,simulation,PGMED004,0,5,synthetic
2026-05-28,HOSP_A,PGMED005,Salbutamol,86,,requested_demand,simulation,PGMED005,0,5,synthetic
2026-05-28,HOSP_B,PGMED001,Amoxicillin,59,,requested_demand,simulation,PGMED001,1,5,synthetic
2026-05-28,HOSP_B,PGMED002,Atorvastatin,63,,requested_demand,simulation,PGMED002,0,5,synthetic
2026-05-28,HOSP_B,PGMED003,Normal Saline IV,78,,requested_demand,simulation,PGMED003,0,5,synthetic
2026-05-28,HOSP_B,PGMED004,Paracetamol,88,,requested_demand,simulation,PGMED004,0,5,synthetic
2026-05-28,HOSP_B,PGMED005,Salbutamol,104,,requested_demand,simulation,PGMED005,0,5,synthetic
2026-05-28,HOSP_C,PGMED001,Amoxicillin,54,,requested_demand,simulation,PGMED001,0,5,synthetic
2026-05-28,HOSP_C,PGMED002,Atorvastatin,76,,requested_demand,simulation,PGMED002,0,5,synthetic
2026-05-28,HOSP_C,PGMED003,Normal Saline IV,94,,requested_demand,simulation,PGMED003,0,5,synthetic
2026-05-28,HOSP_C,PGMED004,Paracetamol,104,,requested_demand,simulation,PGMED004,0,5,synthetic
2026-05-28,HOSP_C,PGMED005,Salbutamol,190,,requested_demand,simulation,PGMED005,1,5,synthetic
2026-05-28,HOSP_D,PGMED001,Amoxicillin,65,,requested_demand,simulation,PGMED001,0,5,synthetic
2026-05-28,HOSP_D,PGMED002,Atorvastatin,87,,requested_demand,simulation,PGMED002,0,5,synthetic
2026-05-28,HOSP_D,PGMED003,Normal Saline IV,100,,requested_demand,simulation,PGMED003,0,5,synthetic
2026-05-28,HOSP_D,PGMED004,Paracetamol,122,,requested_demand,simulation,PGMED004,0,5,synthetic
2026-05-28,HOSP_D,PGMED005,Salbutamol,157,,requested_demand,simulation,PGMED005,0,5,synthetic
2026-05-29,HOSP_A,PGMED001,Amoxicillin,32,,requested_demand,simulation,PGMED001,0,5,synthetic
2026-05-29,HOSP_A,PGMED002,Atorvastatin,36,,requested_demand,simulation,PGMED002,0,5,synthetic
2026-05-29,HOSP_A,PGMED003,Normal Saline IV,51,,requested_demand,simulation,PGMED003,0,5,synthetic
2026-05-29,HOSP_A,PGMED004,Paracetamol,58,,requested_demand,simulation,PGMED004,0,5,synthetic
2026-05-29,HOSP_A,PGMED005,Salbutamol,73,,requested_demand,simulation,PGMED005,0,5,synthetic
2026-05-29,HOSP_B,PGMED001,Amoxicillin,53,,requested_demand,simulation,PGMED001,1,5,synthetic
2026-05-29,HOSP_B,PGMED002,Atorvastatin,51,,requested_demand,simulation,PGMED002,0,5,synthetic
2026-05-29,HOSP_B,PGMED003,Normal Saline IV,72,,requested_demand,simulation,PGMED003,0,5,synthetic
2026-05-29,HOSP_B,PGMED004,Paracetamol,66,,requested_demand,simulation,PGMED004,0,5,synthetic
2026-05-29,HOSP_B,PGMED005,Salbutamol,91,,requested_demand,simulation,PGMED005,0,5,synthetic
2026-05-29,HOSP_C,PGMED001,Amoxicillin,42,,requested_demand,simulation,PGMED001,0,5,synthetic
2026-05-29,HOSP_C,PGMED002,Atorvastatin,61,,requested_demand,simulation,PGMED002,0,5,synthetic
2026-05-29,HOSP_C,PGMED003,Normal Saline IV,94,,requested_demand,simulation,PGMED003,1,5,synthetic
2026-05-29,HOSP_C,PGMED004,Paracetamol,87,,requested_demand,simulation,PGMED004,0,5,synthetic
2026-05-29,HOSP_C,PGMED005,Salbutamol,145,,requested_demand,simulation,PGMED005,1,5,synthetic
2026-05-29,HOSP_D,PGMED001,Amoxicillin,48,,requested_demand,simulation,PGMED001,0,5,synthetic
2026-05-29,HOSP_D,PGMED002,Atorvastatin,79,,requested_demand,simulation,PGMED002,0,5,synthetic
2026-05-29,HOSP_D,PGMED003,Normal Saline IV,96,,requested_demand,simulation,PGMED003,0,5,synthetic
2026-05-29,HOSP_D,PGMED004,Paracetamol,105,,requested_demand,simulation,PGMED004,0,5,synthetic
2026-05-29,HOSP_D,PGMED005,Salbutamol,123,,requested_demand,simulation,PGMED005,0,5,synthetic
2026-05-30,HOSP_A,PGMED001,Amoxicillin,24,,requested_demand,simulation,PGMED001,0,5,synthetic
2026-05-30,HOSP_A,PGMED002,Atorvastatin,32,,requested_demand,simulation,PGMED002,0,5,synthetic
2026-05-30,HOSP_A,PGMED003,Normal Saline IV,50,,requested_demand,simulation,PGMED003,0,5,synthetic
2026-05-30,HOSP_A,PGMED004,Paracetamol,58,,requested_demand,simulation,PGMED004,0,5,synthetic
2026-05-30,HOSP_A,PGMED005,Salbutamol,64,,requested_demand,simulation,PGMED005,0,5,synthetic
2026-05-30,HOSP_B,PGMED001,Amoxicillin,45,,requested_demand,simulation,PGMED001,1,5,synthetic
2026-05-30,HOSP_B,PGMED002,Atorvastatin,42,,requested_demand,simulation,PGMED002,0,5,synthetic
2026-05-30,HOSP_B,PGMED003,Normal Saline IV,59,,requested_demand,simulation,PGMED003,0,5,synthetic
2026-05-30,HOSP_B,PGMED004,Paracetamol,60,,requested_demand,simulation,PGMED004,0,5,synthetic
2026-05-30,HOSP_B,PGMED005,Salbutamol,66,,requested_demand,simulation,PGMED005,0,5,synthetic
2026-05-30,HOSP_C,PGMED001,Amoxicillin,40,,requested_demand,simulation,PGMED001,0,5,synthetic
2026-05-30,HOSP_C,PGMED002,Atorvastatin,54,,requested_demand,simulation,PGMED002,0,5,synthetic
2026-05-30,HOSP_C,PGMED003,Normal Saline IV,99,,requested_demand,simulation,PGMED003,1,5,synthetic
2026-05-30,HOSP_C,PGMED004,Paracetamol,83,,requested_demand,simulation,PGMED004,0,5,synthetic
2026-05-30,HOSP_C,PGMED005,Salbutamol,90,,requested_demand,simulation,PGMED005,0,5,synthetic
2026-05-30,HOSP_D,PGMED001,Amoxicillin,43,,requested_demand,simulation,PGMED001,0,5,synthetic
2026-05-30,HOSP_D,PGMED002,Atorvastatin,64,,requested_demand,simulation,PGMED002,0,5,synthetic
2026-05-30,HOSP_D,PGMED003,Normal Saline IV,83,,requested_demand,simulation,PGMED003,0,5,synthetic
2026-05-30,HOSP_D,PGMED004,Paracetamol,75,,requested_demand,simulation,PGMED004,0,5,synthetic
2026-05-30,HOSP_D,PGMED005,Salbutamol,118,,requested_demand,simulation,PGMED005,0,5,synthetic
2026-05-31,HOSP_A,PGMED001,Amoxicillin,28,,requested_demand,simulation,PGMED001,0,5,synthetic
2026-05-31,HOSP_A,PGMED002,Atorvastatin,30,,requested_demand,simulation,PGMED002,0,5,synthetic
2026-05-31,HOSP_A,PGMED003,Normal Saline IV,48,,requested_demand,simulation,PGMED003,0,5,synthetic
2026-05-31,HOSP_A,PGMED004,Paracetamol,53,,requested_demand,simulation,PGMED004,0,5,synthetic
2026-05-31,HOSP_A,PGMED005,Salbutamol,66,,requested_demand,simulation,PGMED005,0,5,synthetic
2026-05-31,HOSP_B,PGMED001,Amoxicillin,33,,requested_demand,simulation,PGMED001,0,5,synthetic
2026-05-31,HOSP_B,PGMED002,Atorvastatin,48,,requested_demand,simulation,PGMED002,0,5,synthetic
2026-05-31,HOSP_B,PGMED003,Normal Saline IV,62,,requested_demand,simulation,PGMED003,0,5,synthetic
2026-05-31,HOSP_B,PGMED004,Paracetamol,56,,requested_demand,simulation,PGMED004,0,5,synthetic
2026-05-31,HOSP_B,PGMED005,Salbutamol,85,,requested_demand,simulation,PGMED005,0,5,synthetic
2026-05-31,HOSP_C,PGMED001,Amoxicillin,37,,requested_demand,simulation,PGMED001,0,5,synthetic
2026-05-31,HOSP_C,PGMED002,Atorvastatin,52,,requested_demand,simulation,PGMED002,0,5,synthetic
2026-05-31,HOSP_C,PGMED003,Normal Saline IV,92,,requested_demand,simulation,PGMED003,1,5,synthetic
2026-05-31,HOSP_C,PGMED004,Paracetamol,91,,requested_demand,simulation,PGMED004,0,5,synthetic
2026-05-31,HOSP_C,PGMED005,Salbutamol,110,,requested_demand,simulation,PGMED005,0,5,synthetic
2026-05-31,HOSP_D,PGMED001,Amoxicillin,48,,requested_demand,simulation,PGMED001,0,5,synthetic
2026-05-31,HOSP_D,PGMED002,Atorvastatin,73,,requested_demand,simulation,PGMED002,0,5,synthetic
2026-05-31,HOSP_D,PGMED003,Normal Saline IV,89,,requested_demand,simulation,PGMED003,0,5,synthetic
2026-05-31,HOSP_D,PGMED004,Paracetamol,95,,requested_demand,simulation,PGMED004,0,5,synthetic
2026-05-31,HOSP_D,PGMED005,Salbutamol,109,,requested_demand,simulation,PGMED005,0,5,synthetic
2026-06-01,HOSP_A,PGMED001,Amoxicillin,33,,requested_demand,simulation,PGMED001,0,5,synthetic
2026-06-01,HOSP_A,PGMED002,Atorvastatin,41,,requested_demand,simulation,PGMED002,0,5,synthetic
2026-06-01,HOSP_A,PGMED003,Normal Saline IV,54,,requested_demand,simulation,PGMED003,0,5,synthetic
2026-06-01,HOSP_A,PGMED004,Paracetamol,64,,requested_demand,simulation,PGMED004,0,5,synthetic
2026-06-01,HOSP_A,PGMED005,Salbutamol,74,,requested_demand,simulation,PGMED005,0,5,synthetic
2026-06-01,HOSP_B,PGMED001,Amoxicillin,39,,requested_demand,simulation,PGMED001,0,5,synthetic
2026-06-01,HOSP_B,PGMED002,Atorvastatin,55,,requested_demand,simulation,PGMED002,0,5,synthetic
2026-06-01,HOSP_B,PGMED003,Normal Saline IV,82,,requested_demand,simulation,PGMED003,0,5,synthetic
2026-06-01,HOSP_B,PGMED004,Paracetamol,81,,requested_demand,simulation,PGMED004,0,5,synthetic
2026-06-01,HOSP_B,PGMED005,Salbutamol,110,,requested_demand,simulation,PGMED005,0,5,synthetic
2026-06-01,HOSP_C,PGMED001,Amoxicillin,51,,requested_demand,simulation,PGMED001,0,5,synthetic
2026-06-01,HOSP_C,PGMED002,Atorvastatin,60,,requested_demand,simulation,PGMED002,0,5,synthetic
2026-06-01,HOSP_C,PGMED003,Normal Saline IV,118,,requested_demand,simulation,PGMED003,1,5,synthetic
2026-06-01,HOSP_C,PGMED004,Paracetamol,101,,requested_demand,simulation,PGMED004,0,5,synthetic
2026-06-01,HOSP_C,PGMED005,Salbutamol,119,,requested_demand,simulation,PGMED005,0,5,synthetic
2026-06-01,HOSP_D,PGMED001,Amoxicillin,63,,requested_demand,simulation,PGMED001,0,5,synthetic
2026-06-01,HOSP_D,PGMED002,Atorvastatin,82,,requested_demand,simulation,PGMED002,0,5,synthetic
2026-06-01,HOSP_D,PGMED003,Normal Saline IV,99,,requested_demand,simulation,PGMED003,0,5,synthetic
2026-06-01,HOSP_D,PGMED004,Paracetamol,114,,requested_demand,simulation,PGMED004,0,5,synthetic
2026-06-01,HOSP_D,PGMED005,Salbutamol,139,,requested_demand,simulation,PGMED005,0,5,synthetic
2026-06-02,HOSP_A,PGMED001,Amoxicillin,38,,requested_demand,simulation,PGMED001,0,5,synthetic
2026-06-02,HOSP_A,PGMED002,Atorvastatin,46,,requested_demand,simulation,PGMED002,0,5,synthetic
2026-06-02,HOSP_A,PGMED003,Normal Saline IV,64,,requested_demand,simulation,PGMED003,0,5,synthetic
2026-06-02,HOSP_A,PGMED004,Paracetamol,79,,requested_demand,simulation,PGMED004,0,5,synthetic
2026-06-02,HOSP_A,PGMED005,Salbutamol,91,,requested_demand,simulation,PGMED005,0,5,synthetic
2026-06-02,HOSP_B,PGMED001,Amoxicillin,46,,requested_demand,simulation,PGMED001,0,5,synthetic
2026-06-02,HOSP_B,PGMED002,Atorvastatin,63,,requested_demand,simulation,PGMED002,0,5,synthetic
2026-06-02,HOSP_B,PGMED003,Normal Saline IV,81,,requested_demand,simulation,PGMED003,0,5,synthetic
2026-06-02,HOSP_B,PGMED004,Paracetamol,94,,requested_demand,simulation,PGMED004,0,5,synthetic
2026-06-02,HOSP_B,PGMED005,Salbutamol,157,,requested_demand,simulation,PGMED005,1,5,synthetic
2026-06-02,HOSP_C,PGMED001,Amoxicillin,60,,requested_demand,simulation,PGMED001,0,5,synthetic
2026-06-02,HOSP_C,PGMED002,Atorvastatin,78,,requested_demand,simulation,PGMED002,0,5,synthetic
2026-06-02,HOSP_C,PGMED003,Normal Saline IV,136,,requested_demand,simulation,PGMED003,1,5,synthetic
2026-06-02,HOSP_C,PGMED004,Paracetamol,118,,requested_demand,simulation,PGMED004,0,5,synthetic
2026-06-02,HOSP_C,PGMED005,Salbutamol,132,,requested_demand,simulation,PGMED005,0,5,synthetic
2026-06-02,HOSP_D,PGMED001,Amoxicillin,59,,requested_demand,simulation,PGMED001,0,5,synthetic
2026-06-02,HOSP_D,PGMED002,Atorvastatin,99,,requested_demand,simulation,PGMED002,0,5,synthetic
2026-06-02,HOSP_D,PGMED003,Normal Saline IV,119,,requested_demand,simulation,PGMED003,0,5,synthetic
2026-06-02,HOSP_D,PGMED004,Paracetamol,129,,requested_demand,simulation,PGMED004,0,5,synthetic
2026-06-02,HOSP_D,PGMED005,Salbutamol,162,,requested_demand,simulation,PGMED005,0,5,synthetic
2026-06-03,HOSP_A,PGMED001,Amoxicillin,40,,requested_demand,simulation,PGMED001,0,5,synthetic
2026-06-03,HOSP_A,PGMED002,Atorvastatin,49,,requested_demand,simulation,PGMED002,0,5,synthetic
2026-06-03,HOSP_A,PGMED003,Normal Saline IV,63,,requested_demand,simulation,PGMED003,0,5,synthetic
2026-06-03,HOSP_A,PGMED004,Paracetamol,82,,requested_demand,simulation,PGMED004,0,5,synthetic
2026-06-03,HOSP_A,PGMED005,Salbutamol,91,,requested_demand,simulation,PGMED005,0,5,synthetic
2026-06-03,HOSP_B,PGMED001,Amoxicillin,49,,requested_demand,simulation,PGMED001,0,5,synthetic
2026-06-03,HOSP_B,PGMED002,Atorvastatin,70,,requested_demand,simulation,PGMED002,0,5,synthetic
2026-06-03,HOSP_B,PGMED003,Normal Saline IV,81,,requested_demand,simulation,PGMED003,0,5,synthetic
2026-06-03,HOSP_B,PGMED004,Paracetamol,96,,requested_demand,simulation,PGMED004,0,5,synthetic
2026-06-03,HOSP_B,PGMED005,Salbutamol,167,,requested_demand,simulation,PGMED005,1,5,synthetic
2026-06-03,HOSP_C,PGMED001,Amoxicillin,57,,requested_demand,simulation,PGMED001,0,5,synthetic
2026-06-03,HOSP_C,PGMED002,Atorvastatin,82,,requested_demand,simulation,PGMED002,0,5,synthetic
2026-06-03,HOSP_C,PGMED003,Normal Saline IV,145,,requested_demand,simulation,PGMED003,1,5,synthetic
2026-06-03,HOSP_C,PGMED004,Paracetamol,125,,requested_demand,simulation,PGMED004,0,5,synthetic
2026-06-03,HOSP_C,PGMED005,Salbutamol,139,,requested_demand,simulation,PGMED005,0,5,synthetic
2026-06-03,HOSP_D,PGMED001,Amoxicillin,69,,requested_demand,simulation,PGMED001,0,5,synthetic
2026-06-03,HOSP_D,PGMED002,Atorvastatin,94,,requested_demand,simulation,PGMED002,0,5,synthetic
2026-06-03,HOSP_D,PGMED003,Normal Saline IV,108,,requested_demand,simulation,PGMED003,0,5,synthetic
2026-06-03,HOSP_D,PGMED004,Paracetamol,141,,requested_demand,simulation,PGMED004,0,5,synthetic
2026-06-03,HOSP_D,PGMED005,Salbutamol,163,,requested_demand,simulation,PGMED005,0,5,synthetic
2026-06-04,HOSP_A,PGMED001,Amoxicillin,39,,requested_demand,simulation,PGMED001,0,5,synthetic
2026-06-04,HOSP_A,PGMED002,Atorvastatin,43,,requested_demand,simulation,PGMED002,0,5,synthetic
2026-06-04,HOSP_A,PGMED003,Normal Saline IV,59,,requested_demand,simulation,PGMED003,0,5,synthetic
2026-06-04,HOSP_A,PGMED004,Paracetamol,74,,requested_demand,simulation,PGMED004,0,5,synthetic
2026-06-04,HOSP_A,PGMED005,Salbutamol,80,,requested_demand,simulation,PGMED005,0,5,synthetic
2026-06-04,HOSP_B,PGMED001,Amoxicillin,41,,requested_demand,simulation,PGMED001,0,5,synthetic
2026-06-04,HOSP_B,PGMED002,Atorvastatin,52,,requested_demand,simulation,PGMED002,0,5,synthetic
2026-06-04,HOSP_B,PGMED003,Normal Saline IV,79,,requested_demand,simulation,PGMED003,0,5,synthetic
2026-06-04,HOSP_B,PGMED004,Paracetamol,95,,requested_demand,simulation,PGMED004,0,5,synthetic
2026-06-04,HOSP_B,PGMED005,Salbutamol,156,,requested_demand,simulation,PGMED005,1,5,synthetic
2026-06-04,HOSP_C,PGMED001,Amoxicillin,50,,requested_demand,simulation,PGMED001,0,5,synthetic
2026-06-04,HOSP_C,PGMED002,Atorvastatin,69,,requested_demand,simulation,PGMED002,0,5,synthetic
2026-06-04,HOSP_C,PGMED003,Normal Saline IV,129,,requested_demand,simulation,PGMED003,1,5,synthetic
2026-06-04,HOSP_C,PGMED004,Paracetamol,104,,requested_demand,simulation,PGMED004,0,5,synthetic
2026-06-04,HOSP_C,PGMED005,Salbutamol,137,,requested_demand,simulation,PGMED005,0,5,synthetic
2026-06-04,HOSP_D,PGMED001,Amoxicillin,57,,requested_demand,simulation,PGMED001,0,5,synthetic
2026-06-04,HOSP_D,PGMED002,Atorvastatin,97,,requested_demand,simulation,PGMED002,0,5,synthetic
2026-06-04,HOSP_D,PGMED003,Normal Saline IV,112,,requested_demand,simulation,PGMED003,0,5,synthetic
2026-06-04,HOSP_D,PGMED004,Paracetamol,127,,requested_demand,simulation,PGMED004,0,5,synthetic
2026-06-04,HOSP_D,PGMED005,Salbutamol,153,,requested_demand,simulation,PGMED005,0,5,synthetic
2026-06-05,HOSP_A,PGMED001,Amoxicillin,29,,requested_demand,simulation,PGMED001,0,5,synthetic
2026-06-05,HOSP_A,PGMED002,Atorvastatin,38,,requested_demand,simulation,PGMED002,0,5,synthetic
2026-06-05,HOSP_A,PGMED003,Normal Saline IV,51,,requested_demand,simulation,PGMED003,0,5,synthetic
2026-06-05,HOSP_A,PGMED004,Paracetamol,54,,requested_demand,simulation,PGMED004,0,5,synthetic
2026-06-05,HOSP_A,PGMED005,Salbutamol,75,,requested_demand,simulation,PGMED005,0,5,synthetic
2026-06-05,HOSP_B,PGMED001,Amoxicillin,34,,requested_demand,simulation,PGMED001,0,5,synthetic
2026-06-05,HOSP_B,PGMED002,Atorvastatin,45,,requested_demand,simulation,PGMED002,0,5,synthetic
2026-06-05,HOSP_B,PGMED003,Normal Saline IV,66,,requested_demand,simulation,PGMED003,0,5,synthetic
2026-06-05,HOSP_B,PGMED004,Paracetamol,81,,requested_demand,simulation,PGMED004,0,5,synthetic
2026-06-05,HOSP_B,PGMED005,Salbutamol,126,,requested_demand,simulation,PGMED005,1,5,synthetic
2026-06-05,HOSP_C,PGMED001,Amoxicillin,39,,requested_demand,simulation,PGMED001,0,5,synthetic
2026-06-05,HOSP_C,PGMED002,Atorvastatin,62,,requested_demand,simulation,PGMED002,0,5,synthetic
2026-06-05,HOSP_C,PGMED003,Normal Saline IV,95,,requested_demand,simulation,PGMED003,1,5,synthetic
2026-06-05,HOSP_C,PGMED004,Paracetamol,97,,requested_demand,simulation,PGMED004,0,5,synthetic
2026-06-05,HOSP_C,PGMED005,Salbutamol,117,,requested_demand,simulation,PGMED005,0,5,synthetic
2026-06-05,HOSP_D,PGMED001,Amoxicillin,50,,requested_demand,simulation,PGMED001,0,5,synthetic
2026-06-05,HOSP_D,PGMED002,Atorvastatin,70,,requested_demand,simulation,PGMED002,0,5,synthetic
2026-06-05,HOSP_D,PGMED003,Normal Saline IV,91,,requested_demand,simulation,PGMED003,0,5,synthetic
2026-06-05,HOSP_D,PGMED004,Paracetamol,91,,requested_demand,simulation,PGMED004,0,5,synthetic
2026-06-05,HOSP_D,PGMED005,Salbutamol,124,,requested_demand,simulation,PGMED005,0,5,synthetic
2026-06-06,HOSP_A,PGMED001,Amoxicillin,29,,requested_demand,simulation,PGMED001,0,5,synthetic
2026-06-06,HOSP_A,PGMED002,Atorvastatin,29,,requested_demand,simulation,PGMED002,0,5,synthetic
2026-06-06,HOSP_A,PGMED003,Normal Saline IV,48,,requested_demand,simulation,PGMED003,0,5,synthetic
2026-06-06,HOSP_A,PGMED004,Paracetamol,55,,requested_demand,simulation,PGMED004,0,5,synthetic
2026-06-06,HOSP_A,PGMED005,Salbutamol,66,,requested_demand,simulation,PGMED005,0,5,synthetic
2026-06-06,HOSP_B,PGMED001,Amoxicillin,35,,requested_demand,simulation,PGMED001,0,5,synthetic
2026-06-06,HOSP_B,PGMED002,Atorvastatin,40,,requested_demand,simulation,PGMED002,0,5,synthetic
2026-06-06,HOSP_B,PGMED003,Normal Saline IV,55,,requested_demand,simulation,PGMED003,0,5,synthetic
2026-06-06,HOSP_B,PGMED004,Paracetamol,65,,requested_demand,simulation,PGMED004,0,5,synthetic
2026-06-06,HOSP_B,PGMED005,Salbutamol,108,,requested_demand,simulation,PGMED005,1,5,synthetic
2026-06-06,HOSP_C,PGMED001,Amoxicillin,39,,requested_demand,simulation,PGMED001,0,5,synthetic
2026-06-06,HOSP_C,PGMED002,Atorvastatin,55,,requested_demand,simulation,PGMED002,0,5,synthetic
2026-06-06,HOSP_C,PGMED003,Normal Saline IV,90,,requested_demand,simulation,PGMED003,1,5,synthetic
2026-06-06,HOSP_C,PGMED004,Paracetamol,87,,requested_demand,simulation,PGMED004,0,5,synthetic
2026-06-06,HOSP_C,PGMED005,Salbutamol,89,,requested_demand,simulation,PGMED005,0,5,synthetic
2026-06-06,HOSP_D,PGMED001,Amoxicillin,44,,requested_demand,simulation,PGMED001,0,5,synthetic
2026-06-06,HOSP_D,PGMED002,Atorvastatin,60,,requested_demand,simulation,PGMED002,0,5,synthetic
2026-06-06,HOSP_D,PGMED003,Normal Saline IV,83,,requested_demand,simulation,PGMED003,0,5,synthetic
2026-06-06,HOSP_D,PGMED004,Paracetamol,96,,requested_demand,simulation,PGMED004,0,5,synthetic
2026-06-06,HOSP_D,PGMED005,Salbutamol,106,,requested_demand,simulation,PGMED005,0,5,synthetic
2026-06-07,HOSP_A,PGMED001,Amoxicillin,25,,requested_demand,simulation,PGMED001,0,5,synthetic
2026-06-07,HOSP_A,PGMED002,Atorvastatin,32,,requested_demand,simulation,PGMED002,0,5,synthetic
2026-06-07,HOSP_A,PGMED003,Normal Saline IV,54,,requested_demand,simulation,PGMED003,0,5,synthetic
2026-06-07,HOSP_A,PGMED004,Paracetamol,52,,requested_demand,simulation,PGMED004,0,5,synthetic
2026-06-07,HOSP_A,PGMED005,Salbutamol,59,,requested_demand,simulation,PGMED005,0,5,synthetic
2026-06-07,HOSP_B,PGMED001,Amoxicillin,32,,requested_demand,simulation,PGMED001,0,5,synthetic
2026-06-07,HOSP_B,PGMED002,Atorvastatin,45,,requested_demand,simulation,PGMED002,0,5,synthetic
2026-06-07,HOSP_B,PGMED003,Normal Saline IV,55,,requested_demand,simulation,PGMED003,0,5,synthetic
2026-06-07,HOSP_B,PGMED004,Paracetamol,59,,requested_demand,simulation,PGMED004,0,5,synthetic
2026-06-07,HOSP_B,PGMED005,Salbutamol,70,,requested_demand,simulation,PGMED005,0,5,synthetic
2026-06-07,HOSP_C,PGMED001,Amoxicillin,40,,requested_demand,simulation,PGMED001,0,5,synthetic
2026-06-07,HOSP_C,PGMED002,Atorvastatin,49,,requested_demand,simulation,PGMED002,0,5,synthetic
2026-06-07,HOSP_C,PGMED003,Normal Saline IV,71,,requested_demand,simulation,PGMED003,0,5,synthetic
2026-06-07,HOSP_C,PGMED004,Paracetamol,101,,requested_demand,simulation,PGMED004,0,5,synthetic
2026-06-07,HOSP_C,PGMED005,Salbutamol,99,,requested_demand,simulation,PGMED005,0,5,synthetic
2026-06-07,HOSP_D,PGMED001,Amoxicillin,46,,requested_demand,simulation,PGMED001,0,5,synthetic
2026-06-07,HOSP_D,PGMED002,Atorvastatin,61,,requested_demand,simulation,PGMED002,0,5,synthetic
2026-06-07,HOSP_D,PGMED003,Normal Saline IV,86,,requested_demand,simulation,PGMED003,0,5,synthetic
2026-06-07,HOSP_D,PGMED004,Paracetamol,93,,requested_demand,simulation,PGMED004,0,5,synthetic
2026-06-07,HOSP_D,PGMED005,Salbutamol,129,,requested_demand,simulation,PGMED005,0,5,synthetic
2026-06-08,HOSP_A,PGMED001,Amoxicillin,33,,requested_demand,simulation,PGMED001,0,5,synthetic
2026-06-08,HOSP_A,PGMED002,Atorvastatin,47,,requested_demand,simulation,PGMED002,0,5,synthetic
2026-06-08,HOSP_A,PGMED003,Normal Saline IV,53,,requested_demand,simulation,PGMED003,0,5,synthetic
2026-06-08,HOSP_A,PGMED004,Paracetamol,67,,requested_demand,simulation,PGMED004,0,5,synthetic
2026-06-08,HOSP_A,PGMED005,Salbutamol,79,,requested_demand,simulation,PGMED005,0,5,synthetic
2026-06-08,HOSP_B,PGMED001,Amoxicillin,36,,requested_demand,simulation,PGMED001,0,5,synthetic
2026-06-08,HOSP_B,PGMED002,Atorvastatin,54,,requested_demand,simulation,PGMED002,0,5,synthetic
2026-06-08,HOSP_B,PGMED003,Normal Saline IV,80,,requested_demand,simulation,PGMED003,0,5,synthetic
2026-06-08,HOSP_B,PGMED004,Paracetamol,85,,requested_demand,simulation,PGMED004,0,5,synthetic
2026-06-08,HOSP_B,PGMED005,Salbutamol,103,,requested_demand,simulation,PGMED005,0,5,synthetic
2026-06-08,HOSP_C,PGMED001,Amoxicillin,45,,requested_demand,simulation,PGMED001,0,5,synthetic
2026-06-08,HOSP_C,PGMED002,Atorvastatin,65,,requested_demand,simulation,PGMED002,0,5,synthetic
2026-06-08,HOSP_C,PGMED003,Normal Saline IV,82,,requested_demand,simulation,PGMED003,0,5,synthetic
2026-06-08,HOSP_C,PGMED004,Paracetamol,99,,requested_demand,simulation,PGMED004,0,5,synthetic
2026-06-08,HOSP_C,PGMED005,Salbutamol,118,,requested_demand,simulation,PGMED005,0,5,synthetic
2026-06-08,HOSP_D,PGMED001,Amoxicillin,55,,requested_demand,simulation,PGMED001,0,5,synthetic
2026-06-08,HOSP_D,PGMED002,Atorvastatin,90,,requested_demand,simulation,PGMED002,0,5,synthetic
2026-06-08,HOSP_D,PGMED003,Normal Saline IV,93,,requested_demand,simulation,PGMED003,0,5,synthetic
2026-06-08,HOSP_D,PGMED004,Paracetamol,121,,requested_demand,simulation,PGMED004,0,5,synthetic
2026-06-08,HOSP_D,PGMED005,Salbutamol,146,,requested_demand,simulation,PGMED005,0,5,synthetic
2026-06-09,HOSP_A,PGMED001,Amoxicillin,39,,requested_demand,simulation,PGMED001,0,5,synthetic
2026-06-09,HOSP_A,PGMED002,Atorvastatin,45,,requested_demand,simulation,PGMED002,0,5,synthetic
2026-06-09,HOSP_A,PGMED003,Normal Saline IV,67,,requested_demand,simulation,PGMED003,0,5,synthetic
2026-06-09,HOSP_A,PGMED004,Paracetamol,71,,requested_demand,simulation,PGMED004,0,5,synthetic
2026-06-09,HOSP_A,PGMED005,Salbutamol,97,,requested_demand,simulation,PGMED005,0,5,synthetic
2026-06-09,HOSP_B,PGMED001,Amoxicillin,47,,requested_demand,simulation,PGMED001,0,5,synthetic
2026-06-09,HOSP_B,PGMED002,Atorvastatin,58,,requested_demand,simulation,PGMED002,0,5,synthetic
2026-06-09,HOSP_B,PGMED003,Normal Saline IV,83,,requested_demand,simulation,PGMED003,0,5,synthetic
2026-06-09,HOSP_B,PGMED004,Paracetamol,98,,requested_demand,simulation,PGMED004,0,5,synthetic
2026-06-09,HOSP_B,PGMED005,Salbutamol,114,,requested_demand,simulation,PGMED005,0,5,synthetic
2026-06-09,HOSP_C,PGMED001,Amoxicillin,58,,requested_demand,simulation,PGMED001,0,5,synthetic
2026-06-09,HOSP_C,PGMED002,Atorvastatin,81,,requested_demand,simulation,PGMED002,0,5,synthetic
2026-06-09,HOSP_C,PGMED003,Normal Saline IV,99,,requested_demand,simulation,PGMED003,0,5,synthetic
2026-06-09,HOSP_C,PGMED004,Paracetamol,115,,requested_demand,simulation,PGMED004,0,5,synthetic
2026-06-09,HOSP_C,PGMED005,Salbutamol,129,,requested_demand,simulation,PGMED005,0,5,synthetic
2026-06-09,HOSP_D,PGMED001,Amoxicillin,66,,requested_demand,simulation,PGMED001,0,5,synthetic
2026-06-09,HOSP_D,PGMED002,Atorvastatin,95,,requested_demand,simulation,PGMED002,0,5,synthetic
2026-06-09,HOSP_D,PGMED003,Normal Saline IV,106,,requested_demand,simulation,PGMED003,0,5,synthetic
2026-06-09,HOSP_D,PGMED004,Paracetamol,127,,requested_demand,simulation,PGMED004,0,5,synthetic
2026-06-09,HOSP_D,PGMED005,Salbutamol,153,,requested_demand,simulation,PGMED005,0,5,synthetic
2026-06-10,HOSP_A,PGMED001,Amoxicillin,42,,requested_demand,simulation,PGMED001,0,5,synthetic
2026-06-10,HOSP_A,PGMED002,Atorvastatin,47,,requested_demand,simulation,PGMED002,0,5,synthetic
2026-06-10,HOSP_A,PGMED003,Normal Saline IV,65,,requested_demand,simulation,PGMED003,0,5,synthetic
2026-06-10,HOSP_A,PGMED004,Paracetamol,81,,requested_demand,simulation,PGMED004,0,5,synthetic
2026-06-10,HOSP_A,PGMED005,Salbutamol,100,,requested_demand,simulation,PGMED005,0,5,synthetic
2026-06-10,HOSP_B,PGMED001,Amoxicillin,67,,requested_demand,simulation,PGMED001,1,5,synthetic
2026-06-10,HOSP_B,PGMED002,Atorvastatin,62,,requested_demand,simulation,PGMED002,0,5,synthetic
2026-06-10,HOSP_B,PGMED003,Normal Saline IV,116,,requested_demand,simulation,PGMED003,1,5,synthetic
2026-06-10,HOSP_B,PGMED004,Paracetamol,100,,requested_demand,simulation,PGMED004,0,5,synthetic
2026-06-10,HOSP_B,PGMED005,Salbutamol,113,,requested_demand,simulation,PGMED005,0,5,synthetic
2026-06-10,HOSP_C,PGMED001,Amoxicillin,58,,requested_demand,simulation,PGMED001,0,5,synthetic
2026-06-10,HOSP_C,PGMED002,Atorvastatin,84,,requested_demand,simulation,PGMED002,0,5,synthetic
2026-06-10,HOSP_C,PGMED003,Normal Saline IV,103,,requested_demand,simulation,PGMED003,0,5,synthetic
2026-06-10,HOSP_C,PGMED004,Paracetamol,126,,requested_demand,simulation,PGMED004,0,5,synthetic
2026-06-10,HOSP_C,PGMED005,Salbutamol,140,,requested_demand,simulation,PGMED005,0,5,synthetic
2026-06-10,HOSP_D,PGMED001,Amoxicillin,66,,requested_demand,simulation,PGMED001,0,5,synthetic
2026-06-10,HOSP_D,PGMED002,Atorvastatin,93,,requested_demand,simulation,PGMED002,0,5,synthetic
2026-06-10,HOSP_D,PGMED003,Normal Saline IV,114,,requested_demand,simulation,PGMED003,0,5,synthetic
2026-06-10,HOSP_D,PGMED004,Paracetamol,141,,requested_demand,simulation,PGMED004,0,5,synthetic
2026-06-10,HOSP_D,PGMED005,Salbutamol,169,,requested_demand,simulation,PGMED005,0,5,synthetic
2026-06-11,HOSP_A,PGMED001,Amoxicillin,38,,requested_demand,simulation,PGMED001,0,5,synthetic
2026-06-11,HOSP_A,PGMED002,Atorvastatin,50,,requested_demand,simulation,PGMED002,0,5,synthetic
2026-06-11,HOSP_A,PGMED003,Normal Saline IV,64,,requested_demand,simulation,PGMED003,0,5,synthetic
2026-06-11,HOSP_A,PGMED004,Paracetamol,69,,requested_demand,simulation,PGMED004,0,5,synthetic
2026-06-11,HOSP_A,PGMED005,Salbutamol,91,,requested_demand,simulation,PGMED005,0,5,synthetic
2026-06-11,HOSP_B,PGMED001,Amoxicillin,57,,requested_demand,simulation,PGMED001,1,5,synthetic
2026-06-11,HOSP_B,PGMED002,Atorvastatin,57,,requested_demand,simulation,PGMED002,0,5,synthetic
2026-06-11,HOSP_B,PGMED003,Normal Saline IV,112,,requested_demand,simulation,PGMED003,1,5,synthetic
2026-06-11,HOSP_B,PGMED004,Paracetamol,94,,requested_demand,simulation,PGMED004,0,5,synthetic
2026-06-11,HOSP_B,PGMED005,Salbutamol,108,,requested_demand,simulation,PGMED005,0,5,synthetic
2026-06-11,HOSP_C,PGMED001,Amoxicillin,51,,requested_demand,simulation,PGMED001,0,5,synthetic
2026-06-11,HOSP_C,PGMED002,Atorvastatin,70,,requested_demand,simulation,PGMED002,0,5,synthetic
2026-06-11,HOSP_C,PGMED003,Normal Saline IV,93,,requested_demand,simulation,PGMED003,0,5,synthetic
2026-06-11,HOSP_C,PGMED004,Paracetamol,115,,requested_demand,simulation,PGMED004,0,5,synthetic
2026-06-11,HOSP_C,PGMED005,Salbutamol,127,,requested_demand,simulation,PGMED005,0,5,synthetic
2026-06-11,HOSP_D,PGMED001,Amoxicillin,57,,requested_demand,simulation,PGMED001,0,5,synthetic
2026-06-11,HOSP_D,PGMED002,Atorvastatin,92,,requested_demand,simulation,PGMED002,0,5,synthetic
2026-06-11,HOSP_D,PGMED003,Normal Saline IV,111,,requested_demand,simulation,PGMED003,0,5,synthetic
2026-06-11,HOSP_D,PGMED004,Paracetamol,126,,requested_demand,simulation,PGMED004,0,5,synthetic
2026-06-11,HOSP_D,PGMED005,Salbutamol,144,,requested_demand,simulation,PGMED005,0,5,synthetic
2026-06-12,HOSP_A,PGMED001,Amoxicillin,33,,requested_demand,simulation,PGMED001,0,5,synthetic
2026-06-12,HOSP_A,PGMED002,Atorvastatin,46,,requested_demand,simulation,PGMED002,0,5,synthetic
2026-06-12,HOSP_A,PGMED003,Normal Saline IV,52,,requested_demand,simulation,PGMED003,0,5,synthetic
2026-06-12,HOSP_A,PGMED004,Paracetamol,55,,requested_demand,simulation,PGMED004,0,5,synthetic
2026-06-12,HOSP_A,PGMED005,Salbutamol,73,,requested_demand,simulation,PGMED005,0,5,synthetic
2026-06-12,HOSP_B,PGMED001,Amoxicillin,51,,requested_demand,simulation,PGMED001,1,5,synthetic
2026-06-12,HOSP_B,PGMED002,Atorvastatin,58,,requested_demand,simulation,PGMED002,0,5,synthetic
2026-06-12,HOSP_B,PGMED003,Normal Saline IV,90,,requested_demand,simulation,PGMED003,1,5,synthetic
2026-06-12,HOSP_B,PGMED004,Paracetamol,69,,requested_demand,simulation,PGMED004,0,5,synthetic
2026-06-12,HOSP_B,PGMED005,Salbutamol,87,,requested_demand,simulation,PGMED005,0,5,synthetic
2026-06-12,HOSP_C,PGMED001,Amoxicillin,44,,requested_demand,simulation,PGMED001,0,5,synthetic
2026-06-12,HOSP_C,PGMED002,Atorvastatin,63,,requested_demand,simulation,PGMED002,0,5,synthetic
2026-06-12,HOSP_C,PGMED003,Normal Saline IV,75,,requested_demand,simulation,PGMED003,0,5,synthetic
2026-06-12,HOSP_C,PGMED004,Paracetamol,90,,requested_demand,simulation,PGMED004,0,5,synthetic
2026-06-12,HOSP_C,PGMED005,Salbutamol,115,,requested_demand,simulation,PGMED005,0,5,synthetic
2026-06-12,HOSP_D,PGMED001,Amoxicillin,54,,requested_demand,simulation,PGMED001,0,5,synthetic
2026-06-12,HOSP_D,PGMED002,Atorvastatin,76,,requested_demand,simulation,PGMED002,0,5,synthetic
2026-06-12,HOSP_D,PGMED003,Normal Saline IV,94,,requested_demand,simulation,PGMED003,0,5,synthetic
2026-06-12,HOSP_D,PGMED004,Paracetamol,109,,requested_demand,simulation,PGMED004,0,5,synthetic
2026-06-12,HOSP_D,PGMED005,Salbutamol,116,,requested_demand,simulation,PGMED005,0,5,synthetic
2026-06-13,HOSP_A,PGMED001,Amoxicillin,27,,requested_demand,simulation,PGMED001,0,5,synthetic
2026-06-13,HOSP_A,PGMED002,Atorvastatin,31,,requested_demand,simulation,PGMED002,0,5,synthetic
2026-06-13,HOSP_A,PGMED003,Normal Saline IV,40,,requested_demand,simulation,PGMED003,0,5,synthetic
2026-06-13,HOSP_A,PGMED004,Paracetamol,56,,requested_demand,simulation,PGMED004,0,5,synthetic
2026-06-13,HOSP_A,PGMED005,Salbutamol,60,,requested_demand,simulation,PGMED005,0,5,synthetic
2026-06-13,HOSP_B,PGMED001,Amoxicillin,46,,requested_demand,simulation,PGMED001,1,5,synthetic
2026-06-13,HOSP_B,PGMED002,Atorvastatin,50,,requested_demand,simulation,PGMED002,0,5,synthetic
2026-06-13,HOSP_B,PGMED003,Normal Saline IV,79,,requested_demand,simulation,PGMED003,1,5,synthetic
2026-06-13,HOSP_B,PGMED004,Paracetamol,103,,requested_demand,simulation,PGMED004,1,5,synthetic
2026-06-13,HOSP_B,PGMED005,Salbutamol,77,,requested_demand,simulation,PGMED005,0,5,synthetic
2026-06-13,HOSP_C,PGMED001,Amoxicillin,43,,requested_demand,simulation,PGMED001,0,5,synthetic
2026-06-13,HOSP_C,PGMED002,Atorvastatin,59,,requested_demand,simulation,PGMED002,0,5,synthetic
2026-06-13,HOSP_C,PGMED003,Normal Saline IV,58,,requested_demand,simulation,PGMED003,0,5,synthetic
2026-06-13,HOSP_C,PGMED004,Paracetamol,79,,requested_demand,simulation,PGMED004,0,5,synthetic
2026-06-13,HOSP_C,PGMED005,Salbutamol,103,,requested_demand,simulation,PGMED005,0,5,synthetic
2026-06-13,HOSP_D,PGMED001,Amoxicillin,48,,requested_demand,simulation,PGMED001,0,5,synthetic
2026-06-13,HOSP_D,PGMED002,Atorvastatin,73,,requested_demand,simulation,PGMED002,0,5,synthetic
2026-06-13,HOSP_D,PGMED003,Normal Saline IV,72,,requested_demand,simulation,PGMED003,0,5,synthetic
2026-06-13,HOSP_D,PGMED004,Paracetamol,95,,requested_demand,simulation,PGMED004,0,5,synthetic
2026-06-13,HOSP_D,PGMED005,Salbutamol,119,,requested_demand,simulation,PGMED005,0,5,synthetic
2026-06-14,HOSP_A,PGMED001,Amoxicillin,28,,requested_demand,simulation,PGMED001,0,5,synthetic
2026-06-14,HOSP_A,PGMED002,Atorvastatin,34,,requested_demand,simulation,PGMED002,0,5,synthetic
2026-06-14,HOSP_A,PGMED003,Normal Saline IV,51,,requested_demand,simulation,PGMED003,0,5,synthetic
2026-06-14,HOSP_A,PGMED004,Paracetamol,57,,requested_demand,simulation,PGMED004,0,5,synthetic
2026-06-14,HOSP_A,PGMED005,Salbutamol,62,,requested_demand,simulation,PGMED005,0,5,synthetic
2026-06-14,HOSP_B,PGMED001,Amoxicillin,48,,requested_demand,simulation,PGMED001,1,5,synthetic
2026-06-14,HOSP_B,PGMED002,Atorvastatin,45,,requested_demand,simulation,PGMED002,0,5,synthetic
2026-06-14,HOSP_B,PGMED003,Normal Saline IV,86,,requested_demand,simulation,PGMED003,1,5,synthetic
2026-06-14,HOSP_B,PGMED004,Paracetamol,92,,requested_demand,simulation,PGMED004,1,5,synthetic
2026-06-14,HOSP_B,PGMED005,Salbutamol,87,,requested_demand,simulation,PGMED005,0,5,synthetic
2026-06-14,HOSP_C,PGMED001,Amoxicillin,43,,requested_demand,simulation,PGMED001,0,5,synthetic
2026-06-14,HOSP_C,PGMED002,Atorvastatin,61,,requested_demand,simulation,PGMED002,0,5,synthetic
2026-06-14,HOSP_C,PGMED003,Normal Saline IV,68,,requested_demand,simulation,PGMED003,0,5,synthetic
2026-06-14,HOSP_C,PGMED004,Paracetamol,89,,requested_demand,simulation,PGMED004,0,5,synthetic
2026-06-14,HOSP_C,PGMED005,Salbutamol,97,,requested_demand,simulation,PGMED005,0,5,synthetic
2026-06-14,HOSP_D,PGMED001,Amoxicillin,51,,requested_demand,simulation,PGMED001,0,5,synthetic
2026-06-14,HOSP_D,PGMED002,Atorvastatin,60,,requested_demand,simulation,PGMED002,0,5,synthetic
2026-06-14,HOSP_D,PGMED003,Normal Saline IV,78,,requested_demand,simulation,PGMED003,0,5,synthetic
2026-06-14,HOSP_D,PGMED004,Paracetamol,97,,requested_demand,simulation,PGMED004,0,5,synthetic
2026-06-14,HOSP_D,PGMED005,Salbutamol,102,,requested_demand,simulation,PGMED005,0,5,synthetic
2026-06-15,HOSP_A,PGMED001,Amoxicillin,36,,requested_demand,simulation,PGMED001,0,5,synthetic
2026-06-15,HOSP_A,PGMED002,Atorvastatin,43,,requested_demand,simulation,PGMED002,0,5,synthetic
2026-06-15,HOSP_A,PGMED003,Normal Saline IV,79,,requested_demand,simulation,PGMED003,1,5,synthetic
2026-06-15,HOSP_A,PGMED004,Paracetamol,64,,requested_demand,simulation,PGMED004,0,5,synthetic
2026-06-15,HOSP_A,PGMED005,Salbutamol,81,,requested_demand,simulation,PGMED005,0,5,synthetic
2026-06-15,HOSP_B,PGMED001,Amoxicillin,41,,requested_demand,simulation,PGMED001,0,5,synthetic
2026-06-15,HOSP_B,PGMED002,Atorvastatin,54,,requested_demand,simulation,PGMED002,0,5,synthetic
2026-06-15,HOSP_B,PGMED003,Normal Saline IV,94,,requested_demand,simulation,PGMED003,1,5,synthetic
2026-06-15,HOSP_B,PGMED004,Paracetamol,119,,requested_demand,simulation,PGMED004,1,5,synthetic
2026-06-15,HOSP_B,PGMED005,Salbutamol,92,,requested_demand,simulation,PGMED005,0,5,synthetic
2026-06-15,HOSP_C,PGMED001,Amoxicillin,49,,requested_demand,simulation,PGMED001,0,5,synthetic
2026-06-15,HOSP_C,PGMED002,Atorvastatin,69,,requested_demand,simulation,PGMED002,0,5,synthetic
2026-06-15,HOSP_C,PGMED003,Normal Saline IV,85,,requested_demand,simulation,PGMED003,0,5,synthetic
2026-06-15,HOSP_C,PGMED004,Paracetamol,97,,requested_demand,simulation,PGMED004,0,5,synthetic
2026-06-15,HOSP_C,PGMED005,Salbutamol,116,,requested_demand,simulation,PGMED005,0,5,synthetic
2026-06-15,HOSP_D,PGMED001,Amoxicillin,51,,requested_demand,simulation,PGMED001,0,5,synthetic
2026-06-15,HOSP_D,PGMED002,Atorvastatin,78,,requested_demand,simulation,PGMED002,0,5,synthetic
2026-06-15,HOSP_D,PGMED003,Normal Saline IV,95,,requested_demand,simulation,PGMED003,0,5,synthetic
2026-06-15,HOSP_D,PGMED004,Paracetamol,107,,requested_demand,simulation,PGMED004,0,5,synthetic
2026-06-15,HOSP_D,PGMED005,Salbutamol,145,,requested_demand,simulation,PGMED005,0,5,synthetic
2026-06-16,HOSP_A,PGMED001,Amoxicillin,39,,requested_demand,simulation,PGMED001,0,5,synthetic
2026-06-16,HOSP_A,PGMED002,Atorvastatin,53,,requested_demand,simulation,PGMED002,0,5,synthetic
2026-06-16,HOSP_A,PGMED003,Normal Saline IV,91,,requested_demand,simulation,PGMED003,1,5,synthetic
2026-06-16,HOSP_A,PGMED004,Paracetamol,82,,requested_demand,simulation,PGMED004,0,5,synthetic
2026-06-16,HOSP_A,PGMED005,Salbutamol,94,,requested_demand,simulation,PGMED005,0,5,synthetic
2026-06-16,HOSP_B,PGMED001,Amoxicillin,42,,requested_demand,simulation,PGMED001,0,5,synthetic
2026-06-16,HOSP_B,PGMED002,Atorvastatin,60,,requested_demand,simulation,PGMED002,0,5,synthetic
2026-06-16,HOSP_B,PGMED003,Normal Saline IV,117,,requested_demand,simulation,PGMED003,1,5,synthetic
2026-06-16,HOSP_B,PGMED004,Paracetamol,125,,requested_demand,simulation,PGMED004,1,5,synthetic
2026-06-16,HOSP_B,PGMED005,Salbutamol,121,,requested_demand,simulation,PGMED005,0,5,synthetic
2026-06-16,HOSP_C,PGMED001,Amoxicillin,59,,requested_demand,simulation,PGMED001,0,5,synthetic
2026-06-16,HOSP_C,PGMED002,Atorvastatin,78,,requested_demand,simulation,PGMED002,0,5,synthetic
2026-06-16,HOSP_C,PGMED003,Normal Saline IV,91,,requested_demand,simulation,PGMED003,0,5,synthetic
2026-06-16,HOSP_C,PGMED004,Paracetamol,115,,requested_demand,simulation,PGMED004,0,5,synthetic
2026-06-16,HOSP_C,PGMED005,Salbutamol,140,,requested_demand,simulation,PGMED005,0,5,synthetic
2026-06-16,HOSP_D,PGMED001,Amoxicillin,67,,requested_demand,simulation,PGMED001,0,5,synthetic
2026-06-16,HOSP_D,PGMED002,Atorvastatin,90,,requested_demand,simulation,PGMED002,0,5,synthetic
2026-06-16,HOSP_D,PGMED003,Normal Saline IV,113,,requested_demand,simulation,PGMED003,0,5,synthetic
2026-06-16,HOSP_D,PGMED004,Paracetamol,125,,requested_demand,simulation,PGMED004,0,5,synthetic
2026-06-16,HOSP_D,PGMED005,Salbutamol,157,,requested_demand,simulation,PGMED005,0,5,synthetic
2026-06-17,HOSP_A,PGMED001,Amoxicillin,38,,requested_demand,simulation,PGMED001,0,5,synthetic
2026-06-17,HOSP_A,PGMED002,Atorvastatin,47,,requested_demand,simulation,PGMED002,0,5,synthetic
2026-06-17,HOSP_A,PGMED003,Normal Saline IV,93,,requested_demand,simulation,PGMED003,1,5,synthetic
2026-06-17,HOSP_A,PGMED004,Paracetamol,109,,requested_demand,simulation,PGMED004,1,5,synthetic
2026-06-17,HOSP_A,PGMED005,Salbutamol,102,,requested_demand,simulation,PGMED005,0,5,synthetic
2026-06-17,HOSP_B,PGMED001,Amoxicillin,48,,requested_demand,simulation,PGMED001,0,5,synthetic
2026-06-17,HOSP_B,PGMED002,Atorvastatin,86,,requested_demand,simulation,PGMED002,1,5,synthetic
2026-06-17,HOSP_B,PGMED003,Normal Saline IV,127,,requested_demand,simulation,PGMED003,1,5,synthetic
2026-06-17,HOSP_B,PGMED004,Paracetamol,133,,requested_demand,simulation,PGMED004,1,5,synthetic
2026-06-17,HOSP_B,PGMED005,Salbutamol,111,,requested_demand,simulation,PGMED005,0,5,synthetic
2026-06-17,HOSP_C,PGMED001,Amoxicillin,56,,requested_demand,simulation,PGMED001,0,5,synthetic
2026-06-17,HOSP_C,PGMED002,Atorvastatin,80,,requested_demand,simulation,PGMED002,0,5,synthetic
2026-06-17,HOSP_C,PGMED003,Normal Saline IV,103,,requested_demand,simulation,PGMED003,0,5,synthetic
2026-06-17,HOSP_C,PGMED004,Paracetamol,122,,requested_demand,simulation,PGMED004,0,5,synthetic
2026-06-17,HOSP_C,PGMED005,Salbutamol,136,,requested_demand,simulation,PGMED005,0,5,synthetic
2026-06-17,HOSP_D,PGMED001,Amoxicillin,70,,requested_demand,simulation,PGMED001,0,5,synthetic
2026-06-17,HOSP_D,PGMED002,Atorvastatin,86,,requested_demand,simulation,PGMED002,0,5,synthetic
2026-06-17,HOSP_D,PGMED003,Normal Saline IV,111,,requested_demand,simulation,PGMED003,0,5,synthetic
2026-06-17,HOSP_D,PGMED004,Paracetamol,136,,requested_demand,simulation,PGMED004,0,5,synthetic
2026-06-17,HOSP_D,PGMED005,Salbutamol,163,,requested_demand,simulation,PGMED005,0,5,synthetic
2026-06-18,HOSP_A,PGMED001,Amoxicillin,35,,requested_demand,simulation,PGMED001,0,5,synthetic
2026-06-18,HOSP_A,PGMED002,Atorvastatin,45,,requested_demand,simulation,PGMED002,0,5,synthetic
2026-06-18,HOSP_A,PGMED003,Normal Saline IV,86,,requested_demand,simulation,PGMED003,1,5,synthetic
2026-06-18,HOSP_A,PGMED004,Paracetamol,101,,requested_demand,simulation,PGMED004,1,5,synthetic
2026-06-18,HOSP_A,PGMED005,Salbutamol,92,,requested_demand,simulation,PGMED005,0,5,synthetic
2026-06-18,HOSP_B,PGMED001,Amoxicillin,42,,requested_demand,simulation,PGMED001,0,5,synthetic
2026-06-18,HOSP_B,PGMED002,Atorvastatin,83,,requested_demand,simulation,PGMED002,1,5,synthetic
2026-06-18,HOSP_B,PGMED003,Normal Saline IV,79,,requested_demand,simulation,PGMED003,0,5,synthetic
2026-06-18,HOSP_B,PGMED004,Paracetamol,97,,requested_demand,simulation,PGMED004,0,5,synthetic
2026-06-18,HOSP_B,PGMED005,Salbutamol,104,,requested_demand,simulation,PGMED005,0,5,synthetic
2026-06-18,HOSP_C,PGMED001,Amoxicillin,54,,requested_demand,simulation,PGMED001,0,5,synthetic
2026-06-18,HOSP_C,PGMED002,Atorvastatin,77,,requested_demand,simulation,PGMED002,0,5,synthetic
2026-06-18,HOSP_C,PGMED003,Normal Saline IV,95,,requested_demand,simulation,PGMED003,0,5,synthetic
2026-06-18,HOSP_C,PGMED004,Paracetamol,117,,requested_demand,simulation,PGMED004,0,5,synthetic
2026-06-18,HOSP_C,PGMED005,Salbutamol,132,,requested_demand,simulation,PGMED005,0,5,synthetic
2026-06-18,HOSP_D,PGMED001,Amoxicillin,58,,requested_demand,simulation,PGMED001,0,5,synthetic
2026-06-18,HOSP_D,PGMED002,Atorvastatin,91,,requested_demand,simulation,PGMED002,0,5,synthetic
2026-06-18,HOSP_D,PGMED003,Normal Saline IV,100,,requested_demand,simulation,PGMED003,0,5,synthetic
2026-06-18,HOSP_D,PGMED004,Paracetamol,128,,requested_demand,simulation,PGMED004,0,5,synthetic
2026-06-18,HOSP_D,PGMED005,Salbutamol,153,,requested_demand,simulation,PGMED005,0,5,synthetic
2026-06-19,HOSP_A,PGMED001,Amoxicillin,30,,requested_demand,simulation,PGMED001,0,5,synthetic
2026-06-19,HOSP_A,PGMED002,Atorvastatin,40,,requested_demand,simulation,PGMED002,0,5,synthetic
2026-06-19,HOSP_A,PGMED003,Normal Saline IV,75,,requested_demand,simulation,PGMED003,1,5,synthetic
2026-06-19,HOSP_A,PGMED004,Paracetamol,86,,requested_demand,simulation,PGMED004,1,5,synthetic
2026-06-19,HOSP_A,PGMED005,Salbutamol,73,,requested_demand,simulation,PGMED005,0,5,synthetic
2026-06-19,HOSP_B,PGMED001,Amoxicillin,35,,requested_demand,simulation,PGMED001,0,5,synthetic
2026-06-19,HOSP_B,PGMED002,Atorvastatin,67,,requested_demand,simulation,PGMED002,1,5,synthetic
2026-06-19,HOSP_B,PGMED003,Normal Saline IV,64,,requested_demand,simulation,PGMED003,0,5,synthetic
2026-06-19,HOSP_B,PGMED004,Paracetamol,74,,requested_demand,simulation,PGMED004,0,5,synthetic
2026-06-19,HOSP_B,PGMED005,Salbutamol,102,,requested_demand,simulation,PGMED005,0,5,synthetic
2026-06-19,HOSP_C,PGMED001,Amoxicillin,46,,requested_demand,simulation,PGMED001,0,5,synthetic
2026-06-19,HOSP_C,PGMED002,Atorvastatin,64,,requested_demand,simulation,PGMED002,0,5,synthetic
2026-06-19,HOSP_C,PGMED003,Normal Saline IV,77,,requested_demand,simulation,PGMED003,0,5,synthetic
2026-06-19,HOSP_C,PGMED004,Paracetamol,89,,requested_demand,simulation,PGMED004,0,5,synthetic
2026-06-19,HOSP_C,PGMED005,Salbutamol,106,,requested_demand,simulation,PGMED005,0,5,synthetic
2026-06-19,HOSP_D,PGMED001,Amoxicillin,52,,requested_demand,simulation,PGMED001,0,5,synthetic
2026-06-19,HOSP_D,PGMED002,Atorvastatin,71,,requested_demand,simulation,PGMED002,0,5,synthetic
2026-06-19,HOSP_D,PGMED003,Normal Saline IV,86,,requested_demand,simulation,PGMED003,0,5,synthetic
2026-06-19,HOSP_D,PGMED004,Paracetamol,103,,requested_demand,simulation,PGMED004,0,5,synthetic
2026-06-19,HOSP_D,PGMED005,Salbutamol,131,,requested_demand,simulation,PGMED005,0,5,synthetic
2026-06-20,HOSP_A,PGMED001,Amoxicillin,29,,requested_demand,simulation,PGMED001,0,5,synthetic
2026-06-20,HOSP_A,PGMED002,Atorvastatin,35,,requested_demand,simulation,PGMED002,0,5,synthetic
2026-06-20,HOSP_A,PGMED003,Normal Saline IV,46,,requested_demand,simulation,PGMED003,0,5,synthetic
2026-06-20,HOSP_A,PGMED004,Paracetamol,72,,requested_demand,simulation,PGMED004,1,5,synthetic
2026-06-20,HOSP_A,PGMED005,Salbutamol,59,,requested_demand,simulation,PGMED005,0,5,synthetic
2026-06-20,HOSP_B,PGMED001,Amoxicillin,34,,requested_demand,simulation,PGMED001,0,5,synthetic
2026-06-20,HOSP_B,PGMED002,Atorvastatin,62,,requested_demand,simulation,PGMED002,1,5,synthetic
2026-06-20,HOSP_B,PGMED003,Normal Saline IV,55,,requested_demand,simulation,PGMED003,0,5,synthetic
2026-06-20,HOSP_B,PGMED004,Paracetamol,70,,requested_demand,simulation,PGMED004,0,5,synthetic
2026-06-20,HOSP_B,PGMED005,Salbutamol,87,,requested_demand,simulation,PGMED005,0,5,synthetic
2026-06-20,HOSP_C,PGMED001,Amoxicillin,39,,requested_demand,simulation,PGMED001,0,5,synthetic
2026-06-20,HOSP_C,PGMED002,Atorvastatin,58,,requested_demand,simulation,PGMED002,0,5,synthetic
2026-06-20,HOSP_C,PGMED003,Normal Saline IV,52,,requested_demand,simulation,PGMED003,0,5,synthetic
2026-06-20,HOSP_C,PGMED004,Paracetamol,71,,requested_demand,simulation,PGMED004,0,5,synthetic
2026-06-20,HOSP_C,PGMED005,Salbutamol,88,,requested_demand,simulation,PGMED005,0,5,synthetic
2026-06-20,HOSP_D,PGMED001,Amoxicillin,45,,requested_demand,simulation,PGMED001,0,5,synthetic
2026-06-20,HOSP_D,PGMED002,Atorvastatin,67,,requested_demand,simulation,PGMED002,0,5,synthetic
2026-06-20,HOSP_D,PGMED003,Normal Saline IV,112,,requested_demand,simulation,PGMED003,1,5,synthetic
2026-06-20,HOSP_D,PGMED004,Paracetamol,99,,requested_demand,simulation,PGMED004,0,5,synthetic
2026-06-20,HOSP_D,PGMED005,Salbutamol,104,,requested_demand,simulation,PGMED005,0,5,synthetic
2026-06-21,HOSP_A,PGMED001,Amoxicillin,29,,requested_demand,simulation,PGMED001,0,5,synthetic
2026-06-21,HOSP_A,PGMED002,Atorvastatin,34,,requested_demand,simulation,PGMED002,0,5,synthetic
2026-06-21,HOSP_A,PGMED003,Normal Saline IV,50,,requested_demand,simulation,PGMED003,0,5,synthetic
2026-06-21,HOSP_A,PGMED004,Paracetamol,80,,requested_demand,simulation,PGMED004,1,5,synthetic
2026-06-21,HOSP_A,PGMED005,Salbutamol,66,,requested_demand,simulation,PGMED005,0,5,synthetic
2026-06-21,HOSP_B,PGMED001,Amoxicillin,37,,requested_demand,simulation,PGMED001,0,5,synthetic
2026-06-21,HOSP_B,PGMED002,Atorvastatin,60,,requested_demand,simulation,PGMED002,1,5,synthetic
2026-06-21,HOSP_B,PGMED003,Normal Saline IV,58,,requested_demand,simulation,PGMED003,0,5,synthetic
2026-06-21,HOSP_B,PGMED004,Paracetamol,71,,requested_demand,simulation,PGMED004,0,5,synthetic
2026-06-21,HOSP_B,PGMED005,Salbutamol,85,,requested_demand,simulation,PGMED005,0,5,synthetic
2026-06-21,HOSP_C,PGMED001,Amoxicillin,43,,requested_demand,simulation,PGMED001,0,5,synthetic
2026-06-21,HOSP_C,PGMED002,Atorvastatin,59,,requested_demand,simulation,PGMED002,0,5,synthetic
2026-06-21,HOSP_C,PGMED003,Normal Saline IV,64,,requested_demand,simulation,PGMED003,0,5,synthetic
2026-06-21,HOSP_C,PGMED004,Paracetamol,74,,requested_demand,simulation,PGMED004,0,5,synthetic
2026-06-21,HOSP_C,PGMED005,Salbutamol,92,,requested_demand,simulation,PGMED005,0,5,synthetic
2026-06-21,HOSP_D,PGMED001,Amoxicillin,54,,requested_demand,simulation,PGMED001,0,5,synthetic
2026-06-21,HOSP_D,PGMED002,Atorvastatin,78,,requested_demand,simulation,PGMED002,0,5,synthetic
2026-06-21,HOSP_D,PGMED003,Normal Saline IV,110,,requested_demand,simulation,PGMED003,1,5,synthetic
2026-06-21,HOSP_D,PGMED004,Paracetamol,97,,requested_demand,simulation,PGMED004,0,5,synthetic
2026-06-21,HOSP_D,PGMED005,Salbutamol,122,,requested_demand,simulation,PGMED005,0,5,synthetic
2026-06-22,HOSP_A,PGMED001,Amoxicillin,36,,requested_demand,simulation,PGMED001,0,5,synthetic
2026-06-22,HOSP_A,PGMED002,Atorvastatin,41,,requested_demand,simulation,PGMED002,0,5,synthetic
2026-06-22,HOSP_A,PGMED003,Normal Saline IV,59,,requested_demand,simulation,PGMED003,0,5,synthetic
2026-06-22,HOSP_A,PGMED004,Paracetamol,64,,requested_demand,simulation,PGMED004,0,5,synthetic
2026-06-22,HOSP_A,PGMED005,Salbutamol,81,,requested_demand,simulation,PGMED005,0,5,synthetic
2026-06-22,HOSP_B,PGMED001,Amoxicillin,44,,requested_demand,simulation,PGMED001,0,5,synthetic
2026-06-22,HOSP_B,PGMED002,Atorvastatin,52,,requested_demand,simulation,PGMED002,0,5,synthetic
2026-06-22,HOSP_B,PGMED003,Normal Saline IV,70,,requested_demand,simulation,PGMED003,0,5,synthetic
2026-06-22,HOSP_B,PGMED004,Paracetamol,82,,requested_demand,simulation,PGMED004,0,5,synthetic
2026-06-22,HOSP_B,PGMED005,Salbutamol,94,,requested_demand,simulation,PGMED005,0,5,synthetic
2026-06-22,HOSP_C,PGMED001,Amoxicillin,47,,requested_demand,simulation,PGMED001,0,5,synthetic
2026-06-22,HOSP_C,PGMED002,Atorvastatin,73,,requested_demand,simulation,PGMED002,0,5,synthetic
2026-06-22,HOSP_C,PGMED003,Normal Saline IV,93,,requested_demand,simulation,PGMED003,0,5,synthetic
2026-06-22,HOSP_C,PGMED004,Paracetamol,94,,requested_demand,simulation,PGMED004,0,5,synthetic
2026-06-22,HOSP_C,PGMED005,Salbutamol,127,,requested_demand,simulation,PGMED005,0,5,synthetic
2026-06-22,HOSP_D,PGMED001,Amoxicillin,63,,requested_demand,simulation,PGMED001,0,5,synthetic
2026-06-22,HOSP_D,PGMED002,Atorvastatin,110,,requested_demand,simulation,PGMED002,1,5,synthetic
2026-06-22,HOSP_D,PGMED003,Normal Saline IV,138,,requested_demand,simulation,PGMED003,1,5,synthetic
2026-06-22,HOSP_D,PGMED004,Paracetamol,111,,requested_demand,simulation,PGMED004,0,5,synthetic
2026-06-22,HOSP_D,PGMED005,Salbutamol,139,,requested_demand,simulation,PGMED005,0,5,synthetic
2026-06-23,HOSP_A,PGMED001,Amoxicillin,39,,requested_demand,simulation,PGMED001,0,5,synthetic
2026-06-23,HOSP_A,PGMED002,Atorvastatin,44,,requested_demand,simulation,PGMED002,0,5,synthetic
2026-06-23,HOSP_A,PGMED003,Normal Saline IV,71,,requested_demand,simulation,PGMED003,0,5,synthetic
2026-06-23,HOSP_A,PGMED004,Paracetamol,75,,requested_demand,simulation,PGMED004,0,5,synthetic
2026-06-23,HOSP_A,PGMED005,Salbutamol,92,,requested_demand,simulation,PGMED005,0,5,synthetic
2026-06-23,HOSP_B,PGMED001,Amoxicillin,49,,requested_demand,simulation,PGMED001,0,5,synthetic
2026-06-23,HOSP_B,PGMED002,Atorvastatin,64,,requested_demand,simulation,PGMED002,0,5,synthetic
2026-06-23,HOSP_B,PGMED003,Normal Saline IV,81,,requested_demand,simulation,PGMED003,0,5,synthetic
2026-06-23,HOSP_B,PGMED004,Paracetamol,102,,requested_demand,simulation,PGMED004,0,5,synthetic
2026-06-23,HOSP_B,PGMED005,Salbutamol,112,,requested_demand,simulation,PGMED005,0,5,synthetic
2026-06-23,HOSP_C,PGMED001,Amoxicillin,59,,requested_demand,simulation,PGMED001,0,5,synthetic
2026-06-23,HOSP_C,PGMED002,Atorvastatin,81,,requested_demand,simulation,PGMED002,0,5,synthetic
2026-06-23,HOSP_C,PGMED003,Normal Saline IV,94,,requested_demand,simulation,PGMED003,0,5,synthetic
2026-06-23,HOSP_C,PGMED004,Paracetamol,110,,requested_demand,simulation,PGMED004,0,5,synthetic
2026-06-23,HOSP_C,PGMED005,Salbutamol,135,,requested_demand,simulation,PGMED005,0,5,synthetic
2026-06-23,HOSP_D,PGMED001,Amoxicillin,60,,requested_demand,simulation,PGMED001,0,5,synthetic
2026-06-23,HOSP_D,PGMED002,Atorvastatin,127,,requested_demand,simulation,PGMED002,1,5,synthetic
2026-06-23,HOSP_D,PGMED003,Normal Saline IV,167,,requested_demand,simulation,PGMED003,1,5,synthetic
2026-06-23,HOSP_D,PGMED004,Paracetamol,134,,requested_demand,simulation,PGMED004,0,5,synthetic
2026-06-23,HOSP_D,PGMED005,Salbutamol,149,,requested_demand,simulation,PGMED005,0,5,synthetic
2026-06-24,HOSP_A,PGMED001,Amoxicillin,41,,requested_demand,simulation,PGMED001,0,5,synthetic
2026-06-24,HOSP_A,PGMED002,Atorvastatin,49,,requested_demand,simulation,PGMED002,0,5,synthetic
2026-06-24,HOSP_A,PGMED003,Normal Saline IV,68,,requested_demand,simulation,PGMED003,0,5,synthetic
2026-06-24,HOSP_A,PGMED004,Paracetamol,85,,requested_demand,simulation,PGMED004,0,5,synthetic
2026-06-24,HOSP_A,PGMED005,Salbutamol,93,,requested_demand,simulation,PGMED005,0,5,synthetic
2026-06-24,HOSP_B,PGMED001,Amoxicillin,47,,requested_demand,simulation,PGMED001,0,5,synthetic
2026-06-24,HOSP_B,PGMED002,Atorvastatin,67,,requested_demand,simulation,PGMED002,0,5,synthetic
2026-06-24,HOSP_B,PGMED003,Normal Saline IV,89,,requested_demand,simulation,PGMED003,0,5,synthetic
2026-06-24,HOSP_B,PGMED004,Paracetamol,97,,requested_demand,simulation,PGMED004,0,5,synthetic
2026-06-24,HOSP_B,PGMED005,Salbutamol,120,,requested_demand,simulation,PGMED005,0,5,synthetic
2026-06-24,HOSP_C,PGMED001,Amoxicillin,61,,requested_demand,simulation,PGMED001,0,5,synthetic
2026-06-24,HOSP_C,PGMED002,Atorvastatin,86,,requested_demand,simulation,PGMED002,0,5,synthetic
2026-06-24,HOSP_C,PGMED003,Normal Saline IV,90,,requested_demand,simulation,PGMED003,0,5,synthetic
2026-06-24,HOSP_C,PGMED004,Paracetamol,121,,requested_demand,simulation,PGMED004,0,5,synthetic
2026-06-24,HOSP_C,PGMED005,Salbutamol,152,,requested_demand,simulation,PGMED005,0,5,synthetic
2026-06-24,HOSP_D,PGMED001,Amoxicillin,76,,requested_demand,simulation,PGMED001,0,5,synthetic
2026-06-24,HOSP_D,PGMED002,Atorvastatin,134,,requested_demand,simulation,PGMED002,1,5,synthetic
2026-06-24,HOSP_D,PGMED003,Normal Saline IV,159,,requested_demand,simulation,PGMED003,1,5,synthetic
2026-06-24,HOSP_D,PGMED004,Paracetamol,142,,requested_demand,simulation,PGMED004,0,5,synthetic
2026-06-24,HOSP_D,PGMED005,Salbutamol,163,,requested_demand,simulation,PGMED005,0,5,synthetic
2026-06-25,HOSP_A,PGMED001,Amoxicillin,39,,requested_demand,simulation,PGMED001,0,5,synthetic
2026-06-25,HOSP_A,PGMED002,Atorvastatin,44,,requested_demand,simulation,PGMED002,0,5,synthetic
2026-06-25,HOSP_A,PGMED003,Normal Saline IV,58,,requested_demand,simulation,PGMED003,0,5,synthetic
2026-06-25,HOSP_A,PGMED004,Paracetamol,68,,requested_demand,simulation,PGMED004,0,5,synthetic
2026-06-25,HOSP_A,PGMED005,Salbutamol,89,,requested_demand,simulation,PGMED005,0,5,synthetic
2026-06-25,HOSP_B,PGMED001,Amoxicillin,44,,requested_demand,simulation,PGMED001,0,5,synthetic
2026-06-25,HOSP_B,PGMED002,Atorvastatin,61,,requested_demand,simulation,PGMED002,0,5,synthetic
2026-06-25,HOSP_B,PGMED003,Normal Saline IV,71,,requested_demand,simulation,PGMED003,0,5,synthetic
2026-06-25,HOSP_B,PGMED004,Paracetamol,80,,requested_demand,simulation,PGMED004,0,5,synthetic
2026-06-25,HOSP_B,PGMED005,Salbutamol,109,,requested_demand,simulation,PGMED005,0,5,synthetic
2026-06-25,HOSP_C,PGMED001,Amoxicillin,67,,requested_demand,simulation,PGMED001,1,5,synthetic
2026-06-25,HOSP_C,PGMED002,Atorvastatin,79,,requested_demand,simulation,PGMED002,0,5,synthetic
2026-06-25,HOSP_C,PGMED003,Normal Saline IV,97,,requested_demand,simulation,PGMED003,0,5,synthetic
2026-06-25,HOSP_C,PGMED004,Paracetamol,104,,requested_demand,simulation,PGMED004,0,5,synthetic
2026-06-25,HOSP_C,PGMED005,Salbutamol,124,,requested_demand,simulation,PGMED005,0,5,synthetic
2026-06-25,HOSP_D,PGMED001,Amoxicillin,58,,requested_demand,simulation,PGMED001,0,5,synthetic
2026-06-25,HOSP_D,PGMED002,Atorvastatin,126,,requested_demand,simulation,PGMED002,1,5,synthetic
2026-06-25,HOSP_D,PGMED003,Normal Saline IV,107,,requested_demand,simulation,PGMED003,0,5,synthetic
2026-06-25,HOSP_D,PGMED004,Paracetamol,130,,requested_demand,simulation,PGMED004,0,5,synthetic
2026-06-25,HOSP_D,PGMED005,Salbutamol,161,,requested_demand,simulation,PGMED005,0,5,synthetic
2026-06-26,HOSP_A,PGMED001,Amoxicillin,31,,requested_demand,simulation,PGMED001,0,5,synthetic
2026-06-26,HOSP_A,PGMED002,Atorvastatin,38,,requested_demand,simulation,PGMED002,0,5,synthetic
2026-06-26,HOSP_A,PGMED003,Normal Saline IV,57,,requested_demand,simulation,PGMED003,0,5,synthetic
2026-06-26,HOSP_A,PGMED004,Paracetamol,51,,requested_demand,simulation,PGMED004,0,5,synthetic
2026-06-26,HOSP_A,PGMED005,Salbutamol,71,,requested_demand,simulation,PGMED005,0,5,synthetic
2026-06-26,HOSP_B,PGMED001,Amoxicillin,38,,requested_demand,simulation,PGMED001,0,5,synthetic
2026-06-26,HOSP_B,PGMED002,Atorvastatin,46,,requested_demand,simulation,PGMED002,0,5,synthetic
2026-06-26,HOSP_B,PGMED003,Normal Saline IV,69,,requested_demand,simulation,PGMED003,0,5,synthetic
2026-06-26,HOSP_B,PGMED004,Paracetamol,71,,requested_demand,simulation,PGMED004,0,5,synthetic
2026-06-26,HOSP_B,PGMED005,Salbutamol,91,,requested_demand,simulation,PGMED005,0,5,synthetic
2026-06-26,HOSP_C,PGMED001,Amoxicillin,67,,requested_demand,simulation,PGMED001,1,5,synthetic
2026-06-26,HOSP_C,PGMED002,Atorvastatin,60,,requested_demand,simulation,PGMED002,0,5,synthetic
2026-06-26,HOSP_C,PGMED003,Normal Saline IV,76,,requested_demand,simulation,PGMED003,0,5,synthetic
2026-06-26,HOSP_C,PGMED004,Paracetamol,89,,requested_demand,simulation,PGMED004,0,5,synthetic
2026-06-26,HOSP_C,PGMED005,Salbutamol,109,,requested_demand,simulation,PGMED005,0,5,synthetic
2026-06-26,HOSP_D,PGMED001,Amoxicillin,55,,requested_demand,simulation,PGMED001,0,5,synthetic
2026-06-26,HOSP_D,PGMED002,Atorvastatin,99,,requested_demand,simulation,PGMED002,1,5,synthetic
2026-06-26,HOSP_D,PGMED003,Normal Saline IV,97,,requested_demand,simulation,PGMED003,0,5,synthetic
2026-06-26,HOSP_D,PGMED004,Paracetamol,120,,requested_demand,simulation,PGMED004,0,5,synthetic
2026-06-26,HOSP_D,PGMED005,Salbutamol,140,,requested_demand,simulation,PGMED005,0,5,synthetic
2026-06-27,HOSP_A,PGMED001,Amoxicillin,29,,requested_demand,simulation,PGMED001,0,5,synthetic
2026-06-27,HOSP_A,PGMED002,Atorvastatin,32,,requested_demand,simulation,PGMED002,0,5,synthetic
2026-06-27,HOSP_A,PGMED003,Normal Saline IV,46,,requested_demand,simulation,PGMED003,0,5,synthetic
2026-06-27,HOSP_A,PGMED004,Paracetamol,60,,requested_demand,simulation,PGMED004,0,5,synthetic
2026-06-27,HOSP_A,PGMED005,Salbutamol,62,,requested_demand,simulation,PGMED005,0,5,synthetic
2026-06-27,HOSP_B,PGMED001,Amoxicillin,32,,requested_demand,simulation,PGMED001,0,5,synthetic
2026-06-27,HOSP_B,PGMED002,Atorvastatin,47,,requested_demand,simulation,PGMED002,0,5,synthetic
2026-06-27,HOSP_B,PGMED003,Normal Saline IV,56,,requested_demand,simulation,PGMED003,0,5,synthetic
2026-06-27,HOSP_B,PGMED004,Paracetamol,69,,requested_demand,simulation,PGMED004,0,5,synthetic
2026-06-27,HOSP_B,PGMED005,Salbutamol,80,,requested_demand,simulation,PGMED005,0,5,synthetic
2026-06-27,HOSP_C,PGMED001,Amoxicillin,47,,requested_demand,simulation,PGMED001,1,5,synthetic
2026-06-27,HOSP_C,PGMED002,Atorvastatin,49,,requested_demand,simulation,PGMED002,0,5,synthetic
2026-06-27,HOSP_C,PGMED003,Normal Saline IV,73,,requested_demand,simulation,PGMED003,0,5,synthetic
2026-06-27,HOSP_C,PGMED004,Paracetamol,77,,requested_demand,simulation,PGMED004,0,5,synthetic
2026-06-27,HOSP_C,PGMED005,Salbutamol,111,,requested_demand,simulation,PGMED005,0,5,synthetic
2026-06-27,HOSP_D,PGMED001,Amoxicillin,49,,requested_demand,simulation,PGMED001,0,5,synthetic
2026-06-27,HOSP_D,PGMED002,Atorvastatin,61,,requested_demand,simulation,PGMED002,0,5,synthetic
2026-06-27,HOSP_D,PGMED003,Normal Saline IV,78,,requested_demand,simulation,PGMED003,0,5,synthetic
2026-06-27,HOSP_D,PGMED004,Paracetamol,90,,requested_demand,simulation,PGMED004,0,5,synthetic
2026-06-27,HOSP_D,PGMED005,Salbutamol,117,,requested_demand,simulation,PGMED005,0,5,synthetic
2026-06-28,HOSP_A,PGMED001,Amoxicillin,40,,requested_demand,simulation,PGMED001,1,5,synthetic
2026-06-28,HOSP_A,PGMED002,Atorvastatin,36,,requested_demand,simulation,PGMED002,0,5,synthetic
2026-06-28,HOSP_A,PGMED003,Normal Saline IV,53,,requested_demand,simulation,PGMED003,0,5,synthetic
2026-06-28,HOSP_A,PGMED004,Paracetamol,66,,requested_demand,simulation,PGMED004,0,5,synthetic
2026-06-28,HOSP_A,PGMED005,Salbutamol,69,,requested_demand,simulation,PGMED005,0,5,synthetic
2026-06-28,HOSP_B,PGMED001,Amoxicillin,34,,requested_demand,simulation,PGMED001,0,5,synthetic
2026-06-28,HOSP_B,PGMED002,Atorvastatin,44,,requested_demand,simulation,PGMED002,0,5,synthetic
2026-06-28,HOSP_B,PGMED003,Normal Saline IV,62,,requested_demand,simulation,PGMED003,0,5,synthetic
2026-06-28,HOSP_B,PGMED004,Paracetamol,71,,requested_demand,simulation,PGMED004,0,5,synthetic
2026-06-28,HOSP_B,PGMED005,Salbutamol,83,,requested_demand,simulation,PGMED005,0,5,synthetic
2026-06-28,HOSP_C,PGMED001,Amoxicillin,57,,requested_demand,simulation,PGMED001,1,5,synthetic
2026-06-28,HOSP_C,PGMED002,Atorvastatin,65,,requested_demand,simulation,PGMED002,0,5,synthetic
2026-06-28,HOSP_C,PGMED003,Normal Saline IV,72,,requested_demand,simulation,PGMED003,0,5,synthetic
2026-06-28,HOSP_C,PGMED004,Paracetamol,83,,requested_demand,simulation,PGMED004,0,5,synthetic
2026-06-28,HOSP_C,PGMED005,Salbutamol,91,,requested_demand,simulation,PGMED005,0,5,synthetic
2026-06-28,HOSP_D,PGMED001,Amoxicillin,44,,requested_demand,simulation,PGMED001,0,5,synthetic
2026-06-28,HOSP_D,PGMED002,Atorvastatin,72,,requested_demand,simulation,PGMED002,0,5,synthetic
2026-06-28,HOSP_D,PGMED003,Normal Saline IV,81,,requested_demand,simulation,PGMED003,0,5,synthetic
2026-06-28,HOSP_D,PGMED004,Paracetamol,99,,requested_demand,simulation,PGMED004,0,5,synthetic
2026-06-28,HOSP_D,PGMED005,Salbutamol,106,,requested_demand,simulation,PGMED005,0,5,synthetic
2026-06-29,HOSP_A,PGMED001,Amoxicillin,48,,requested_demand,simulation,PGMED001,1,5,synthetic
2026-06-29,HOSP_A,PGMED002,Atorvastatin,44,,requested_demand,simulation,PGMED002,0,5,synthetic
2026-06-29,HOSP_A,PGMED003,Normal Saline IV,59,,requested_demand,simulation,PGMED003,0,5,synthetic
2026-06-29,HOSP_A,PGMED004,Paracetamol,65,,requested_demand,simulation,PGMED004,0,5,synthetic
2026-06-29,HOSP_A,PGMED005,Salbutamol,79,,requested_demand,simulation,PGMED005,0,5,synthetic
2026-06-29,HOSP_B,PGMED001,Amoxicillin,42,,requested_demand,simulation,PGMED001,0,5,synthetic
2026-06-29,HOSP_B,PGMED002,Atorvastatin,57,,requested_demand,simulation,PGMED002,0,5,synthetic
2026-06-29,HOSP_B,PGMED003,Normal Saline IV,67,,requested_demand,simulation,PGMED003,0,5,synthetic
2026-06-29,HOSP_B,PGMED004,Paracetamol,74,,requested_demand,simulation,PGMED004,0,5,synthetic
2026-06-29,HOSP_B,PGMED005,Salbutamol,91,,requested_demand,simulation,PGMED005,0,5,synthetic
2026-06-29,HOSP_C,PGMED001,Amoxicillin,73,,requested_demand,simulation,PGMED001,1,5,synthetic
2026-06-29,HOSP_C,PGMED002,Atorvastatin,71,,requested_demand,simulation,PGMED002,0,5,synthetic
2026-06-29,HOSP_C,PGMED003,Normal Saline IV,86,,requested_demand,simulation,PGMED003,0,5,synthetic
2026-06-29,HOSP_C,PGMED004,Paracetamol,110,,requested_demand,simulation,PGMED004,0,5,synthetic
2026-06-29,HOSP_C,PGMED005,Salbutamol,104,,requested_demand,simulation,PGMED005,0,5,synthetic
2026-06-29,HOSP_D,PGMED001,Amoxicillin,58,,requested_demand,simulation,PGMED001,0,5,synthetic
2026-06-29,HOSP_D,PGMED002,Atorvastatin,82,,requested_demand,simulation,PGMED002,0,5,synthetic
2026-06-29,HOSP_D,PGMED003,Normal Saline IV,106,,requested_demand,simulation,PGMED003,0,5,synthetic
2026-06-29,HOSP_D,PGMED004,Paracetamol,120,,requested_demand,simulation,PGMED004,0,5,synthetic
2026-06-29,HOSP_D,PGMED005,Salbutamol,142,,requested_demand,simulation,PGMED005,0,5,synthetic
2026-06-30,HOSP_A,PGMED001,Amoxicillin,55,,requested_demand,simulation,PGMED001,1,5,synthetic
2026-06-30,HOSP_A,PGMED002,Atorvastatin,48,,requested_demand,simulation,PGMED002,0,5,synthetic
2026-06-30,HOSP_A,PGMED003,Normal Saline IV,67,,requested_demand,simulation,PGMED003,0,5,synthetic
2026-06-30,HOSP_A,PGMED004,Paracetamol,69,,requested_demand,simulation,PGMED004,0,5,synthetic
2026-06-30,HOSP_A,PGMED005,Salbutamol,94,,requested_demand,simulation,PGMED005,0,5,synthetic
2026-06-30,HOSP_B,PGMED001,Amoxicillin,46,,requested_demand,simulation,PGMED001,0,5,synthetic
2026-06-30,HOSP_B,PGMED002,Atorvastatin,64,,requested_demand,simulation,PGMED002,0,5,synthetic
2026-06-30,HOSP_B,PGMED003,Normal Saline IV,88,,requested_demand,simulation,PGMED003,0,5,synthetic
2026-06-30,HOSP_B,PGMED004,Paracetamol,91,,requested_demand,simulation,PGMED004,0,5,synthetic
2026-06-30,HOSP_B,PGMED005,Salbutamol,112,,requested_demand,simulation,PGMED005,0,5,synthetic
2026-06-30,HOSP_C,PGMED001,Amoxicillin,57,,requested_demand,simulation,PGMED001,0,5,synthetic
2026-06-30,HOSP_C,PGMED002,Atorvastatin,74,,requested_demand,simulation,PGMED002,0,5,synthetic
2026-06-30,HOSP_C,PGMED003,Normal Saline IV,98,,requested_demand,simulation,PGMED003,0,5,synthetic
2026-06-30,HOSP_C,PGMED004,Paracetamol,122,,requested_demand,simulation,PGMED004,0,5,synthetic
2026-06-30,HOSP_C,PGMED005,Salbutamol,145,,requested_demand,simulation,PGMED005,0,5,synthetic
2026-06-30,HOSP_D,PGMED001,Amoxicillin,65,,requested_demand,simulation,PGMED001,0,5,synthetic
2026-06-30,HOSP_D,PGMED002,Atorvastatin,83,,requested_demand,simulation,PGMED002,0,5,synthetic
2026-06-30,HOSP_D,PGMED003,Normal Saline IV,113,,requested_demand,simulation,PGMED003,0,5,synthetic
2026-06-30,HOSP_D,PGMED004,Paracetamol,136,,requested_demand,simulation,PGMED004,0,5,synthetic
2026-06-30,HOSP_D,PGMED005,Salbutamol,166,,requested_demand,simulation,PGMED005,0,5,synthetic
2026-07-01,HOSP_A,PGMED001,Amoxicillin,56,,requested_demand,simulation,PGMED001,1,5,synthetic
2026-07-01,HOSP_A,PGMED002,Atorvastatin,50,,requested_demand,simulation,PGMED002,0,5,synthetic
2026-07-01,HOSP_A,PGMED003,Normal Saline IV,71,,requested_demand,simulation,PGMED003,0,5,synthetic
2026-07-01,HOSP_A,PGMED004,Paracetamol,78,,requested_demand,simulation,PGMED004,0,5,synthetic
2026-07-01,HOSP_A,PGMED005,Salbutamol,98,,requested_demand,simulation,PGMED005,0,5,synthetic
2026-07-01,HOSP_B,PGMED001,Amoxicillin,46,,requested_demand,simulation,PGMED001,0,5,synthetic
2026-07-01,HOSP_B,PGMED002,Atorvastatin,61,,requested_demand,simulation,PGMED002,0,5,synthetic
2026-07-01,HOSP_B,PGMED003,Normal Saline IV,91,,requested_demand,simulation,PGMED003,0,5,synthetic
2026-07-01,HOSP_B,PGMED004,Paracetamol,95,,requested_demand,simulation,PGMED004,0,5,synthetic
2026-07-01,HOSP_B,PGMED005,Salbutamol,125,,requested_demand,simulation,PGMED005,0,5,synthetic
2026-07-01,HOSP_C,PGMED001,Amoxicillin,55,,requested_demand,simulation,PGMED001,0,5,synthetic
2026-07-01,HOSP_C,PGMED002,Atorvastatin,81,,requested_demand,simulation,PGMED002,0,5,synthetic
2026-07-01,HOSP_C,PGMED003,Normal Saline IV,103,,requested_demand,simulation,PGMED003,0,5,synthetic
2026-07-01,HOSP_C,PGMED004,Paracetamol,122,,requested_demand,simulation,PGMED004,0,5,synthetic
2026-07-01,HOSP_C,PGMED005,Salbutamol,134,,requested_demand,simulation,PGMED005,0,5,synthetic
2026-07-01,HOSP_D,PGMED001,Amoxicillin,70,,requested_demand,simulation,PGMED001,0,5,synthetic
2026-07-01,HOSP_D,PGMED002,Atorvastatin,90,,requested_demand,simulation,PGMED002,0,5,synthetic
2026-07-01,HOSP_D,PGMED003,Normal Saline IV,125,,requested_demand,simulation,PGMED003,0,5,synthetic
2026-07-01,HOSP_D,PGMED004,Paracetamol,137,,requested_demand,simulation,PGMED004,0,5,synthetic
2026-07-01,HOSP_D,PGMED005,Salbutamol,171,,requested_demand,simulation,PGMED005,0,5,synthetic
2026-07-02,HOSP_A,PGMED001,Amoxicillin,54,,requested_demand,simulation,PGMED001,1,5,synthetic
2026-07-02,HOSP_A,PGMED002,Atorvastatin,45,,requested_demand,simulation,PGMED002,0,5,synthetic
2026-07-02,HOSP_A,PGMED003,Normal Saline IV,70,,requested_demand,simulation,PGMED003,0,5,synthetic
2026-07-02,HOSP_A,PGMED004,Paracetamol,71,,requested_demand,simulation,PGMED004,0,5,synthetic
2026-07-02,HOSP_A,PGMED005,Salbutamol,83,,requested_demand,simulation,PGMED005,0,5,synthetic
2026-07-02,HOSP_B,PGMED001,Amoxicillin,42,,requested_demand,simulation,PGMED001,0,5,synthetic
2026-07-02,HOSP_B,PGMED002,Atorvastatin,59,,requested_demand,simulation,PGMED002,0,5,synthetic
2026-07-02,HOSP_B,PGMED003,Normal Saline IV,82,,requested_demand,simulation,PGMED003,0,5,synthetic
2026-07-02,HOSP_B,PGMED004,Paracetamol,87,,requested_demand,simulation,PGMED004,0,5,synthetic
2026-07-02,HOSP_B,PGMED005,Salbutamol,101,,requested_demand,simulation,PGMED005,0,5,synthetic
2026-07-02,HOSP_C,PGMED001,Amoxicillin,51,,requested_demand,simulation,PGMED001,0,5,synthetic
2026-07-02,HOSP_C,PGMED002,Atorvastatin,79,,requested_demand,simulation,PGMED002,0,5,synthetic
2026-07-02,HOSP_C,PGMED003,Normal Saline IV,102,,requested_demand,simulation,PGMED003,0,5,synthetic
2026-07-02,HOSP_C,PGMED004,Paracetamol,108,,requested_demand,simulation,PGMED004,0,5,synthetic
2026-07-02,HOSP_C,PGMED005,Salbutamol,127,,requested_demand,simulation,PGMED005,0,5,synthetic
2026-07-02,HOSP_D,PGMED001,Amoxicillin,62,,requested_demand,simulation,PGMED001,0,5,synthetic
2026-07-02,HOSP_D,PGMED002,Atorvastatin,94,,requested_demand,simulation,PGMED002,0,5,synthetic
2026-07-02,HOSP_D,PGMED003,Normal Saline IV,111,,requested_demand,simulation,PGMED003,0,5,synthetic
2026-07-02,HOSP_D,PGMED004,Paracetamol,117,,requested_demand,simulation,PGMED004,0,5,synthetic
2026-07-02,HOSP_D,PGMED005,Salbutamol,156,,requested_demand,simulation,PGMED005,0,5,synthetic
2026-07-03,HOSP_A,PGMED001,Amoxicillin,44,,requested_demand,simulation,PGMED001,1,5,synthetic
2026-07-03,HOSP_A,PGMED002,Atorvastatin,38,,requested_demand,simulation,PGMED002,0,5,synthetic
2026-07-03,HOSP_A,PGMED003,Normal Saline IV,60,,requested_demand,simulation,PGMED003,0,5,synthetic
2026-07-03,HOSP_A,PGMED004,Paracetamol,60,,requested_demand,simulation,PGMED004,0,5,synthetic
2026-07-03,HOSP_A,PGMED005,Salbutamol,72,,requested_demand,simulation,PGMED005,0,5,synthetic
2026-07-03,HOSP_B,PGMED001,Amoxicillin,38,,requested_demand,simulation,PGMED001,0,5,synthetic
2026-07-03,HOSP_B,PGMED002,Atorvastatin,51,,requested_demand,simulation,PGMED002,0,5,synthetic
2026-07-03,HOSP_B,PGMED003,Normal Saline IV,59,,requested_demand,simulation,PGMED003,0,5,synthetic
2026-07-03,HOSP_B,PGMED004,Paracetamol,68,,requested_demand,simulation,PGMED004,0,5,synthetic
2026-07-03,HOSP_B,PGMED005,Salbutamol,90,,requested_demand,simulation,PGMED005,0,5,synthetic
2026-07-03,HOSP_C,PGMED001,Amoxicillin,48,,requested_demand,simulation,PGMED001,0,5,synthetic
2026-07-03,HOSP_C,PGMED002,Atorvastatin,63,,requested_demand,simulation,PGMED002,0,5,synthetic
2026-07-03,HOSP_C,PGMED003,Normal Saline IV,81,,requested_demand,simulation,PGMED003,0,5,synthetic
2026-07-03,HOSP_C,PGMED004,Paracetamol,91,,requested_demand,simulation,PGMED004,0,5,synthetic
2026-07-03,HOSP_C,PGMED005,Salbutamol,103,,requested_demand,simulation,PGMED005,0,5,synthetic
2026-07-03,HOSP_D,PGMED001,Amoxicillin,56,,requested_demand,simulation,PGMED001,0,5,synthetic
2026-07-03,HOSP_D,PGMED002,Atorvastatin,75,,requested_demand,simulation,PGMED002,0,5,synthetic
2026-07-03,HOSP_D,PGMED003,Normal Saline IV,89,,requested_demand,simulation,PGMED003,0,5,synthetic
2026-07-03,HOSP_D,PGMED004,Paracetamol,104,,requested_demand,simulation,PGMED004,0,5,synthetic
2026-07-03,HOSP_D,PGMED005,Salbutamol,129,,requested_demand,simulation,PGMED005,0,5,synthetic
2026-07-04,HOSP_A,PGMED001,Amoxicillin,28,,requested_demand,simulation,PGMED001,0,5,synthetic
2026-07-04,HOSP_A,PGMED002,Atorvastatin,31,,requested_demand,simulation,PGMED002,0,5,synthetic
2026-07-04,HOSP_A,PGMED003,Normal Saline IV,47,,requested_demand,simulation,PGMED003,0,5,synthetic
2026-07-04,HOSP_A,PGMED004,Paracetamol,49,,requested_demand,simulation,PGMED004,0,5,synthetic
2026-07-04,HOSP_A,PGMED005,Salbutamol,72,,requested_demand,simulation,PGMED005,0,5,synthetic
2026-07-04,HOSP_B,PGMED001,Amoxicillin,32,,requested_demand,simulation,PGMED001,0,5,synthetic
2026-07-04,HOSP_B,PGMED002,Atorvastatin,46,,requested_demand,simulation,PGMED002,0,5,synthetic
2026-07-04,HOSP_B,PGMED003,Normal Saline IV,61,,requested_demand,simulation,PGMED003,0,5,synthetic
2026-07-04,HOSP_B,PGMED004,Paracetamol,63,,requested_demand,simulation,PGMED004,0,5,synthetic
2026-07-04,HOSP_B,PGMED005,Salbutamol,76,,requested_demand,simulation,PGMED005,0,5,synthetic
2026-07-04,HOSP_C,PGMED001,Amoxicillin,35,,requested_demand,simulation,PGMED001,0,5,synthetic
2026-07-04,HOSP_C,PGMED002,Atorvastatin,54,,requested_demand,simulation,PGMED002,0,5,synthetic
2026-07-04,HOSP_C,PGMED003,Normal Saline IV,59,,requested_demand,simulation,PGMED003,0,5,synthetic
2026-07-04,HOSP_C,PGMED004,Paracetamol,84,,requested_demand,simulation,PGMED004,0,5,synthetic
2026-07-04,HOSP_C,PGMED005,Salbutamol,96,,requested_demand,simulation,PGMED005,0,5,synthetic
2026-07-04,HOSP_D,PGMED001,Amoxicillin,46,,requested_demand,simulation,PGMED001,0,5,synthetic
2026-07-04,HOSP_D,PGMED002,Atorvastatin,61,,requested_demand,simulation,PGMED002,0,5,synthetic
2026-07-04,HOSP_D,PGMED003,Normal Saline IV,83,,requested_demand,simulation,PGMED003,0,5,synthetic
2026-07-04,HOSP_D,PGMED004,Paracetamol,87,,requested_demand,simulation,PGMED004,0,5,synthetic
2026-07-04,HOSP_D,PGMED005,Salbutamol,110,,requested_demand,simulation,PGMED005,0,5,synthetic
2026-07-05,HOSP_A,PGMED001,Amoxicillin,30,,requested_demand,simulation,PGMED001,0,5,synthetic
2026-07-05,HOSP_A,PGMED002,Atorvastatin,36,,requested_demand,simulation,PGMED002,0,5,synthetic
2026-07-05,HOSP_A,PGMED003,Normal Saline IV,50,,requested_demand,simulation,PGMED003,0,5,synthetic
2026-07-05,HOSP_A,PGMED004,Paracetamol,58,,requested_demand,simulation,PGMED004,0,5,synthetic
2026-07-05,HOSP_A,PGMED005,Salbutamol,63,,requested_demand,simulation,PGMED005,0,5,synthetic
2026-07-05,HOSP_B,PGMED001,Amoxicillin,34,,requested_demand,simulation,PGMED001,0,5,synthetic
2026-07-05,HOSP_B,PGMED002,Atorvastatin,46,,requested_demand,simulation,PGMED002,0,5,synthetic
2026-07-05,HOSP_B,PGMED003,Normal Saline IV,62,,requested_demand,simulation,PGMED003,0,5,synthetic
2026-07-05,HOSP_B,PGMED004,Paracetamol,66,,requested_demand,simulation,PGMED004,0,5,synthetic
2026-07-05,HOSP_B,PGMED005,Salbutamol,85,,requested_demand,simulation,PGMED005,0,5,synthetic
2026-07-05,HOSP_C,PGMED001,Amoxicillin,45,,requested_demand,simulation,PGMED001,0,5,synthetic
2026-07-05,HOSP_C,PGMED002,Atorvastatin,65,,requested_demand,simulation,PGMED002,0,5,synthetic
2026-07-05,HOSP_C,PGMED003,Normal Saline IV,73,,requested_demand,simulation,PGMED003,0,5,synthetic
2026-07-05,HOSP_C,PGMED004,Paracetamol,90,,requested_demand,simulation,PGMED004,0,5,synthetic
2026-07-05,HOSP_C,PGMED005,Salbutamol,92,,requested_demand,simulation,PGMED005,0,5,synthetic
2026-07-05,HOSP_D,PGMED001,Amoxicillin,47,,requested_demand,simulation,PGMED001,0,5,synthetic
2026-07-05,HOSP_D,PGMED002,Atorvastatin,67,,requested_demand,simulation,PGMED002,0,5,synthetic
2026-07-05,HOSP_D,PGMED003,Normal Saline IV,86,,requested_demand,simulation,PGMED003,0,5,synthetic
2026-07-05,HOSP_D,PGMED004,Paracetamol,87,,requested_demand,simulation,PGMED004,0,5,synthetic
2026-07-05,HOSP_D,PGMED005,Salbutamol,111,,requested_demand,simulation,PGMED005,0,5,synthetic
2026-07-06,HOSP_A,PGMED001,Amoxicillin,36,,requested_demand,simulation,PGMED001,0,5,synthetic
2026-07-06,HOSP_A,PGMED002,Atorvastatin,41,,requested_demand,simulation,PGMED002,0,5,synthetic
2026-07-06,HOSP_A,PGMED003,Normal Saline IV,62,,requested_demand,simulation,PGMED003,0,5,synthetic
2026-07-06,HOSP_A,PGMED004,Paracetamol,69,,requested_demand,simulation,PGMED004,0,5,synthetic
2026-07-06,HOSP_A,PGMED005,Salbutamol,71,,requested_demand,simulation,PGMED005,0,5,synthetic
2026-07-06,HOSP_B,PGMED001,Amoxicillin,41,,requested_demand,simulation,PGMED001,0,5,synthetic
2026-07-06,HOSP_B,PGMED002,Atorvastatin,60,,requested_demand,simulation,PGMED002,0,5,synthetic
2026-07-06,HOSP_B,PGMED003,Normal Saline IV,65,,requested_demand,simulation,PGMED003,0,5,synthetic
2026-07-06,HOSP_B,PGMED004,Paracetamol,86,,requested_demand,simulation,PGMED004,0,5,synthetic
2026-07-06,HOSP_B,PGMED005,Salbutamol,98,,requested_demand,simulation,PGMED005,0,5,synthetic
2026-07-06,HOSP_C,PGMED001,Amoxicillin,50,,requested_demand,simulation,PGMED001,0,5,synthetic
2026-07-06,HOSP_C,PGMED002,Atorvastatin,66,,requested_demand,simulation,PGMED002,0,5,synthetic
2026-07-06,HOSP_C,PGMED003,Normal Saline IV,89,,requested_demand,simulation,PGMED003,0,5,synthetic
2026-07-06,HOSP_C,PGMED004,Paracetamol,97,,requested_demand,simulation,PGMED004,0,5,synthetic
2026-07-06,HOSP_C,PGMED005,Salbutamol,116,,requested_demand,simulation,PGMED005,0,5,synthetic
2026-07-06,HOSP_D,PGMED001,Amoxicillin,60,,requested_demand,simulation,PGMED001,0,5,synthetic
2026-07-06,HOSP_D,PGMED002,Atorvastatin,80,,requested_demand,simulation,PGMED002,0,5,synthetic
2026-07-06,HOSP_D,PGMED003,Normal Saline IV,106,,requested_demand,simulation,PGMED003,0,5,synthetic
2026-07-06,HOSP_D,PGMED004,Paracetamol,112,,requested_demand,simulation,PGMED004,0,5,synthetic
2026-07-06,HOSP_D,PGMED005,Salbutamol,122,,requested_demand,simulation,PGMED005,0,5,synthetic
2026-07-07,HOSP_A,PGMED001,Amoxicillin,42,,requested_demand,simulation,PGMED001,0,5,synthetic
2026-07-07,HOSP_A,PGMED002,Atorvastatin,53,,requested_demand,simulation,PGMED002,0,5,synthetic
2026-07-07,HOSP_A,PGMED003,Normal Saline IV,65,,requested_demand,simulation,PGMED003,0,5,synthetic
2026-07-07,HOSP_A,PGMED004,Paracetamol,71,,requested_demand,simulation,PGMED004,0,5,synthetic
2026-07-07,HOSP_A,PGMED005,Salbutamol,85,,requested_demand,simulation,PGMED005,0,5,synthetic
2026-07-07,HOSP_B,PGMED001,Amoxicillin,45,,requested_demand,simulation,PGMED001,0,5,synthetic
2026-07-07,HOSP_B,PGMED002,Atorvastatin,67,,requested_demand,simulation,PGMED002,0,5,synthetic
2026-07-07,HOSP_B,PGMED003,Normal Saline IV,83,,requested_demand,simulation,PGMED003,0,5,synthetic
2026-07-07,HOSP_B,PGMED004,Paracetamol,99,,requested_demand,simulation,PGMED004,0,5,synthetic
2026-07-07,HOSP_B,PGMED005,Salbutamol,124,,requested_demand,simulation,PGMED005,0,5,synthetic
2026-07-07,HOSP_C,PGMED001,Amoxicillin,54,,requested_demand,simulation,PGMED001,0,5,synthetic
2026-07-07,HOSP_C,PGMED002,Atorvastatin,78,,requested_demand,simulation,PGMED002,0,5,synthetic
2026-07-07,HOSP_C,PGMED003,Normal Saline IV,102,,requested_demand,simulation,PGMED003,0,5,synthetic
2026-07-07,HOSP_C,PGMED004,Paracetamol,118,,requested_demand,simulation,PGMED004,0,5,synthetic
2026-07-07,HOSP_C,PGMED005,Salbutamol,139,,requested_demand,simulation,PGMED005,0,5,synthetic
2026-07-07,HOSP_D,PGMED001,Amoxicillin,67,,requested_demand,simulation,PGMED001,0,5,synthetic
2026-07-07,HOSP_D,PGMED002,Atorvastatin,96,,requested_demand,simulation,PGMED002,0,5,synthetic
2026-07-07,HOSP_D,PGMED003,Normal Saline IV,112,,requested_demand,simulation,PGMED003,0,5,synthetic
2026-07-07,HOSP_D,PGMED004,Paracetamol,183,,requested_demand,simulation,PGMED004,1,5,synthetic
2026-07-07,HOSP_D,PGMED005,Salbutamol,162,,requested_demand,simulation,PGMED005,0,5,synthetic
2026-07-08,HOSP_A,PGMED001,Amoxicillin,42,,requested_demand,simulation,PGMED001,0,5,synthetic
2026-07-08,HOSP_A,PGMED002,Atorvastatin,53,,requested_demand,simulation,PGMED002,0,5,synthetic
2026-07-08,HOSP_A,PGMED003,Normal Saline IV,71,,requested_demand,simulation,PGMED003,0,5,synthetic
2026-07-08,HOSP_A,PGMED004,Paracetamol,82,,requested_demand,simulation,PGMED004,0,5,synthetic
2026-07-08,HOSP_A,PGMED005,Salbutamol,97,,requested_demand,simulation,PGMED005,0,5,synthetic
2026-07-08,HOSP_B,PGMED001,Amoxicillin,49,,requested_demand,simulation,PGMED001,0,5,synthetic
2026-07-08,HOSP_B,PGMED002,Atorvastatin,65,,requested_demand,simulation,PGMED002,0,5,synthetic
2026-07-08,HOSP_B,PGMED003,Normal Saline IV,88,,requested_demand,simulation,PGMED003,0,5,synthetic
2026-07-08,HOSP_B,PGMED004,Paracetamol,97,,requested_demand,simulation,PGMED004,0,5,synthetic
2026-07-08,HOSP_B,PGMED005,Salbutamol,123,,requested_demand,simulation,PGMED005,0,5,synthetic
2026-07-08,HOSP_C,PGMED001,Amoxicillin,58,,requested_demand,simulation,PGMED001,0,5,synthetic
2026-07-08,HOSP_C,PGMED002,Atorvastatin,85,,requested_demand,simulation,PGMED002,0,5,synthetic
2026-07-08,HOSP_C,PGMED003,Normal Saline IV,98,,requested_demand,simulation,PGMED003,0,5,synthetic
2026-07-08,HOSP_C,PGMED004,Paracetamol,110,,requested_demand,simulation,PGMED004,0,5,synthetic
2026-07-08,HOSP_C,PGMED005,Salbutamol,133,,requested_demand,simulation,PGMED005,0,5,synthetic
2026-07-08,HOSP_D,PGMED001,Amoxicillin,70,,requested_demand,simulation,PGMED001,0,5,synthetic
2026-07-08,HOSP_D,PGMED002,Atorvastatin,90,,requested_demand,simulation,PGMED002,0,5,synthetic
2026-07-08,HOSP_D,PGMED003,Normal Saline IV,120,,requested_demand,simulation,PGMED003,0,5,synthetic
2026-07-08,HOSP_D,PGMED004,Paracetamol,201,,requested_demand,simulation,PGMED004,1,5,synthetic
2026-07-08,HOSP_D,PGMED005,Salbutamol,166,,requested_demand,simulation,PGMED005,0,5,synthetic
2026-07-09,HOSP_A,PGMED001,Amoxicillin,37,,requested_demand,simulation,PGMED001,0,5,synthetic
2026-07-09,HOSP_A,PGMED002,Atorvastatin,46,,requested_demand,simulation,PGMED002,0,5,synthetic
2026-07-09,HOSP_A,PGMED003,Normal Saline IV,64,,requested_demand,simulation,PGMED003,0,5,synthetic
2026-07-09,HOSP_A,PGMED004,Paracetamol,80,,requested_demand,simulation,PGMED004,0,5,synthetic
2026-07-09,HOSP_A,PGMED005,Salbutamol,88,,requested_demand,simulation,PGMED005,0,5,synthetic
2026-07-09,HOSP_B,PGMED001,Amoxicillin,44,,requested_demand,simulation,PGMED001,0,5,synthetic
2026-07-09,HOSP_B,PGMED002,Atorvastatin,62,,requested_demand,simulation,PGMED002,0,5,synthetic
2026-07-09,HOSP_B,PGMED003,Normal Saline IV,81,,requested_demand,simulation,PGMED003,0,5,synthetic
2026-07-09,HOSP_B,PGMED004,Paracetamol,87,,requested_demand,simulation,PGMED004,0,5,synthetic
2026-07-09,HOSP_B,PGMED005,Salbutamol,101,,requested_demand,simulation,PGMED005,0,5,synthetic
2026-07-09,HOSP_C,PGMED001,Amoxicillin,51,,requested_demand,simulation,PGMED001,0,5,synthetic
2026-07-09,HOSP_C,PGMED002,Atorvastatin,78,,requested_demand,simulation,PGMED002,0,5,synthetic
2026-07-09,HOSP_C,PGMED003,Normal Saline IV,96,,requested_demand,simulation,PGMED003,0,5,synthetic
2026-07-09,HOSP_C,PGMED004,Paracetamol,112,,requested_demand,simulation,PGMED004,0,5,synthetic
2026-07-09,HOSP_C,PGMED005,Salbutamol,123,,requested_demand,simulation,PGMED005,0,5,synthetic
2026-07-09,HOSP_D,PGMED001,Amoxicillin,84,,requested_demand,simulation,PGMED001,1,5,synthetic
2026-07-09,HOSP_D,PGMED002,Atorvastatin,83,,requested_demand,simulation,PGMED002,0,5,synthetic
2026-07-09,HOSP_D,PGMED003,Normal Saline IV,108,,requested_demand,simulation,PGMED003,0,5,synthetic
2026-07-09,HOSP_D,PGMED004,Paracetamol,183,,requested_demand,simulation,PGMED004,1,5,synthetic
2026-07-09,HOSP_D,PGMED005,Salbutamol,154,,requested_demand,simulation,PGMED005,0,5,synthetic
2026-07-10,HOSP_A,PGMED001,Amoxicillin,32,,requested_demand,simulation,PGMED001,0,5,synthetic
2026-07-10,HOSP_A,PGMED002,Atorvastatin,36,,requested_demand,simulation,PGMED002,0,5,synthetic
2026-07-10,HOSP_A,PGMED003,Normal Saline IV,55,,requested_demand,simulation,PGMED003,0,5,synthetic
2026-07-10,HOSP_A,PGMED004,Paracetamol,62,,requested_demand,simulation,PGMED004,0,5,synthetic
2026-07-10,HOSP_A,PGMED005,Salbutamol,74,,requested_demand,simulation,PGMED005,0,5,synthetic
2026-07-10,HOSP_B,PGMED001,Amoxicillin,33,,requested_demand,simulation,PGMED001,0,5,synthetic
2026-07-10,HOSP_B,PGMED002,Atorvastatin,57,,requested_demand,simulation,PGMED002,0,5,synthetic
2026-07-10,HOSP_B,PGMED003,Normal Saline IV,67,,requested_demand,simulation,PGMED003,0,5,synthetic
2026-07-10,HOSP_B,PGMED004,Paracetamol,76,,requested_demand,simulation,PGMED004,0,5,synthetic
2026-07-10,HOSP_B,PGMED005,Salbutamol,95,,requested_demand,simulation,PGMED005,0,5,synthetic
2026-07-10,HOSP_C,PGMED001,Amoxicillin,48,,requested_demand,simulation,PGMED001,0,5,synthetic
2026-07-10,HOSP_C,PGMED002,Atorvastatin,66,,requested_demand,simulation,PGMED002,0,5,synthetic
2026-07-10,HOSP_C,PGMED003,Normal Saline IV,81,,requested_demand,simulation,PGMED003,0,5,synthetic
2026-07-10,HOSP_C,PGMED004,Paracetamol,98,,requested_demand,simulation,PGMED004,0,5,synthetic
2026-07-10,HOSP_C,PGMED005,Salbutamol,105,,requested_demand,simulation,PGMED005,0,5,synthetic
2026-07-10,HOSP_D,PGMED001,Amoxicillin,69,,requested_demand,simulation,PGMED001,1,5,synthetic
2026-07-10,HOSP_D,PGMED002,Atorvastatin,75,,requested_demand,simulation,PGMED002,0,5,synthetic
2026-07-10,HOSP_D,PGMED003,Normal Saline IV,95,,requested_demand,simulation,PGMED003,0,5,synthetic
2026-07-10,HOSP_D,PGMED004,Paracetamol,144,,requested_demand,simulation,PGMED004,1,5,synthetic
2026-07-10,HOSP_D,PGMED005,Salbutamol,115,,requested_demand,simulation,PGMED005,0,5,synthetic
2026-07-11,HOSP_A,PGMED001,Amoxicillin,25,,requested_demand,simulation,PGMED001,0,5,synthetic
2026-07-11,HOSP_A,PGMED002,Atorvastatin,30,,requested_demand,simulation,PGMED002,0,5,synthetic
2026-07-11,HOSP_A,PGMED003,Normal Saline IV,45,,requested_demand,simulation,PGMED003,0,5,synthetic
2026-07-11,HOSP_A,PGMED004,Paracetamol,52,,requested_demand,simulation,PGMED004,0,5,synthetic
2026-07-11,HOSP_A,PGMED005,Salbutamol,71,,requested_demand,simulation,PGMED005,0,5,synthetic
2026-07-11,HOSP_B,PGMED001,Amoxicillin,35,,requested_demand,simulation,PGMED001,0,5,synthetic
2026-07-11,HOSP_B,PGMED002,Atorvastatin,51,,requested_demand,simulation,PGMED002,0,5,synthetic
2026-07-11,HOSP_B,PGMED003,Normal Saline IV,59,,requested_demand,simulation,PGMED003,0,5,synthetic
2026-07-11,HOSP_B,PGMED004,Paracetamol,62,,requested_demand,simulation,PGMED004,0,5,synthetic
2026-07-11,HOSP_B,PGMED005,Salbutamol,76,,requested_demand,simulation,PGMED005,0,5,synthetic
2026-07-11,HOSP_C,PGMED001,Amoxicillin,42,,requested_demand,simulation,PGMED001,0,5,synthetic
2026-07-11,HOSP_C,PGMED002,Atorvastatin,83,,requested_demand,simulation,PGMED002,1,5,synthetic
2026-07-11,HOSP_C,PGMED003,Normal Saline IV,80,,requested_demand,simulation,PGMED003,0,5,synthetic
2026-07-11,HOSP_C,PGMED004,Paracetamol,81,,requested_demand,simulation,PGMED004,0,5,synthetic
2026-07-11,HOSP_C,PGMED005,Salbutamol,84,,requested_demand,simulation,PGMED005,0,5,synthetic
2026-07-11,HOSP_D,PGMED001,Amoxicillin,62,,requested_demand,simulation,PGMED001,1,5,synthetic
2026-07-11,HOSP_D,PGMED002,Atorvastatin,64,,requested_demand,simulation,PGMED002,0,5,synthetic
2026-07-11,HOSP_D,PGMED003,Normal Saline IV,74,,requested_demand,simulation,PGMED003,0,5,synthetic
2026-07-11,HOSP_D,PGMED004,Paracetamol,130,,requested_demand,simulation,PGMED004,1,5,synthetic
2026-07-11,HOSP_D,PGMED005,Salbutamol,116,,requested_demand,simulation,PGMED005,0,5,synthetic
2026-07-12,HOSP_A,PGMED001,Amoxicillin,27,,requested_demand,simulation,PGMED001,0,5,synthetic
2026-07-12,HOSP_A,PGMED002,Atorvastatin,38,,requested_demand,simulation,PGMED002,0,5,synthetic
2026-07-12,HOSP_A,PGMED003,Normal Saline IV,45,,requested_demand,simulation,PGMED003,0,5,synthetic
2026-07-12,HOSP_A,PGMED004,Paracetamol,56,,requested_demand,simulation,PGMED004,0,5,synthetic
2026-07-12,HOSP_A,PGMED005,Salbutamol,56,,requested_demand,simulation,PGMED005,0,5,synthetic
2026-07-12,HOSP_B,PGMED001,Amoxicillin,32,,requested_demand,simulation,PGMED001,0,5,synthetic
2026-07-12,HOSP_B,PGMED002,Atorvastatin,43,,requested_demand,simulation,PGMED002,0,5,synthetic
2026-07-12,HOSP_B,PGMED003,Normal Saline IV,67,,requested_demand,simulation,PGMED003,0,5,synthetic
2026-07-12,HOSP_B,PGMED004,Paracetamol,64,,requested_demand,simulation,PGMED004,0,5,synthetic
2026-07-12,HOSP_B,PGMED005,Salbutamol,81,,requested_demand,simulation,PGMED005,0,5,synthetic
2026-07-12,HOSP_C,PGMED001,Amoxicillin,37,,requested_demand,simulation,PGMED001,0,5,synthetic
2026-07-12,HOSP_C,PGMED002,Atorvastatin,84,,requested_demand,simulation,PGMED002,1,5,synthetic
2026-07-12,HOSP_C,PGMED003,Normal Saline IV,67,,requested_demand,simulation,PGMED003,0,5,synthetic
2026-07-12,HOSP_C,PGMED004,Paracetamol,97,,requested_demand,simulation,PGMED004,0,5,synthetic
2026-07-12,HOSP_C,PGMED005,Salbutamol,96,,requested_demand,simulation,PGMED005,0,5,synthetic
2026-07-12,HOSP_D,PGMED001,Amoxicillin,65,,requested_demand,simulation,PGMED001,1,5,synthetic
2026-07-12,HOSP_D,PGMED002,Atorvastatin,71,,requested_demand,simulation,PGMED002,0,5,synthetic
2026-07-12,HOSP_D,PGMED003,Normal Saline IV,90,,requested_demand,simulation,PGMED003,0,5,synthetic
2026-07-12,HOSP_D,PGMED004,Paracetamol,86,,requested_demand,simulation,PGMED004,0,5,synthetic
2026-07-12,HOSP_D,PGMED005,Salbutamol,133,,requested_demand,simulation,PGMED005,0,5,synthetic
2026-07-13,HOSP_A,PGMED001,Amoxicillin,33,,requested_demand,simulation,PGMED001,0,5,synthetic
2026-07-13,HOSP_A,PGMED002,Atorvastatin,42,,requested_demand,simulation,PGMED002,0,5,synthetic
2026-07-13,HOSP_A,PGMED003,Normal Saline IV,52,,requested_demand,simulation,PGMED003,0,5,synthetic
2026-07-13,HOSP_A,PGMED004,Paracetamol,69,,requested_demand,simulation,PGMED004,0,5,synthetic
2026-07-13,HOSP_A,PGMED005,Salbutamol,83,,requested_demand,simulation,PGMED005,0,5,synthetic
2026-07-13,HOSP_B,PGMED001,Amoxicillin,36,,requested_demand,simulation,PGMED001,0,5,synthetic
2026-07-13,HOSP_B,PGMED002,Atorvastatin,52,,requested_demand,simulation,PGMED002,0,5,synthetic
2026-07-13,HOSP_B,PGMED003,Normal Saline IV,77,,requested_demand,simulation,PGMED003,0,5,synthetic
2026-07-13,HOSP_B,PGMED004,Paracetamol,77,,requested_demand,simulation,PGMED004,0,5,synthetic
2026-07-13,HOSP_B,PGMED005,Salbutamol,102,,requested_demand,simulation,PGMED005,0,5,synthetic
2026-07-13,HOSP_C,PGMED001,Amoxicillin,49,,requested_demand,simulation,PGMED001,0,5,synthetic
2026-07-13,HOSP_C,PGMED002,Atorvastatin,101,,requested_demand,simulation,PGMED002,1,5,synthetic
2026-07-13,HOSP_C,PGMED003,Normal Saline IV,81,,requested_demand,simulation,PGMED003,0,5,synthetic
2026-07-13,HOSP_C,PGMED004,Paracetamol,138,,requested_demand,simulation,PGMED004,1,5,synthetic
2026-07-13,HOSP_C,PGMED005,Salbutamol,118,,requested_demand,simulation,PGMED005,0,5,synthetic
2026-07-13,HOSP_D,PGMED001,Amoxicillin,82,,requested_demand,simulation,PGMED001,1,5,synthetic
2026-07-13,HOSP_D,PGMED002,Atorvastatin,75,,requested_demand,simulation,PGMED002,0,5,synthetic
2026-07-13,HOSP_D,PGMED003,Normal Saline IV,103,,requested_demand,simulation,PGMED003,0,5,synthetic
2026-07-13,HOSP_D,PGMED004,Paracetamol,114,,requested_demand,simulation,PGMED004,0,5,synthetic
2026-07-13,HOSP_D,PGMED005,Salbutamol,138,,requested_demand,simulation,PGMED005,0,5,synthetic
2026-07-14,HOSP_A,PGMED001,Amoxicillin,39,,requested_demand,simulation,PGMED001,0,5,synthetic
2026-07-14,HOSP_A,PGMED002,Atorvastatin,49,,requested_demand,simulation,PGMED002,0,5,synthetic
2026-07-14,HOSP_A,PGMED003,Normal Saline IV,65,,requested_demand,simulation,PGMED003,0,5,synthetic
2026-07-14,HOSP_A,PGMED004,Paracetamol,70,,requested_demand,simulation,PGMED004,0,5,synthetic
2026-07-14,HOSP_A,PGMED005,Salbutamol,101,,requested_demand,simulation,PGMED005,0,5,synthetic
2026-07-14,HOSP_B,PGMED001,Amoxicillin,43,,requested_demand,simulation,PGMED001,0,5,synthetic
2026-07-14,HOSP_B,PGMED002,Atorvastatin,69,,requested_demand,simulation,PGMED002,0,5,synthetic
2026-07-14,HOSP_B,PGMED003,Normal Saline IV,72,,requested_demand,simulation,PGMED003,0,5,synthetic
2026-07-14,HOSP_B,PGMED004,Paracetamol,92,,requested_demand,simulation,PGMED004,0,5,synthetic
2026-07-14,HOSP_B,PGMED005,Salbutamol,113,,requested_demand,simulation,PGMED005,0,5,synthetic
2026-07-14,HOSP_C,PGMED001,Amoxicillin,55,,requested_demand,simulation,PGMED001,0,5,synthetic
2026-07-14,HOSP_C,PGMED002,Atorvastatin,113,,requested_demand,simulation,PGMED002,1,5,synthetic
2026-07-14,HOSP_C,PGMED003,Normal Saline IV,95,,requested_demand,simulation,PGMED003,0,5,synthetic
2026-07-14,HOSP_C,PGMED004,Paracetamol,167,,requested_demand,simulation,PGMED004,1,5,synthetic
2026-07-14,HOSP_C,PGMED005,Salbutamol,133,,requested_demand,simulation,PGMED005,0,5,synthetic
2026-07-14,HOSP_D,PGMED001,Amoxicillin,69,,requested_demand,simulation,PGMED001,0,5,synthetic
2026-07-14,HOSP_D,PGMED002,Atorvastatin,95,,requested_demand,simulation,PGMED002,0,5,synthetic
2026-07-14,HOSP_D,PGMED003,Normal Saline IV,108,,requested_demand,simulation,PGMED003,0,5,synthetic
2026-07-14,HOSP_D,PGMED004,Paracetamol,139,,requested_demand,simulation,PGMED004,0,5,synthetic
2026-07-14,HOSP_D,PGMED005,Salbutamol,159,,requested_demand,simulation,PGMED005,0,5,synthetic
2026-07-15,HOSP_A,PGMED001,Amoxicillin,43,,requested_demand,simulation,PGMED001,0,5,synthetic
2026-07-15,HOSP_A,PGMED002,Atorvastatin,45,,requested_demand,simulation,PGMED002,0,5,synthetic
2026-07-15,HOSP_A,PGMED003,Normal Saline IV,69,,requested_demand,simulation,PGMED003,0,5,synthetic
2026-07-15,HOSP_A,PGMED004,Paracetamol,80,,requested_demand,simulation,PGMED004,0,5,synthetic
2026-07-15,HOSP_A,PGMED005,Salbutamol,92,,requested_demand,simulation,PGMED005,0,5,synthetic
2026-07-15,HOSP_B,PGMED001,Amoxicillin,45,,requested_demand,simulation,PGMED001,0,5,synthetic
2026-07-15,HOSP_B,PGMED002,Atorvastatin,63,,requested_demand,simulation,PGMED002,0,5,synthetic
2026-07-15,HOSP_B,PGMED003,Normal Saline IV,85,,requested_demand,simulation,PGMED003,0,5,synthetic
2026-07-15,HOSP_B,PGMED004,Paracetamol,92,,requested_demand,simulation,PGMED004,0,5,synthetic
2026-07-15,HOSP_B,PGMED005,Salbutamol,125,,requested_demand,simulation,PGMED005,0,5,synthetic
2026-07-15,HOSP_C,PGMED001,Amoxicillin,63,,requested_demand,simulation,PGMED001,0,5,synthetic
2026-07-15,HOSP_C,PGMED002,Atorvastatin,118,,requested_demand,simulation,PGMED002,1,5,synthetic
2026-07-15,HOSP_C,PGMED003,Normal Saline IV,97,,requested_demand,simulation,PGMED003,0,5,synthetic
2026-07-15,HOSP_C,PGMED004,Paracetamol,171,,requested_demand,simulation,PGMED004,1,5,synthetic
2026-07-15,HOSP_C,PGMED005,Salbutamol,138,,requested_demand,simulation,PGMED005,0,5,synthetic
2026-07-15,HOSP_D,PGMED001,Amoxicillin,67,,requested_demand,simulation,PGMED001,0,5,synthetic
2026-07-15,HOSP_D,PGMED002,Atorvastatin,101,,requested_demand,simulation,PGMED002,0,5,synthetic
2026-07-15,HOSP_D,PGMED003,Normal Saline IV,127,,requested_demand,simulation,PGMED003,0,5,synthetic
2026-07-15,HOSP_D,PGMED004,Paracetamol,146,,requested_demand,simulation,PGMED004,0,5,synthetic
2026-07-15,HOSP_D,PGMED005,Salbutamol,167,,requested_demand,simulation,PGMED005,0,5,synthetic
2026-07-16,HOSP_A,PGMED001,Amoxicillin,37,,requested_demand,simulation,PGMED001,0,5,synthetic
2026-07-16,HOSP_A,PGMED002,Atorvastatin,47,,requested_demand,simulation,PGMED002,0,5,synthetic
2026-07-16,HOSP_A,PGMED003,Normal Saline IV,63,,requested_demand,simulation,PGMED003,0,5,synthetic
2026-07-16,HOSP_A,PGMED004,Paracetamol,100,,requested_demand,simulation,PGMED004,1,5,synthetic
2026-07-16,HOSP_A,PGMED005,Salbutamol,87,,requested_demand,simulation,PGMED005,0,5,synthetic
2026-07-16,HOSP_B,PGMED001,Amoxicillin,43,,requested_demand,simulation,PGMED001,0,5,synthetic
2026-07-16,HOSP_B,PGMED002,Atorvastatin,56,,requested_demand,simulation,PGMED002,0,5,synthetic
2026-07-16,HOSP_B,PGMED003,Normal Saline IV,78,,requested_demand,simulation,PGMED003,0,5,synthetic
2026-07-16,HOSP_B,PGMED004,Paracetamol,90,,requested_demand,simulation,PGMED004,0,5,synthetic
2026-07-16,HOSP_B,PGMED005,Salbutamol,105,,requested_demand,simulation,PGMED005,0,5,synthetic
2026-07-16,HOSP_C,PGMED001,Amoxicillin,50,,requested_demand,simulation,PGMED001,0,5,synthetic
2026-07-16,HOSP_C,PGMED002,Atorvastatin,77,,requested_demand,simulation,PGMED002,0,5,synthetic
2026-07-16,HOSP_C,PGMED003,Normal Saline IV,86,,requested_demand,simulation,PGMED003,0,5,synthetic
2026-07-16,HOSP_C,PGMED004,Paracetamol,155,,requested_demand,simulation,PGMED004,1,5,synthetic
2026-07-16,HOSP_C,PGMED005,Salbutamol,127,,requested_demand,simulation,PGMED005,0,5,synthetic
2026-07-16,HOSP_D,PGMED001,Amoxicillin,66,,requested_demand,simulation,PGMED001,0,5,synthetic
2026-07-16,HOSP_D,PGMED002,Atorvastatin,90,,requested_demand,simulation,PGMED002,0,5,synthetic
2026-07-16,HOSP_D,PGMED003,Normal Saline IV,122,,requested_demand,simulation,PGMED003,0,5,synthetic
2026-07-16,HOSP_D,PGMED004,Paracetamol,123,,requested_demand,simulation,PGMED004,0,5,synthetic
2026-07-16,HOSP_D,PGMED005,Salbutamol,167,,requested_demand,simulation,PGMED005,0,5,synthetic
2026-07-17,HOSP_A,PGMED001,Amoxicillin,32,,requested_demand,simulation,PGMED001,0,5,synthetic
2026-07-17,HOSP_A,PGMED002,Atorvastatin,39,,requested_demand,simulation,PGMED002,0,5,synthetic
2026-07-17,HOSP_A,PGMED003,Normal Saline IV,60,,requested_demand,simulation,PGMED003,0,5,synthetic
2026-07-17,HOSP_A,PGMED004,Paracetamol,93,,requested_demand,simulation,PGMED004,1,5,synthetic
2026-07-17,HOSP_A,PGMED005,Salbutamol,71,,requested_demand,simulation,PGMED005,0,5,synthetic
2026-07-17,HOSP_B,PGMED001,Amoxicillin,35,,requested_demand,simulation,PGMED001,0,5,synthetic
2026-07-17,HOSP_B,PGMED002,Atorvastatin,49,,requested_demand,simulation,PGMED002,0,5,synthetic
2026-07-17,HOSP_B,PGMED003,Normal Saline IV,59,,requested_demand,simulation,PGMED003,0,5,synthetic
2026-07-17,HOSP_B,PGMED004,Paracetamol,79,,requested_demand,simulation,PGMED004,0,5,synthetic
2026-07-17,HOSP_B,PGMED005,Salbutamol,88,,requested_demand,simulation,PGMED005,0,5,synthetic
2026-07-17,HOSP_C,PGMED001,Amoxicillin,50,,requested_demand,simulation,PGMED001,0,5,synthetic
2026-07-17,HOSP_C,PGMED002,Atorvastatin,65,,requested_demand,simulation,PGMED002,0,5,synthetic
2026-07-17,HOSP_C,PGMED003,Normal Saline IV,63,,requested_demand,simulation,PGMED003,0,5,synthetic
2026-07-17,HOSP_C,PGMED004,Paracetamol,130,,requested_demand,simulation,PGMED004,1,5,synthetic
2026-07-17,HOSP_C,PGMED005,Salbutamol,102,,requested_demand,simulation,PGMED005,0,5,synthetic
2026-07-17,HOSP_D,PGMED001,Amoxicillin,56,,requested_demand,simulation,PGMED001,0,5,synthetic
2026-07-17,HOSP_D,PGMED002,Atorvastatin,74,,requested_demand,simulation,PGMED002,0,5,synthetic
2026-07-17,HOSP_D,PGMED003,Normal Saline IV,97,,requested_demand,simulation,PGMED003,0,5,synthetic
2026-07-17,HOSP_D,PGMED004,Paracetamol,115,,requested_demand,simulation,PGMED004,0,5,synthetic
2026-07-17,HOSP_D,PGMED005,Salbutamol,117,,requested_demand,simulation,PGMED005,0,5,synthetic
2026-07-18,HOSP_A,PGMED001,Amoxicillin,31,,requested_demand,simulation,PGMED001,0,5,synthetic
2026-07-18,HOSP_A,PGMED002,Atorvastatin,30,,requested_demand,simulation,PGMED002,0,5,synthetic
2026-07-18,HOSP_A,PGMED003,Normal Saline IV,51,,requested_demand,simulation,PGMED003,0,5,synthetic
2026-07-18,HOSP_A,PGMED004,Paracetamol,75,,requested_demand,simulation,PGMED004,1,5,synthetic
2026-07-18,HOSP_A,PGMED005,Salbutamol,62,,requested_demand,simulation,PGMED005,0,5,synthetic
2026-07-18,HOSP_B,PGMED001,Amoxicillin,31,,requested_demand,simulation,PGMED001,0,5,synthetic
2026-07-18,HOSP_B,PGMED002,Atorvastatin,46,,requested_demand,simulation,PGMED002,0,5,synthetic
2026-07-18,HOSP_B,PGMED003,Normal Saline IV,59,,requested_demand,simulation,PGMED003,0,5,synthetic
2026-07-18,HOSP_B,PGMED004,Paracetamol,58,,requested_demand,simulation,PGMED004,0,5,synthetic
2026-07-18,HOSP_B,PGMED005,Salbutamol,77,,requested_demand,simulation,PGMED005,0,5,synthetic
2026-07-18,HOSP_C,PGMED001,Amoxicillin,40,,requested_demand,simulation,PGMED001,0,5,synthetic
2026-07-18,HOSP_C,PGMED002,Atorvastatin,60,,requested_demand,simulation,PGMED002,0,5,synthetic
2026-07-18,HOSP_C,PGMED003,Normal Saline IV,65,,requested_demand,simulation,PGMED003,0,5,synthetic
2026-07-18,HOSP_C,PGMED004,Paracetamol,83,,requested_demand,simulation,PGMED004,0,5,synthetic
2026-07-18,HOSP_C,PGMED005,Salbutamol,99,,requested_demand,simulation,PGMED005,0,5,synthetic
2026-07-18,HOSP_D,PGMED001,Amoxicillin,46,,requested_demand,simulation,PGMED001,0,5,synthetic
2026-07-18,HOSP_D,PGMED002,Atorvastatin,65,,requested_demand,simulation,PGMED002,0,5,synthetic
2026-07-18,HOSP_D,PGMED003,Normal Saline IV,89,,requested_demand,simulation,PGMED003,0,5,synthetic
2026-07-18,HOSP_D,PGMED004,Paracetamol,84,,requested_demand,simulation,PGMED004,0,5,synthetic
2026-07-18,HOSP_D,PGMED005,Salbutamol,113,,requested_demand,simulation,PGMED005,0,5,synthetic
2026-07-19,HOSP_A,PGMED001,Amoxicillin,29,,requested_demand,simulation,PGMED001,0,5,synthetic
2026-07-19,HOSP_A,PGMED002,Atorvastatin,33,,requested_demand,simulation,PGMED002,0,5,synthetic
2026-07-19,HOSP_A,PGMED003,Normal Saline IV,47,,requested_demand,simulation,PGMED003,0,5,synthetic
2026-07-19,HOSP_A,PGMED004,Paracetamol,85,,requested_demand,simulation,PGMED004,1,5,synthetic
2026-07-19,HOSP_A,PGMED005,Salbutamol,67,,requested_demand,simulation,PGMED005,0,5,synthetic
2026-07-19,HOSP_B,PGMED001,Amoxicillin,35,,requested_demand,simulation,PGMED001,0,5,synthetic
2026-07-19,HOSP_B,PGMED002,Atorvastatin,46,,requested_demand,simulation,PGMED002,0,5,synthetic
2026-07-19,HOSP_B,PGMED003,Normal Saline IV,66,,requested_demand,simulation,PGMED003,0,5,synthetic
2026-07-19,HOSP_B,PGMED004,Paracetamol,69,,requested_demand,simulation,PGMED004,0,5,synthetic
2026-07-19,HOSP_B,PGMED005,Salbutamol,82,,requested_demand,simulation,PGMED005,0,5,synthetic
2026-07-19,HOSP_C,PGMED001,Amoxicillin,39,,requested_demand,simulation,PGMED001,0,5,synthetic
2026-07-19,HOSP_C,PGMED002,Atorvastatin,62,,requested_demand,simulation,PGMED002,0,5,synthetic
2026-07-19,HOSP_C,PGMED003,Normal Saline IV,72,,requested_demand,simulation,PGMED003,0,5,synthetic
2026-07-19,HOSP_C,PGMED004,Paracetamol,92,,requested_demand,simulation,PGMED004,0,5,synthetic
2026-07-19,HOSP_C,PGMED005,Salbutamol,109,,requested_demand,simulation,PGMED005,0,5,synthetic
2026-07-19,HOSP_D,PGMED001,Amoxicillin,45,,requested_demand,simulation,PGMED001,0,5,synthetic
2026-07-19,HOSP_D,PGMED002,Atorvastatin,64,,requested_demand,simulation,PGMED002,0,5,synthetic
2026-07-19,HOSP_D,PGMED003,Normal Saline IV,85,,requested_demand,simulation,PGMED003,0,5,synthetic
2026-07-19,HOSP_D,PGMED004,Paracetamol,90,,requested_demand,simulation,PGMED004,0,5,synthetic
2026-07-19,HOSP_D,PGMED005,Salbutamol,110,,requested_demand,simulation,PGMED005,0,5,synthetic
2026-07-20,HOSP_A,PGMED001,Amoxicillin,37,,requested_demand,simulation,PGMED001,0,5,synthetic
2026-07-20,HOSP_A,PGMED002,Atorvastatin,42,,requested_demand,simulation,PGMED002,0,5,synthetic
2026-07-20,HOSP_A,PGMED003,Normal Saline IV,61,,requested_demand,simulation,PGMED003,0,5,synthetic
2026-07-20,HOSP_A,PGMED004,Paracetamol,89,,requested_demand,simulation,PGMED004,1,5,synthetic
2026-07-20,HOSP_A,PGMED005,Salbutamol,88,,requested_demand,simulation,PGMED005,0,5,synthetic
2026-07-20,HOSP_B,PGMED001,Amoxicillin,40,,requested_demand,simulation,PGMED001,0,5,synthetic
2026-07-20,HOSP_B,PGMED002,Atorvastatin,53,,requested_demand,simulation,PGMED002,0,5,synthetic
2026-07-20,HOSP_B,PGMED003,Normal Saline IV,68,,requested_demand,simulation,PGMED003,0,5,synthetic
2026-07-20,HOSP_B,PGMED004,Paracetamol,81,,requested_demand,simulation,PGMED004,0,5,synthetic
2026-07-20,HOSP_B,PGMED005,Salbutamol,107,,requested_demand,simulation,PGMED005,0,5,synthetic
2026-07-20,HOSP_C,PGMED001,Amoxicillin,48,,requested_demand,simulation,PGMED001,0,5,synthetic
2026-07-20,HOSP_C,PGMED002,Atorvastatin,71,,requested_demand,simulation,PGMED002,0,5,synthetic
2026-07-20,HOSP_C,PGMED003,Normal Saline IV,81,,requested_demand,simulation,PGMED003,0,5,synthetic
2026-07-20,HOSP_C,PGMED004,Paracetamol,111,,requested_demand,simulation,PGMED004,0,5,synthetic
2026-07-20,HOSP_C,PGMED005,Salbutamol,114,,requested_demand,simulation,PGMED005,0,5,synthetic
2026-07-20,HOSP_D,PGMED001,Amoxicillin,62,,requested_demand,simulation,PGMED001,0,5,synthetic
2026-07-20,HOSP_D,PGMED002,Atorvastatin,80,,requested_demand,simulation,PGMED002,0,5,synthetic
2026-07-20,HOSP_D,PGMED003,Normal Saline IV,90,,requested_demand,simulation,PGMED003,0,5,synthetic
2026-07-20,HOSP_D,PGMED004,Paracetamol,122,,requested_demand,simulation,PGMED004,0,5,synthetic
2026-07-20,HOSP_D,PGMED005,Salbutamol,188,,requested_demand,simulation,PGMED005,1,5,synthetic
2026-07-21,HOSP_A,PGMED001,Amoxicillin,39,,requested_demand,simulation,PGMED001,0,5,synthetic
2026-07-21,HOSP_A,PGMED002,Atorvastatin,48,,requested_demand,simulation,PGMED002,0,5,synthetic
2026-07-21,HOSP_A,PGMED003,Normal Saline IV,67,,requested_demand,simulation,PGMED003,0,5,synthetic
2026-07-21,HOSP_A,PGMED004,Paracetamol,80,,requested_demand,simulation,PGMED004,0,5,synthetic
2026-07-21,HOSP_A,PGMED005,Salbutamol,103,,requested_demand,simulation,PGMED005,0,5,synthetic
2026-07-21,HOSP_B,PGMED001,Amoxicillin,46,,requested_demand,simulation,PGMED001,0,5,synthetic
2026-07-21,HOSP_B,PGMED002,Atorvastatin,62,,requested_demand,simulation,PGMED002,0,5,synthetic
2026-07-21,HOSP_B,PGMED003,Normal Saline IV,85,,requested_demand,simulation,PGMED003,0,5,synthetic
2026-07-21,HOSP_B,PGMED004,Paracetamol,96,,requested_demand,simulation,PGMED004,0,5,synthetic
2026-07-21,HOSP_B,PGMED005,Salbutamol,120,,requested_demand,simulation,PGMED005,0,5,synthetic
2026-07-21,HOSP_C,PGMED001,Amoxicillin,56,,requested_demand,simulation,PGMED001,0,5,synthetic
2026-07-21,HOSP_C,PGMED002,Atorvastatin,79,,requested_demand,simulation,PGMED002,0,5,synthetic
2026-07-21,HOSP_C,PGMED003,Normal Saline IV,106,,requested_demand,simulation,PGMED003,0,5,synthetic
2026-07-21,HOSP_C,PGMED004,Paracetamol,119,,requested_demand,simulation,PGMED004,0,5,synthetic
2026-07-21,HOSP_C,PGMED005,Salbutamol,139,,requested_demand,simulation,PGMED005,0,5,synthetic
2026-07-21,HOSP_D,PGMED001,Amoxicillin,65,,requested_demand,simulation,PGMED001,0,5,synthetic
2026-07-21,HOSP_D,PGMED002,Atorvastatin,99,,requested_demand,simulation,PGMED002,0,5,synthetic
2026-07-21,HOSP_D,PGMED003,Normal Saline IV,105,,requested_demand,simulation,PGMED003,0,5,synthetic
2026-07-21,HOSP_D,PGMED004,Paracetamol,148,,requested_demand,simulation,PGMED004,0,5,synthetic
2026-07-21,HOSP_D,PGMED005,Salbutamol,223,,requested_demand,simulation,PGMED005,1,5,synthetic
2026-07-22,HOSP_A,PGMED001,Amoxicillin,42,,requested_demand,simulation,PGMED001,0,5,synthetic
2026-07-22,HOSP_A,PGMED002,Atorvastatin,48,,requested_demand,simulation,PGMED002,0,5,synthetic
2026-07-22,HOSP_A,PGMED003,Normal Saline IV,70,,requested_demand,simulation,PGMED003,0,5,synthetic
2026-07-22,HOSP_A,PGMED004,Paracetamol,81,,requested_demand,simulation,PGMED004,0,5,synthetic
2026-07-22,HOSP_A,PGMED005,Salbutamol,96,,requested_demand,simulation,PGMED005,0,5,synthetic
2026-07-22,HOSP_B,PGMED001,Amoxicillin,48,,requested_demand,simulation,PGMED001,0,5,synthetic
2026-07-22,HOSP_B,PGMED002,Atorvastatin,64,,requested_demand,simulation,PGMED002,0,5,synthetic
2026-07-22,HOSP_B,PGMED003,Normal Saline IV,83,,requested_demand,simulation,PGMED003,0,5,synthetic
2026-07-22,HOSP_B,PGMED004,Paracetamol,98,,requested_demand,simulation,PGMED004,0,5,synthetic
2026-07-22,HOSP_B,PGMED005,Salbutamol,130,,requested_demand,simulation,PGMED005,0,5,synthetic
2026-07-22,HOSP_C,PGMED001,Amoxicillin,56,,requested_demand,simulation,PGMED001,0,5,synthetic
2026-07-22,HOSP_C,PGMED002,Atorvastatin,85,,requested_demand,simulation,PGMED002,0,5,synthetic
2026-07-22,HOSP_C,PGMED003,Normal Saline IV,100,,requested_demand,simulation,PGMED003,0,5,synthetic
2026-07-22,HOSP_C,PGMED004,Paracetamol,127,,requested_demand,simulation,PGMED004,0,5,synthetic
2026-07-22,HOSP_C,PGMED005,Salbutamol,138,,requested_demand,simulation,PGMED005,0,5,synthetic
2026-07-22,HOSP_D,PGMED001,Amoxicillin,68,,requested_demand,simulation,PGMED001,0,5,synthetic
2026-07-22,HOSP_D,PGMED002,Atorvastatin,96,,requested_demand,simulation,PGMED002,0,5,synthetic
2026-07-22,HOSP_D,PGMED003,Normal Saline IV,121,,requested_demand,simulation,PGMED003,0,5,synthetic
2026-07-22,HOSP_D,PGMED004,Paracetamol,144,,requested_demand,simulation,PGMED004,0,5,synthetic
2026-07-22,HOSP_D,PGMED005,Salbutamol,242,,requested_demand,simulation,PGMED005,1,5,synthetic
2026-07-23,HOSP_A,PGMED001,Amoxicillin,37,,requested_demand,simulation,PGMED001,0,5,synthetic
2026-07-23,HOSP_A,PGMED002,Atorvastatin,44,,requested_demand,simulation,PGMED002,0,5,synthetic
2026-07-23,HOSP_A,PGMED003,Normal Saline IV,65,,requested_demand,simulation,PGMED003,0,5,synthetic
2026-07-23,HOSP_A,PGMED004,Paracetamol,69,,requested_demand,simulation,PGMED004,0,5,synthetic
2026-07-23,HOSP_A,PGMED005,Salbutamol,98,,requested_demand,simulation,PGMED005,0,5,synthetic
2026-07-23,HOSP_B,PGMED001,Amoxicillin,44,,requested_demand,simulation,PGMED001,0,5,synthetic
2026-07-23,HOSP_B,PGMED002,Atorvastatin,57,,requested_demand,simulation,PGMED002,0,5,synthetic
2026-07-23,HOSP_B,PGMED003,Normal Saline IV,76,,requested_demand,simulation,PGMED003,0,5,synthetic
2026-07-23,HOSP_B,PGMED004,Paracetamol,82,,requested_demand,simulation,PGMED004,0,5,synthetic
2026-07-23,HOSP_B,PGMED005,Salbutamol,123,,requested_demand,simulation,PGMED005,0,5,synthetic
2026-07-23,HOSP_C,PGMED001,Amoxicillin,77,,requested_demand,simulation,PGMED001,1,5,synthetic
2026-07-23,HOSP_C,PGMED002,Atorvastatin,77,,requested_demand,simulation,PGMED002,0,5,synthetic
2026-07-23,HOSP_C,PGMED003,Normal Saline IV,97,,requested_demand,simulation,PGMED003,0,5,synthetic
2026-07-23,HOSP_C,PGMED004,Paracetamol,107,,requested_demand,simulation,PGMED004,0,5,synthetic
2026-07-23,HOSP_C,PGMED005,Salbutamol,130,,requested_demand,simulation,PGMED005,0,5,synthetic
2026-07-23,HOSP_D,PGMED001,Amoxicillin,60,,requested_demand,simulation,PGMED001,0,5,synthetic
2026-07-23,HOSP_D,PGMED002,Atorvastatin,84,,requested_demand,simulation,PGMED002,0,5,synthetic
2026-07-23,HOSP_D,PGMED003,Normal Saline IV,106,,requested_demand,simulation,PGMED003,0,5,synthetic
2026-07-23,HOSP_D,PGMED004,Paracetamol,127,,requested_demand,simulation,PGMED004,0,5,synthetic
2026-07-23,HOSP_D,PGMED005,Salbutamol,225,,requested_demand,simulation,PGMED005,1,5,synthetic
2026-07-24,HOSP_A,PGMED001,Amoxicillin,32,,requested_demand,simulation,PGMED001,0,5,synthetic
2026-07-24,HOSP_A,PGMED002,Atorvastatin,37,,requested_demand,simulation,PGMED002,0,5,synthetic
2026-07-24,HOSP_A,PGMED003,Normal Saline IV,56,,requested_demand,simulation,PGMED003,0,5,synthetic
2026-07-24,HOSP_A,PGMED004,Paracetamol,62,,requested_demand,simulation,PGMED004,0,5,synthetic
2026-07-24,HOSP_A,PGMED005,Salbutamol,75,,requested_demand,simulation,PGMED005,0,5,synthetic
2026-07-24,HOSP_B,PGMED001,Amoxicillin,31,,requested_demand,simulation,PGMED001,0,5,synthetic
2026-07-24,HOSP_B,PGMED002,Atorvastatin,58,,requested_demand,simulation,PGMED002,0,5,synthetic
2026-07-24,HOSP_B,PGMED003,Normal Saline IV,72,,requested_demand,simulation,PGMED003,0,5,synthetic
2026-07-24,HOSP_B,PGMED004,Paracetamol,69,,requested_demand,simulation,PGMED004,0,5,synthetic
2026-07-24,HOSP_B,PGMED005,Salbutamol,86,,requested_demand,simulation,PGMED005,0,5,synthetic
2026-07-24,HOSP_C,PGMED001,Amoxicillin,61,,requested_demand,simulation,PGMED001,1,5,synthetic
2026-07-24,HOSP_C,PGMED002,Atorvastatin,66,,requested_demand,simulation,PGMED002,0,5,synthetic
2026-07-24,HOSP_C,PGMED003,Normal Saline IV,78,,requested_demand,simulation,PGMED003,0,5,synthetic
2026-07-24,HOSP_C,PGMED004,Paracetamol,98,,requested_demand,simulation,PGMED004,0,5,synthetic
2026-07-24,HOSP_C,PGMED005,Salbutamol,118,,requested_demand,simulation,PGMED005,0,5,synthetic
2026-07-24,HOSP_D,PGMED001,Amoxicillin,49,,requested_demand,simulation,PGMED001,0,5,synthetic
2026-07-24,HOSP_D,PGMED002,Atorvastatin,72,,requested_demand,simulation,PGMED002,0,5,synthetic
2026-07-24,HOSP_D,PGMED003,Normal Saline IV,86,,requested_demand,simulation,PGMED003,0,5,synthetic
2026-07-24,HOSP_D,PGMED004,Paracetamol,92,,requested_demand,simulation,PGMED004,0,5,synthetic
2026-07-24,HOSP_D,PGMED005,Salbutamol,180,,requested_demand,simulation,PGMED005,1,5,synthetic
2026-07-25,HOSP_A,PGMED001,Amoxicillin,30,,requested_demand,simulation,PGMED001,0,5,synthetic
2026-07-25,HOSP_A,PGMED002,Atorvastatin,33,,requested_demand,simulation,PGMED002,0,5,synthetic
2026-07-25,HOSP_A,PGMED003,Normal Saline IV,47,,requested_demand,simulation,PGMED003,0,5,synthetic
2026-07-25,HOSP_A,PGMED004,Paracetamol,59,,requested_demand,simulation,PGMED004,0,5,synthetic
2026-07-25,HOSP_A,PGMED005,Salbutamol,74,,requested_demand,simulation,PGMED005,0,5,synthetic
2026-07-25,HOSP_B,PGMED001,Amoxicillin,31,,requested_demand,simulation,PGMED001,0,5,synthetic
2026-07-25,HOSP_B,PGMED002,Atorvastatin,45,,requested_demand,simulation,PGMED002,0,5,synthetic
2026-07-25,HOSP_B,PGMED003,Normal Saline IV,56,,requested_demand,simulation,PGMED003,0,5,synthetic
2026-07-25,HOSP_B,PGMED004,Paracetamol,66,,requested_demand,simulation,PGMED004,0,5,synthetic
2026-07-25,HOSP_B,PGMED005,Salbutamol,82,,requested_demand,simulation,PGMED005,0,5,synthetic
2026-07-25,HOSP_C,PGMED001,Amoxicillin,50,,requested_demand,simulation,PGMED001,1,5,synthetic
2026-07-25,HOSP_C,PGMED002,Atorvastatin,66,,requested_demand,simulation,PGMED002,0,5,synthetic
2026-07-25,HOSP_C,PGMED003,Normal Saline IV,71,,requested_demand,simulation,PGMED003,0,5,synthetic
2026-07-25,HOSP_C,PGMED004,Paracetamol,78,,requested_demand,simulation,PGMED004,0,5,synthetic
2026-07-25,HOSP_C,PGMED005,Salbutamol,98,,requested_demand,simulation,PGMED005,0,5,synthetic
2026-07-25,HOSP_D,PGMED001,Amoxicillin,41,,requested_demand,simulation,PGMED001,0,5,synthetic
2026-07-25,HOSP_D,PGMED002,Atorvastatin,66,,requested_demand,simulation,PGMED002,0,5,synthetic
2026-07-25,HOSP_D,PGMED003,Normal Saline IV,80,,requested_demand,simulation,PGMED003,0,5,synthetic
2026-07-25,HOSP_D,PGMED004,Paracetamol,80,,requested_demand,simulation,PGMED004,0,5,synthetic
2026-07-25,HOSP_D,PGMED005,Salbutamol,108,,requested_demand,simulation,PGMED005,0,5,synthetic
2026-07-26,HOSP_A,PGMED001,Amoxicillin,27,,requested_demand,simulation,PGMED001,0,5,synthetic
2026-07-26,HOSP_A,PGMED002,Atorvastatin,38,,requested_demand,simulation,PGMED002,0,5,synthetic
2026-07-26,HOSP_A,PGMED003,Normal Saline IV,54,,requested_demand,simulation,PGMED003,0,5,synthetic
2026-07-26,HOSP_A,PGMED004,Paracetamol,55,,requested_demand,simulation,PGMED004,0,5,synthetic
2026-07-26,HOSP_A,PGMED005,Salbutamol,69,,requested_demand,simulation,PGMED005,0,5,synthetic
2026-07-26,HOSP_B,PGMED001,Amoxicillin,28,,requested_demand,simulation,PGMED001,0,5,synthetic
2026-07-26,HOSP_B,PGMED002,Atorvastatin,50,,requested_demand,simulation,PGMED002,0,5,synthetic
2026-07-26,HOSP_B,PGMED003,Normal Saline IV,63,,requested_demand,simulation,PGMED003,0,5,synthetic
2026-07-26,HOSP_B,PGMED004,Paracetamol,74,,requested_demand,simulation,PGMED004,0,5,synthetic
2026-07-26,HOSP_B,PGMED005,Salbutamol,78,,requested_demand,simulation,PGMED005,0,5,synthetic
2026-07-26,HOSP_C,PGMED001,Amoxicillin,58,,requested_demand,simulation,PGMED001,1,5,synthetic
2026-07-26,HOSP_C,PGMED002,Atorvastatin,58,,requested_demand,simulation,PGMED002,0,5,synthetic
2026-07-26,HOSP_C,PGMED003,Normal Saline IV,100,,requested_demand,simulation,PGMED003,1,5,synthetic
2026-07-26,HOSP_C,PGMED004,Paracetamol,93,,requested_demand,simulation,PGMED004,0,5,synthetic
2026-07-26,HOSP_C,PGMED005,Salbutamol,86,,requested_demand,simulation,PGMED005,0,5,synthetic
2026-07-26,HOSP_D,PGMED001,Amoxicillin,50,,requested_demand,simulation,PGMED001,0,5,synthetic
2026-07-26,HOSP_D,PGMED002,Atorvastatin,67,,requested_demand,simulation,PGMED002,0,5,synthetic
2026-07-26,HOSP_D,PGMED003,Normal Saline IV,122,,requested_demand,simulation,PGMED003,1,5,synthetic
2026-07-26,HOSP_D,PGMED004,Paracetamol,100,,requested_demand,simulation,PGMED004,0,5,synthetic
2026-07-26,HOSP_D,PGMED005,Salbutamol,137,,requested_demand,simulation,PGMED005,0,5,synthetic
2026-07-27,HOSP_A,PGMED001,Amoxicillin,37,,requested_demand,simulation,PGMED001,0,5,synthetic
2026-07-27,HOSP_A,PGMED002,Atorvastatin,34,,requested_demand,simulation,PGMED002,0,5,synthetic
2026-07-27,HOSP_A,PGMED003,Normal Saline IV,56,,requested_demand,simulation,PGMED003,0,5,synthetic
2026-07-27,HOSP_A,PGMED004,Paracetamol,60,,requested_demand,simulation,PGMED004,0,5,synthetic
2026-07-27,HOSP_A,PGMED005,Salbutamol,83,,requested_demand,simulation,PGMED005,0,5,synthetic
2026-07-27,HOSP_B,PGMED001,Amoxicillin,40,,requested_demand,simulation,PGMED001,0,5,synthetic
2026-07-27,HOSP_B,PGMED002,Atorvastatin,54,,requested_demand,simulation,PGMED002,0,5,synthetic
2026-07-27,HOSP_B,PGMED003,Normal Saline IV,65,,requested_demand,simulation,PGMED003,0,5,synthetic
2026-07-27,HOSP_B,PGMED004,Paracetamol,104,,requested_demand,simulation,PGMED004,1,5,synthetic
2026-07-27,HOSP_B,PGMED005,Salbutamol,96,,requested_demand,simulation,PGMED005,0,5,synthetic
2026-07-27,HOSP_C,PGMED001,Amoxicillin,65,,requested_demand,simulation,PGMED001,1,5,synthetic
2026-07-27,HOSP_C,PGMED002,Atorvastatin,73,,requested_demand,simulation,PGMED002,0,5,synthetic
2026-07-27,HOSP_C,PGMED003,Normal Saline IV,124,,requested_demand,simulation,PGMED003,1,5,synthetic
2026-07-27,HOSP_C,PGMED004,Paracetamol,116,,requested_demand,simulation,PGMED004,0,5,synthetic
2026-07-27,HOSP_C,PGMED005,Salbutamol,120,,requested_demand,simulation,PGMED005,0,5,synthetic
2026-07-27,HOSP_D,PGMED001,Amoxicillin,54,,requested_demand,simulation,PGMED001,0,5,synthetic
2026-07-27,HOSP_D,PGMED002,Atorvastatin,83,,requested_demand,simulation,PGMED002,0,5,synthetic
2026-07-27,HOSP_D,PGMED003,Normal Saline IV,132,,requested_demand,simulation,PGMED003,1,5,synthetic
2026-07-27,HOSP_D,PGMED004,Paracetamol,115,,requested_demand,simulation,PGMED004,0,5,synthetic
2026-07-27,HOSP_D,PGMED005,Salbutamol,134,,requested_demand,simulation,PGMED005,0,5,synthetic
2026-07-28,HOSP_A,PGMED001,Amoxicillin,42,,requested_demand,simulation,PGMED001,0,5,synthetic
2026-07-28,HOSP_A,PGMED002,Atorvastatin,47,,requested_demand,simulation,PGMED002,0,5,synthetic
2026-07-28,HOSP_A,PGMED003,Normal Saline IV,69,,requested_demand,simulation,PGMED003,0,5,synthetic
2026-07-28,HOSP_A,PGMED004,Paracetamol,77,,requested_demand,simulation,PGMED004,0,5,synthetic
2026-07-28,HOSP_A,PGMED005,Salbutamol,97,,requested_demand,simulation,PGMED005,0,5,synthetic
2026-07-28,HOSP_B,PGMED001,Amoxicillin,46,,requested_demand,simulation,PGMED001,0,5,synthetic
2026-07-28,HOSP_B,PGMED002,Atorvastatin,63,,requested_demand,simulation,PGMED002,0,5,synthetic
2026-07-28,HOSP_B,PGMED003,Normal Saline IV,92,,requested_demand,simulation,PGMED003,0,5,synthetic
2026-07-28,HOSP_B,PGMED004,Paracetamol,134,,requested_demand,simulation,PGMED004,1,5,synthetic
2026-07-28,HOSP_B,PGMED005,Salbutamol,113,,requested_demand,simulation,PGMED005,0,5,synthetic
2026-07-28,HOSP_C,PGMED001,Amoxicillin,56,,requested_demand,simulation,PGMED001,0,5,synthetic
2026-07-28,HOSP_C,PGMED002,Atorvastatin,87,,requested_demand,simulation,PGMED002,0,5,synthetic
2026-07-28,HOSP_C,PGMED003,Normal Saline IV,136,,requested_demand,simulation,PGMED003,1,5,synthetic
2026-07-28,HOSP_C,PGMED004,Paracetamol,118,,requested_demand,simulation,PGMED004,0,5,synthetic
2026-07-28,HOSP_C,PGMED005,Salbutamol,144,,requested_demand,simulation,PGMED005,0,5,synthetic
2026-07-28,HOSP_D,PGMED001,Amoxicillin,102,,requested_demand,simulation,PGMED001,1,5,synthetic
2026-07-28,HOSP_D,PGMED002,Atorvastatin,96,,requested_demand,simulation,PGMED002,0,5,synthetic
2026-07-28,HOSP_D,PGMED003,Normal Saline IV,160,,requested_demand,simulation,PGMED003,1,5,synthetic
2026-07-28,HOSP_D,PGMED004,Paracetamol,128,,requested_demand,simulation,PGMED004,0,5,synthetic
2026-07-28,HOSP_D,PGMED005,Salbutamol,155,,requested_demand,simulation,PGMED005,0,5,synthetic
2026-07-29,HOSP_A,PGMED001,Amoxicillin,42,,requested_demand,simulation,PGMED001,0,5,synthetic
2026-07-29,HOSP_A,PGMED002,Atorvastatin,49,,requested_demand,simulation,PGMED002,0,5,synthetic
2026-07-29,HOSP_A,PGMED003,Normal Saline IV,80,,requested_demand,simulation,PGMED003,0,5,synthetic
2026-07-29,HOSP_A,PGMED004,Paracetamol,77,,requested_demand,simulation,PGMED004,0,5,synthetic
2026-07-29,HOSP_A,PGMED005,Salbutamol,113,,requested_demand,simulation,PGMED005,0,5,synthetic
2026-07-29,HOSP_B,PGMED001,Amoxicillin,50,,requested_demand,simulation,PGMED001,0,5,synthetic
2026-07-29,HOSP_B,PGMED002,Atorvastatin,64,,requested_demand,simulation,PGMED002,0,5,synthetic
2026-07-29,HOSP_B,PGMED003,Normal Saline IV,90,,requested_demand,simulation,PGMED003,0,5,synthetic
2026-07-29,HOSP_B,PGMED004,Paracetamol,143,,requested_demand,simulation,PGMED004,1,5,synthetic
2026-07-29,HOSP_B,PGMED005,Salbutamol,115,,requested_demand,simulation,PGMED005,0,5,synthetic
2026-07-29,HOSP_C,PGMED001,Amoxicillin,57,,requested_demand,simulation,PGMED001,0,5,synthetic
2026-07-29,HOSP_C,PGMED002,Atorvastatin,86,,requested_demand,simulation,PGMED002,0,5,synthetic
2026-07-29,HOSP_C,PGMED003,Normal Saline IV,142,,requested_demand,simulation,PGMED003,1,5,synthetic
2026-07-29,HOSP_C,PGMED004,Paracetamol,110,,requested_demand,simulation,PGMED004,0,5,synthetic
2026-07-29,HOSP_C,PGMED005,Salbutamol,139,,requested_demand,simulation,PGMED005,0,5,synthetic
2026-07-29,HOSP_D,PGMED001,Amoxicillin,91,,requested_demand,simulation,PGMED001,1,5,synthetic
2026-07-29,HOSP_D,PGMED002,Atorvastatin,101,,requested_demand,simulation,PGMED002,0,5,synthetic
2026-07-29,HOSP_D,PGMED003,Normal Saline IV,177,,requested_demand,simulation,PGMED003,1,5,synthetic
2026-07-29,HOSP_D,PGMED004,Paracetamol,141,,requested_demand,simulation,PGMED004,0,5,synthetic
2026-07-29,HOSP_D,PGMED005,Salbutamol,150,,requested_demand,simulation,PGMED005,0,5,synthetic
2026-07-30,HOSP_A,PGMED001,Amoxicillin,36,,requested_demand,simulation,PGMED001,0,5,synthetic
2026-07-30,HOSP_A,PGMED002,Atorvastatin,45,,requested_demand,simulation,PGMED002,0,5,synthetic
2026-07-30,HOSP_A,PGMED003,Normal Saline IV,66,,requested_demand,simulation,PGMED003,0,5,synthetic
2026-07-30,HOSP_A,PGMED004,Paracetamol,71,,requested_demand,simulation,PGMED004,0,5,synthetic
2026-07-30,HOSP_A,PGMED005,Salbutamol,93,,requested_demand,simulation,PGMED005,0,5,synthetic
2026-07-30,HOSP_B,PGMED001,Amoxicillin,46,,requested_demand,simulation,PGMED001,0,5,synthetic
2026-07-30,HOSP_B,PGMED002,Atorvastatin,52,,requested_demand,simulation,PGMED002,0,5,synthetic
2026-07-30,HOSP_B,PGMED003,Normal Saline IV,79,,requested_demand,simulation,PGMED003,0,5,synthetic
2026-07-30,HOSP_B,PGMED004,Paracetamol,124,,requested_demand,simulation,PGMED004,1,5,synthetic
2026-07-30,HOSP_B,PGMED005,Salbutamol,104,,requested_demand,simulation,PGMED005,0,5,synthetic
2026-07-30,HOSP_C,PGMED001,Amoxicillin,52,,requested_demand,simulation,PGMED001,0,5,synthetic
2026-07-30,HOSP_C,PGMED002,Atorvastatin,87,,requested_demand,simulation,PGMED002,0,5,synthetic
2026-07-30,HOSP_C,PGMED003,Normal Saline IV,129,,requested_demand,simulation,PGMED003,1,5,synthetic
2026-07-30,HOSP_C,PGMED004,Paracetamol,108,,requested_demand,simulation,PGMED004,0,5,synthetic
2026-07-30,HOSP_C,PGMED005,Salbutamol,134,,requested_demand,simulation,PGMED005,0,5,synthetic
2026-07-30,HOSP_D,PGMED001,Amoxicillin,82,,requested_demand,simulation,PGMED001,1,5,synthetic
2026-07-30,HOSP_D,PGMED002,Atorvastatin,95,,requested_demand,simulation,PGMED002,0,5,synthetic
2026-07-30,HOSP_D,PGMED003,Normal Saline IV,147,,requested_demand,simulation,PGMED003,1,5,synthetic
2026-07-30,HOSP_D,PGMED004,Paracetamol,128,,requested_demand,simulation,PGMED004,0,5,synthetic
2026-07-30,HOSP_D,PGMED005,Salbutamol,161,,requested_demand,simulation,PGMED005,0,5,synthetic
2026-07-31,HOSP_A,PGMED001,Amoxicillin,33,,requested_demand,simulation,PGMED001,0,5,synthetic
2026-07-31,HOSP_A,PGMED002,Atorvastatin,36,,requested_demand,simulation,PGMED002,0,5,synthetic
2026-07-31,HOSP_A,PGMED003,Normal Saline IV,81,,requested_demand,simulation,PGMED003,1,5,synthetic
2026-07-31,HOSP_A,PGMED004,Paracetamol,61,,requested_demand,simulation,PGMED004,0,5,synthetic
2026-07-31,HOSP_A,PGMED005,Salbutamol,72,,requested_demand,simulation,PGMED005,0,5,synthetic
2026-07-31,HOSP_B,PGMED001,Amoxicillin,37,,requested_demand,simulation,PGMED001,0,5,synthetic
2026-07-31,HOSP_B,PGMED002,Atorvastatin,46,,requested_demand,simulation,PGMED002,0,5,synthetic
2026-07-31,HOSP_B,PGMED003,Normal Saline IV,69,,requested_demand,simulation,PGMED003,0,5,synthetic
2026-07-31,HOSP_B,PGMED004,Paracetamol,107,,requested_demand,simulation,PGMED004,1,5,synthetic
2026-07-31,HOSP_B,PGMED005,Salbutamol,91,,requested_demand,simulation,PGMED005,0,5,synthetic
2026-07-31,HOSP_C,PGMED001,Amoxicillin,52,,requested_demand,simulation,PGMED001,0,5,synthetic
2026-07-31,HOSP_C,PGMED002,Atorvastatin,64,,requested_demand,simulation,PGMED002,0,5,synthetic
2026-07-31,HOSP_C,PGMED003,Normal Saline IV,75,,requested_demand,simulation,PGMED003,0,5,synthetic
2026-07-31,HOSP_C,PGMED004,Paracetamol,101,,requested_demand,simulation,PGMED004,0,5,synthetic
2026-07-31,HOSP_C,PGMED005,Salbutamol,102,,requested_demand,simulation,PGMED005,0,5,synthetic
2026-07-31,HOSP_D,PGMED001,Amoxicillin,74,,requested_demand,simulation,PGMED001,1,5,synthetic
2026-07-31,HOSP_D,PGMED002,Atorvastatin,79,,requested_demand,simulation,PGMED002,0,5,synthetic
2026-07-31,HOSP_D,PGMED003,Normal Saline IV,97,,requested_demand,simulation,PGMED003,0,5,synthetic
2026-07-31,HOSP_D,PGMED004,Paracetamol,114,,requested_demand,simulation,PGMED004,0,5,synthetic
2026-07-31,HOSP_D,PGMED005,Salbutamol,134,,requested_demand,simulation,PGMED005,0,5,synthetic
2026-08-01,HOSP_A,PGMED001,Amoxicillin,28,,requested_demand,simulation,PGMED001,0,5,synthetic
2026-08-01,HOSP_A,PGMED002,Atorvastatin,28,,requested_demand,simulation,PGMED002,0,5,synthetic
2026-08-01,HOSP_A,PGMED003,Normal Saline IV,68,,requested_demand,simulation,PGMED003,1,5,synthetic
2026-08-01,HOSP_A,PGMED004,Paracetamol,47,,requested_demand,simulation,PGMED004,0,5,synthetic
2026-08-01,HOSP_A,PGMED005,Salbutamol,71,,requested_demand,simulation,PGMED005,0,5,synthetic
2026-08-01,HOSP_B,PGMED001,Amoxicillin,31,,requested_demand,simulation,PGMED001,0,5,synthetic
2026-08-01,HOSP_B,PGMED002,Atorvastatin,39,,requested_demand,simulation,PGMED002,0,5,synthetic
2026-08-01,HOSP_B,PGMED003,Normal Saline IV,53,,requested_demand,simulation,PGMED003,0,5,synthetic
2026-08-01,HOSP_B,PGMED004,Paracetamol,62,,requested_demand,simulation,PGMED004,0,5,synthetic
2026-08-01,HOSP_B,PGMED005,Salbutamol,74,,requested_demand,simulation,PGMED005,0,5,synthetic
2026-08-01,HOSP_C,PGMED001,Amoxicillin,41,,requested_demand,simulation,PGMED001,0,5,synthetic
2026-08-01,HOSP_C,PGMED002,Atorvastatin,59,,requested_demand,simulation,PGMED002,0,5,synthetic
2026-08-01,HOSP_C,PGMED003,Normal Saline IV,69,,requested_demand,simulation,PGMED003,0,5,synthetic
2026-08-01,HOSP_C,PGMED004,Paracetamol,86,,requested_demand,simulation,PGMED004,0,5,synthetic
2026-08-01,HOSP_C,PGMED005,Salbutamol,84,,requested_demand,simulation,PGMED005,0,5,synthetic
2026-08-01,HOSP_D,PGMED001,Amoxicillin,69,,requested_demand,simulation,PGMED001,1,5,synthetic
2026-08-01,HOSP_D,PGMED002,Atorvastatin,61,,requested_demand,simulation,PGMED002,0,5,synthetic
2026-08-01,HOSP_D,PGMED003,Normal Saline IV,78,,requested_demand,simulation,PGMED003,0,5,synthetic
2026-08-01,HOSP_D,PGMED004,Paracetamol,95,,requested_demand,simulation,PGMED004,0,5,synthetic
2026-08-01,HOSP_D,PGMED005,Salbutamol,131,,requested_demand,simulation,PGMED005,0,5,synthetic
2026-08-02,HOSP_A,PGMED001,Amoxicillin,31,,requested_demand,simulation,PGMED001,0,5,synthetic
2026-08-02,HOSP_A,PGMED002,Atorvastatin,35,,requested_demand,simulation,PGMED002,0,5,synthetic
2026-08-02,HOSP_A,PGMED003,Normal Saline IV,73,,requested_demand,simulation,PGMED003,1,5,synthetic
2026-08-02,HOSP_A,PGMED004,Paracetamol,50,,requested_demand,simulation,PGMED004,0,5,synthetic
2026-08-02,HOSP_A,PGMED005,Salbutamol,68,,requested_demand,simulation,PGMED005,0,5,synthetic
2026-08-02,HOSP_B,PGMED001,Amoxicillin,34,,requested_demand,simulation,PGMED001,0,5,synthetic
2026-08-02,HOSP_B,PGMED002,Atorvastatin,39,,requested_demand,simulation,PGMED002,0,5,synthetic
2026-08-02,HOSP_B,PGMED003,Normal Saline IV,67,,requested_demand,simulation,PGMED003,0,5,synthetic
2026-08-02,HOSP_B,PGMED004,Paracetamol,69,,requested_demand,simulation,PGMED004,0,5,synthetic
2026-08-02,HOSP_B,PGMED005,Salbutamol,90,,requested_demand,simulation,PGMED005,0,5,synthetic
2026-08-02,HOSP_C,PGMED001,Amoxicillin,43,,requested_demand,simulation,PGMED001,0,5,synthetic
2026-08-02,HOSP_C,PGMED002,Atorvastatin,57,,requested_demand,simulation,PGMED002,0,5,synthetic
2026-08-02,HOSP_C,PGMED003,Normal Saline IV,82,,requested_demand,simulation,PGMED003,0,5,synthetic
2026-08-02,HOSP_C,PGMED004,Paracetamol,88,,requested_demand,simulation,PGMED004,0,5,synthetic
2026-08-02,HOSP_C,PGMED005,Salbutamol,100,,requested_demand,simulation,PGMED005,0,5,synthetic
2026-08-02,HOSP_D,PGMED001,Amoxicillin,48,,requested_demand,simulation,PGMED001,0,5,synthetic
2026-08-02,HOSP_D,PGMED002,Atorvastatin,64,,requested_demand,simulation,PGMED002,0,5,synthetic
2026-08-02,HOSP_D,PGMED003,Normal Saline IV,88,,requested_demand,simulation,PGMED003,0,5,synthetic
2026-08-02,HOSP_D,PGMED004,Paracetamol,108,,requested_demand,simulation,PGMED004,0,5,synthetic
2026-08-02,HOSP_D,PGMED005,Salbutamol,105,,requested_demand,simulation,PGMED005,0,5,synthetic
2026-08-03,HOSP_A,PGMED001,Amoxicillin,36,,requested_demand,simulation,PGMED001,0,5,synthetic
2026-08-03,HOSP_A,PGMED002,Atorvastatin,45,,requested_demand,simulation,PGMED002,0,5,synthetic
2026-08-03,HOSP_A,PGMED003,Normal Saline IV,84,,requested_demand,simulation,PGMED003,1,5,synthetic
2026-08-03,HOSP_A,PGMED004,Paracetamol,69,,requested_demand,simulation,PGMED004,0,5,synthetic
2026-08-03,HOSP_A,PGMED005,Salbutamol,80,,requested_demand,simulation,PGMED005,0,5,synthetic
2026-08-03,HOSP_B,PGMED001,Amoxicillin,38,,requested_demand,simulation,PGMED001,0,5,synthetic
2026-08-03,HOSP_B,PGMED002,Atorvastatin,52,,requested_demand,simulation,PGMED002,0,5,synthetic
2026-08-03,HOSP_B,PGMED003,Normal Saline IV,72,,requested_demand,simulation,PGMED003,0,5,synthetic
2026-08-03,HOSP_B,PGMED004,Paracetamol,74,,requested_demand,simulation,PGMED004,0,5,synthetic
2026-08-03,HOSP_B,PGMED005,Salbutamol,96,,requested_demand,simulation,PGMED005,0,5,synthetic
2026-08-03,HOSP_C,PGMED001,Amoxicillin,65,,requested_demand,simulation,PGMED001,1,5,synthetic
2026-08-03,HOSP_C,PGMED002,Atorvastatin,70,,requested_demand,simulation,PGMED002,0,5,synthetic
2026-08-03,HOSP_C,PGMED003,Normal Saline IV,82,,requested_demand,simulation,PGMED003,0,5,synthetic
2026-08-03,HOSP_C,PGMED004,Paracetamol,109,,requested_demand,simulation,PGMED004,0,5,synthetic
2026-08-03,HOSP_C,PGMED005,Salbutamol,105,,requested_demand,simulation,PGMED005,0,5,synthetic
2026-08-03,HOSP_D,PGMED001,Amoxicillin,59,,requested_demand,simulation,PGMED001,0,5,synthetic
2026-08-03,HOSP_D,PGMED002,Atorvastatin,81,,requested_demand,simulation,PGMED002,0,5,synthetic
2026-08-03,HOSP_D,PGMED003,Normal Saline IV,107,,requested_demand,simulation,PGMED003,0,5,synthetic
2026-08-03,HOSP_D,PGMED004,Paracetamol,117,,requested_demand,simulation,PGMED004,0,5,synthetic
2026-08-03,HOSP_D,PGMED005,Salbutamol,150,,requested_demand,simulation,PGMED005,0,5,synthetic
2026-08-04,HOSP_A,PGMED001,Amoxicillin,45,,requested_demand,simulation,PGMED001,0,5,synthetic
2026-08-04,HOSP_A,PGMED002,Atorvastatin,43,,requested_demand,simulation,PGMED002,0,5,synthetic
2026-08-04,HOSP_A,PGMED003,Normal Saline IV,97,,requested_demand,simulation,PGMED003,1,5,synthetic
2026-08-04,HOSP_A,PGMED004,Paracetamol,76,,requested_demand,simulation,PGMED004,0,5,synthetic
2026-08-04,HOSP_A,PGMED005,Salbutamol,100,,requested_demand,simulation,PGMED005,0,5,synthetic
2026-08-04,HOSP_B,PGMED001,Amoxicillin,46,,requested_demand,simulation,PGMED001,0,5,synthetic
2026-08-04,HOSP_B,PGMED002,Atorvastatin,68,,requested_demand,simulation,PGMED002,0,5,synthetic
2026-08-04,HOSP_B,PGMED003,Normal Saline IV,84,,requested_demand,simulation,PGMED003,0,5,synthetic
2026-08-04,HOSP_B,PGMED004,Paracetamol,83,,requested_demand,simulation,PGMED004,0,5,synthetic
2026-08-04,HOSP_B,PGMED005,Salbutamol,133,,requested_demand,simulation,PGMED005,0,5,synthetic
2026-08-04,HOSP_C,PGMED001,Amoxicillin,80,,requested_demand,simulation,PGMED001,1,5,synthetic
2026-08-04,HOSP_C,PGMED002,Atorvastatin,84,,requested_demand,simulation,PGMED002,0,5,synthetic
2026-08-04,HOSP_C,PGMED003,Normal Saline IV,99,,requested_demand,simulation,PGMED003,0,5,synthetic
2026-08-04,HOSP_C,PGMED004,Paracetamol,122,,requested_demand,simulation,PGMED004,0,5,synthetic
2026-08-04,HOSP_C,PGMED005,Salbutamol,134,,requested_demand,simulation,PGMED005,0,5,synthetic
2026-08-04,HOSP_D,PGMED001,Amoxicillin,59,,requested_demand,simulation,PGMED001,0,5,synthetic
2026-08-04,HOSP_D,PGMED002,Atorvastatin,92,,requested_demand,simulation,PGMED002,0,5,synthetic
2026-08-04,HOSP_D,PGMED003,Normal Saline IV,121,,requested_demand,simulation,PGMED003,0,5,synthetic
2026-08-04,HOSP_D,PGMED004,Paracetamol,135,,requested_demand,simulation,PGMED004,0,5,synthetic
2026-08-04,HOSP_D,PGMED005,Salbutamol,160,,requested_demand,simulation,PGMED005,0,5,synthetic
2026-08-05,HOSP_A,PGMED001,Amoxicillin,43,,requested_demand,simulation,PGMED001,0,5,synthetic
2026-08-05,HOSP_A,PGMED002,Atorvastatin,51,,requested_demand,simulation,PGMED002,0,5,synthetic
2026-08-05,HOSP_A,PGMED003,Normal Saline IV,70,,requested_demand,simulation,PGMED003,0,5,synthetic
2026-08-05,HOSP_A,PGMED004,Paracetamol,70,,requested_demand,simulation,PGMED004,0,5,synthetic
2026-08-05,HOSP_A,PGMED005,Salbutamol,99,,requested_demand,simulation,PGMED005,0,5,synthetic
2026-08-05,HOSP_B,PGMED001,Amoxicillin,50,,requested_demand,simulation,PGMED001,0,5,synthetic
2026-08-05,HOSP_B,PGMED002,Atorvastatin,66,,requested_demand,simulation,PGMED002,0,5,synthetic
2026-08-05,HOSP_B,PGMED003,Normal Saline IV,85,,requested_demand,simulation,PGMED003,0,5,synthetic
2026-08-05,HOSP_B,PGMED004,Paracetamol,103,,requested_demand,simulation,PGMED004,0,5,synthetic
2026-08-05,HOSP_B,PGMED005,Salbutamol,118,,requested_demand,simulation,PGMED005,0,5,synthetic
2026-08-05,HOSP_C,PGMED001,Amoxicillin,85,,requested_demand,simulation,PGMED001,1,5,synthetic
2026-08-05,HOSP_C,PGMED002,Atorvastatin,89,,requested_demand,simulation,PGMED002,0,5,synthetic
2026-08-05,HOSP_C,PGMED003,Normal Saline IV,106,,requested_demand,simulation,PGMED003,0,5,synthetic
2026-08-05,HOSP_C,PGMED004,Paracetamol,130,,requested_demand,simulation,PGMED004,0,5,synthetic
2026-08-05,HOSP_C,PGMED005,Salbutamol,149,,requested_demand,simulation,PGMED005,0,5,synthetic
2026-08-05,HOSP_D,PGMED001,Amoxicillin,65,,requested_demand,simulation,PGMED001,0,5,synthetic
2026-08-05,HOSP_D,PGMED002,Atorvastatin,92,,requested_demand,simulation,PGMED002,0,5,synthetic
2026-08-05,HOSP_D,PGMED003,Normal Saline IV,126,,requested_demand,simulation,PGMED003,0,5,synthetic
2026-08-05,HOSP_D,PGMED004,Paracetamol,148,,requested_demand,simulation,PGMED004,0,5,synthetic
2026-08-05,HOSP_D,PGMED005,Salbutamol,171,,requested_demand,simulation,PGMED005,0,5,synthetic
2026-08-06,HOSP_A,PGMED001,Amoxicillin,53,,requested_demand,simulation,PGMED001,1,5,synthetic
2026-08-06,HOSP_A,PGMED002,Atorvastatin,43,,requested_demand,simulation,PGMED002,0,5,synthetic
2026-08-06,HOSP_A,PGMED003,Normal Saline IV,67,,requested_demand,simulation,PGMED003,0,5,synthetic
2026-08-06,HOSP_A,PGMED004,Paracetamol,76,,requested_demand,simulation,PGMED004,0,5,synthetic
2026-08-06,HOSP_A,PGMED005,Salbutamol,91,,requested_demand,simulation,PGMED005,0,5,synthetic
2026-08-06,HOSP_B,PGMED001,Amoxicillin,42,,requested_demand,simulation,PGMED001,0,5,synthetic
2026-08-06,HOSP_B,PGMED002,Atorvastatin,64,,requested_demand,simulation,PGMED002,0,5,synthetic
2026-08-06,HOSP_B,PGMED003,Normal Saline IV,77,,requested_demand,simulation,PGMED003,0,5,synthetic
2026-08-06,HOSP_B,PGMED004,Paracetamol,84,,requested_demand,simulation,PGMED004,0,5,synthetic
2026-08-06,HOSP_B,PGMED005,Salbutamol,110,,requested_demand,simulation,PGMED005,0,5,synthetic
2026-08-06,HOSP_C,PGMED001,Amoxicillin,74,,requested_demand,simulation,PGMED001,1,5,synthetic
2026-08-06,HOSP_C,PGMED002,Atorvastatin,79,,requested_demand,simulation,PGMED002,0,5,synthetic
2026-08-06,HOSP_C,PGMED003,Normal Saline IV,97,,requested_demand,simulation,PGMED003,0,5,synthetic
2026-08-06,HOSP_C,PGMED004,Paracetamol,117,,requested_demand,simulation,PGMED004,0,5,synthetic
2026-08-06,HOSP_C,PGMED005,Salbutamol,114,,requested_demand,simulation,PGMED005,0,5,synthetic
2026-08-06,HOSP_D,PGMED001,Amoxicillin,58,,requested_demand,simulation,PGMED001,0,5,synthetic
2026-08-06,HOSP_D,PGMED002,Atorvastatin,86,,requested_demand,simulation,PGMED002,0,5,synthetic
2026-08-06,HOSP_D,PGMED003,Normal Saline IV,103,,requested_demand,simulation,PGMED003,0,5,synthetic
2026-08-06,HOSP_D,PGMED004,Paracetamol,121,,requested_demand,simulation,PGMED004,0,5,synthetic
2026-08-06,HOSP_D,PGMED005,Salbutamol,136,,requested_demand,simulation,PGMED005,0,5,synthetic
2026-08-07,HOSP_A,PGMED001,Amoxicillin,47,,requested_demand,simulation,PGMED001,1,5,synthetic
2026-08-07,HOSP_A,PGMED002,Atorvastatin,37,,requested_demand,simulation,PGMED002,0,5,synthetic
2026-08-07,HOSP_A,PGMED003,Normal Saline IV,52,,requested_demand,simulation,PGMED003,0,5,synthetic
2026-08-07,HOSP_A,PGMED004,Paracetamol,62,,requested_demand,simulation,PGMED004,0,5,synthetic
2026-08-07,HOSP_A,PGMED005,Salbutamol,76,,requested_demand,simulation,PGMED005,0,5,synthetic
2026-08-07,HOSP_B,PGMED001,Amoxicillin,38,,requested_demand,simulation,PGMED001,0,5,synthetic
2026-08-07,HOSP_B,PGMED002,Atorvastatin,52,,requested_demand,simulation,PGMED002,0,5,synthetic
2026-08-07,HOSP_B,PGMED003,Normal Saline IV,70,,requested_demand,simulation,PGMED003,0,5,synthetic
2026-08-07,HOSP_B,PGMED004,Paracetamol,73,,requested_demand,simulation,PGMED004,0,5,synthetic
2026-08-07,HOSP_B,PGMED005,Salbutamol,85,,requested_demand,simulation,PGMED005,0,5,synthetic
2026-08-07,HOSP_C,PGMED001,Amoxicillin,67,,requested_demand,simulation,PGMED001,1,5,synthetic
2026-08-07,HOSP_C,PGMED002,Atorvastatin,71,,requested_demand,simulation,PGMED002,0,5,synthetic
2026-08-07,HOSP_C,PGMED003,Normal Saline IV,76,,requested_demand,simulation,PGMED003,0,5,synthetic
2026-08-07,HOSP_C,PGMED004,Paracetamol,103,,requested_demand,simulation,PGMED004,0,5,synthetic
2026-08-07,HOSP_C,PGMED005,Salbutamol,98,,requested_demand,simulation,PGMED005,0,5,synthetic
2026-08-07,HOSP_D,PGMED001,Amoxicillin,45,,requested_demand,simulation,PGMED001,0,5,synthetic
2026-08-07,HOSP_D,PGMED002,Atorvastatin,72,,requested_demand,simulation,PGMED002,0,5,synthetic
2026-08-07,HOSP_D,PGMED003,Normal Saline IV,98,,requested_demand,simulation,PGMED003,0,5,synthetic
2026-08-07,HOSP_D,PGMED004,Paracetamol,127,,requested_demand,simulation,PGMED004,0,5,synthetic
2026-08-07,HOSP_D,PGMED005,Salbutamol,138,,requested_demand,simulation,PGMED005,0,5,synthetic
2026-08-08,HOSP_A,PGMED001,Amoxicillin,41,,requested_demand,simulation,PGMED001,1,5,synthetic
2026-08-08,HOSP_A,PGMED002,Atorvastatin,30,,requested_demand,simulation,PGMED002,0,5,synthetic
2026-08-08,HOSP_A,PGMED003,Normal Saline IV,51,,requested_demand,simulation,PGMED003,0,5,synthetic
2026-08-08,HOSP_A,PGMED004,Paracetamol,51,,requested_demand,simulation,PGMED004,0,5,synthetic
2026-08-08,HOSP_A,PGMED005,Salbutamol,68,,requested_demand,simulation,PGMED005,0,5,synthetic
2026-08-08,HOSP_B,PGMED001,Amoxicillin,33,,requested_demand,simulation,PGMED001,0,5,synthetic
2026-08-08,HOSP_B,PGMED002,Atorvastatin,47,,requested_demand,simulation,PGMED002,0,5,synthetic
2026-08-08,HOSP_B,PGMED003,Normal Saline IV,60,,requested_demand,simulation,PGMED003,0,5,synthetic
2026-08-08,HOSP_B,PGMED004,Paracetamol,59,,requested_demand,simulation,PGMED004,0,5,synthetic
2026-08-08,HOSP_B,PGMED005,Salbutamol,91,,requested_demand,simulation,PGMED005,0,5,synthetic
2026-08-08,HOSP_C,PGMED001,Amoxicillin,37,,requested_demand,simulation,PGMED001,0,5,synthetic
2026-08-08,HOSP_C,PGMED002,Atorvastatin,58,,requested_demand,simulation,PGMED002,0,5,synthetic
2026-08-08,HOSP_C,PGMED003,Normal Saline IV,55,,requested_demand,simulation,PGMED003,0,5,synthetic
2026-08-08,HOSP_C,PGMED004,Paracetamol,85,,requested_demand,simulation,PGMED004,0,5,synthetic
2026-08-08,HOSP_C,PGMED005,Salbutamol,87,,requested_demand,simulation,PGMED005,0,5,synthetic
2026-08-08,HOSP_D,PGMED001,Amoxicillin,46,,requested_demand,simulation,PGMED001,0,5,synthetic
2026-08-08,HOSP_D,PGMED002,Atorvastatin,62,,requested_demand,simulation,PGMED002,0,5,synthetic
2026-08-08,HOSP_D,PGMED003,Normal Saline IV,76,,requested_demand,simulation,PGMED003,0,5,synthetic
2026-08-08,HOSP_D,PGMED004,Paracetamol,97,,requested_demand,simulation,PGMED004,0,5,synthetic
2026-08-08,HOSP_D,PGMED005,Salbutamol,117,,requested_demand,simulation,PGMED005,0,5,synthetic
2026-08-09,HOSP_A,PGMED001,Amoxicillin,46,,requested_demand,simulation,PGMED001,1,5,synthetic
2026-08-09,HOSP_A,PGMED002,Atorvastatin,34,,requested_demand,simulation,PGMED002,0,5,synthetic
2026-08-09,HOSP_A,PGMED003,Normal Saline IV,55,,requested_demand,simulation,PGMED003,0,5,synthetic
2026-08-09,HOSP_A,PGMED004,Paracetamol,51,,requested_demand,simulation,PGMED004,0,5,synthetic
2026-08-09,HOSP_A,PGMED005,Salbutamol,72,,requested_demand,simulation,PGMED005,0,5,synthetic
2026-08-09,HOSP_B,PGMED001,Amoxicillin,31,,requested_demand,simulation,PGMED001,0,5,synthetic
2026-08-09,HOSP_B,PGMED002,Atorvastatin,44,,requested_demand,simulation,PGMED002,0,5,synthetic
2026-08-09,HOSP_B,PGMED003,Normal Saline IV,65,,requested_demand,simulation,PGMED003,0,5,synthetic
2026-08-09,HOSP_B,PGMED004,Paracetamol,62,,requested_demand,simulation,PGMED004,0,5,synthetic
2026-08-09,HOSP_B,PGMED005,Salbutamol,92,,requested_demand,simulation,PGMED005,0,5,synthetic
2026-08-09,HOSP_C,PGMED001,Amoxicillin,42,,requested_demand,simulation,PGMED001,0,5,synthetic
2026-08-09,HOSP_C,PGMED002,Atorvastatin,59,,requested_demand,simulation,PGMED002,0,5,synthetic
2026-08-09,HOSP_C,PGMED003,Normal Saline IV,73,,requested_demand,simulation,PGMED003,0,5,synthetic
2026-08-09,HOSP_C,PGMED004,Paracetamol,127,,requested_demand,simulation,PGMED004,1,5,synthetic
2026-08-09,HOSP_C,PGMED005,Salbutamol,138,,requested_demand,simulation,PGMED005,1,5,synthetic
2026-08-09,HOSP_D,PGMED001,Amoxicillin,40,,requested_demand,simulation,PGMED001,0,5,synthetic
2026-08-09,HOSP_D,PGMED002,Atorvastatin,67,,requested_demand,simulation,PGMED002,0,5,synthetic
2026-08-09,HOSP_D,PGMED003,Normal Saline IV,87,,requested_demand,simulation,PGMED003,0,5,synthetic
2026-08-09,HOSP_D,PGMED004,Paracetamol,102,,requested_demand,simulation,PGMED004,0,5,synthetic
2026-08-09,HOSP_D,PGMED005,Salbutamol,116,,requested_demand,simulation,PGMED005,0,5,synthetic
2026-08-10,HOSP_A,PGMED001,Amoxicillin,53,,requested_demand,simulation,PGMED001,1,5,synthetic
2026-08-10,HOSP_A,PGMED002,Atorvastatin,44,,requested_demand,simulation,PGMED002,0,5,synthetic
2026-08-10,HOSP_A,PGMED003,Normal Saline IV,62,,requested_demand,simulation,PGMED003,0,5,synthetic
2026-08-10,HOSP_A,PGMED004,Paracetamol,70,,requested_demand,simulation,PGMED004,0,5,synthetic
2026-08-10,HOSP_A,PGMED005,Salbutamol,74,,requested_demand,simulation,PGMED005,0,5,synthetic
2026-08-10,HOSP_B,PGMED001,Amoxicillin,42,,requested_demand,simulation,PGMED001,0,5,synthetic
2026-08-10,HOSP_B,PGMED002,Atorvastatin,57,,requested_demand,simulation,PGMED002,0,5,synthetic
2026-08-10,HOSP_B,PGMED003,Normal Saline IV,73,,requested_demand,simulation,PGMED003,0,5,synthetic
2026-08-10,HOSP_B,PGMED004,Paracetamol,81,,requested_demand,simulation,PGMED004,0,5,synthetic
2026-08-10,HOSP_B,PGMED005,Salbutamol,103,,requested_demand,simulation,PGMED005,0,5,synthetic
2026-08-10,HOSP_C,PGMED001,Amoxicillin,49,,requested_demand,simulation,PGMED001,0,5,synthetic
2026-08-10,HOSP_C,PGMED002,Atorvastatin,83,,requested_demand,simulation,PGMED002,0,5,synthetic
2026-08-10,HOSP_C,PGMED003,Normal Saline IV,73,,requested_demand,simulation,PGMED003,0,5,synthetic
2026-08-10,HOSP_C,PGMED004,Paracetamol,142,,requested_demand,simulation,PGMED004,1,5,synthetic
2026-08-10,HOSP_C,PGMED005,Salbutamol,162,,requested_demand,simulation,PGMED005,1,5,synthetic
2026-08-10,HOSP_D,PGMED001,Amoxicillin,52,,requested_demand,simulation,PGMED001,0,5,synthetic
2026-08-10,HOSP_D,PGMED002,Atorvastatin,87,,requested_demand,simulation,PGMED002,0,5,synthetic
2026-08-10,HOSP_D,PGMED003,Normal Saline IV,102,,requested_demand,simulation,PGMED003,0,5,synthetic
2026-08-10,HOSP_D,PGMED004,Paracetamol,121,,requested_demand,simulation,PGMED004,0,5,synthetic
2026-08-10,HOSP_D,PGMED005,Salbutamol,143,,requested_demand,simulation,PGMED005,0,5,synthetic
2026-08-11,HOSP_A,PGMED001,Amoxicillin,43,,requested_demand,simulation,PGMED001,0,5,synthetic
2026-08-11,HOSP_A,PGMED002,Atorvastatin,49,,requested_demand,simulation,PGMED002,0,5,synthetic
2026-08-11,HOSP_A,PGMED003,Normal Saline IV,69,,requested_demand,simulation,PGMED003,0,5,synthetic
2026-08-11,HOSP_A,PGMED004,Paracetamol,79,,requested_demand,simulation,PGMED004,0,5,synthetic
2026-08-11,HOSP_A,PGMED005,Salbutamol,99,,requested_demand,simulation,PGMED005,0,5,synthetic
2026-08-11,HOSP_B,PGMED001,Amoxicillin,47,,requested_demand,simulation,PGMED001,0,5,synthetic
2026-08-11,HOSP_B,PGMED002,Atorvastatin,67,,requested_demand,simulation,PGMED002,0,5,synthetic
2026-08-11,HOSP_B,PGMED003,Normal Saline IV,87,,requested_demand,simulation,PGMED003,0,5,synthetic
2026-08-11,HOSP_B,PGMED004,Paracetamol,91,,requested_demand,simulation,PGMED004,0,5,synthetic
2026-08-11,HOSP_B,PGMED005,Salbutamol,109,,requested_demand,simulation,PGMED005,0,5,synthetic
2026-08-11,HOSP_C,PGMED001,Amoxicillin,59,,requested_demand,simulation,PGMED001,0,5,synthetic
2026-08-11,HOSP_C,PGMED002,Atorvastatin,85,,requested_demand,simulation,PGMED002,0,5,synthetic
2026-08-11,HOSP_C,PGMED003,Normal Saline IV,104,,requested_demand,simulation,PGMED003,0,5,synthetic
2026-08-11,HOSP_C,PGMED004,Paracetamol,163,,requested_demand,simulation,PGMED004,1,5,synthetic
2026-08-11,HOSP_C,PGMED005,Salbutamol,200,,requested_demand,simulation,PGMED005,1,5,synthetic
2026-08-11,HOSP_D,PGMED001,Amoxicillin,64,,requested_demand,simulation,PGMED001,0,5,synthetic
2026-08-11,HOSP_D,PGMED002,Atorvastatin,95,,requested_demand,simulation,PGMED002,0,5,synthetic
2026-08-11,HOSP_D,PGMED003,Normal Saline IV,119,,requested_demand,simulation,PGMED003,0,5,synthetic
2026-08-11,HOSP_D,PGMED004,Paracetamol,149,,requested_demand,simulation,PGMED004,0,5,synthetic
2026-08-11,HOSP_D,PGMED005,Salbutamol,153,,requested_demand,simulation,PGMED005,0,5,synthetic
2026-08-12,HOSP_A,PGMED001,Amoxicillin,46,,requested_demand,simulation,PGMED001,0,5,synthetic
2026-08-12,HOSP_A,PGMED002,Atorvastatin,53,,requested_demand,simulation,PGMED002,0,5,synthetic
2026-08-12,HOSP_A,PGMED003,Normal Saline IV,74,,requested_demand,simulation,PGMED003,0,5,synthetic
2026-08-12,HOSP_A,PGMED004,Paracetamol,90,,requested_demand,simulation,PGMED004,0,5,synthetic
2026-08-12,HOSP_A,PGMED005,Salbutamol,95,,requested_demand,simulation,PGMED005,0,5,synthetic
2026-08-12,HOSP_B,PGMED001,Amoxicillin,47,,requested_demand,simulation,PGMED001,0,5,synthetic
2026-08-12,HOSP_B,PGMED002,Atorvastatin,64,,requested_demand,simulation,PGMED002,0,5,synthetic
2026-08-12,HOSP_B,PGMED003,Normal Saline IV,86,,requested_demand,simulation,PGMED003,0,5,synthetic
2026-08-12,HOSP_B,PGMED004,Paracetamol,100,,requested_demand,simulation,PGMED004,0,5,synthetic
2026-08-12,HOSP_B,PGMED005,Salbutamol,171,,requested_demand,simulation,PGMED005,1,5,synthetic
2026-08-12,HOSP_C,PGMED001,Amoxicillin,58,,requested_demand,simulation,PGMED001,0,5,synthetic
2026-08-12,HOSP_C,PGMED002,Atorvastatin,83,,requested_demand,simulation,PGMED002,0,5,synthetic
2026-08-12,HOSP_C,PGMED003,Normal Saline IV,101,,requested_demand,simulation,PGMED003,0,5,synthetic
2026-08-12,HOSP_C,PGMED004,Paracetamol,183,,requested_demand,simulation,PGMED004,1,5,synthetic
2026-08-12,HOSP_C,PGMED005,Salbutamol,203,,requested_demand,simulation,PGMED005,1,5,synthetic
2026-08-12,HOSP_D,PGMED001,Amoxicillin,65,,requested_demand,simulation,PGMED001,0,5,synthetic
2026-08-12,HOSP_D,PGMED002,Atorvastatin,109,,requested_demand,simulation,PGMED002,0,5,synthetic
2026-08-12,HOSP_D,PGMED003,Normal Saline IV,123,,requested_demand,simulation,PGMED003,0,5,synthetic
2026-08-12,HOSP_D,PGMED004,Paracetamol,146,,requested_demand,simulation,PGMED004,0,5,synthetic
2026-08-12,HOSP_D,PGMED005,Salbutamol,160,,requested_demand,simulation,PGMED005,0,5,synthetic
2026-08-13,HOSP_A,PGMED001,Amoxicillin,37,,requested_demand,simulation,PGMED001,0,5,synthetic
2026-08-13,HOSP_A,PGMED002,Atorvastatin,47,,requested_demand,simulation,PGMED002,0,5,synthetic
2026-08-13,HOSP_A,PGMED003,Normal Saline IV,65,,requested_demand,simulation,PGMED003,0,5,synthetic
2026-08-13,HOSP_A,PGMED004,Paracetamol,75,,requested_demand,simulation,PGMED004,0,5,synthetic
2026-08-13,HOSP_A,PGMED005,Salbutamol,84,,requested_demand,simulation,PGMED005,0,5,synthetic
2026-08-13,HOSP_B,PGMED001,Amoxicillin,41,,requested_demand,simulation,PGMED001,0,5,synthetic
2026-08-13,HOSP_B,PGMED002,Atorvastatin,62,,requested_demand,simulation,PGMED002,0,5,synthetic
2026-08-13,HOSP_B,PGMED003,Normal Saline IV,89,,requested_demand,simulation,PGMED003,0,5,synthetic
2026-08-13,HOSP_B,PGMED004,Paracetamol,91,,requested_demand,simulation,PGMED004,0,5,synthetic
2026-08-13,HOSP_B,PGMED005,Salbutamol,148,,requested_demand,simulation,PGMED005,1,5,synthetic
2026-08-13,HOSP_C,PGMED001,Amoxicillin,54,,requested_demand,simulation,PGMED001,0,5,synthetic
2026-08-13,HOSP_C,PGMED002,Atorvastatin,76,,requested_demand,simulation,PGMED002,0,5,synthetic
2026-08-13,HOSP_C,PGMED003,Normal Saline IV,96,,requested_demand,simulation,PGMED003,0,5,synthetic
2026-08-13,HOSP_C,PGMED004,Paracetamol,158,,requested_demand,simulation,PGMED004,1,5,synthetic
2026-08-13,HOSP_C,PGMED005,Salbutamol,182,,requested_demand,simulation,PGMED005,1,5,synthetic
2026-08-13,HOSP_D,PGMED001,Amoxicillin,63,,requested_demand,simulation,PGMED001,0,5,synthetic
2026-08-13,HOSP_D,PGMED002,Atorvastatin,90,,requested_demand,simulation,PGMED002,0,5,synthetic
2026-08-13,HOSP_D,PGMED003,Normal Saline IV,105,,requested_demand,simulation,PGMED003,0,5,synthetic
2026-08-13,HOSP_D,PGMED004,Paracetamol,116,,requested_demand,simulation,PGMED004,0,5,synthetic
2026-08-13,HOSP_D,PGMED005,Salbutamol,146,,requested_demand,simulation,PGMED005,0,5,synthetic
2026-08-14,HOSP_A,PGMED001,Amoxicillin,32,,requested_demand,simulation,PGMED001,0,5,synthetic
2026-08-14,HOSP_A,PGMED002,Atorvastatin,53,,requested_demand,simulation,PGMED002,1,5,synthetic
2026-08-14,HOSP_A,PGMED003,Normal Saline IV,59,,requested_demand,simulation,PGMED003,0,5,synthetic
2026-08-14,HOSP_A,PGMED004,Paracetamol,63,,requested_demand,simulation,PGMED004,0,5,synthetic
2026-08-14,HOSP_A,PGMED005,Salbutamol,76,,requested_demand,simulation,PGMED005,0,5,synthetic
2026-08-14,HOSP_B,PGMED001,Amoxicillin,34,,requested_demand,simulation,PGMED001,0,5,synthetic
2026-08-14,HOSP_B,PGMED002,Atorvastatin,53,,requested_demand,simulation,PGMED002,0,5,synthetic
2026-08-14,HOSP_B,PGMED003,Normal Saline IV,61,,requested_demand,simulation,PGMED003,0,5,synthetic
2026-08-14,HOSP_B,PGMED004,Paracetamol,76,,requested_demand,simulation,PGMED004,0,5,synthetic
2026-08-14,HOSP_B,PGMED005,Salbutamol,138,,requested_demand,simulation,PGMED005,1,5,synthetic
2026-08-14,HOSP_C,PGMED001,Amoxicillin,45,,requested_demand,simulation,PGMED001,0,5,synthetic
2026-08-14,HOSP_C,PGMED002,Atorvastatin,62,,requested_demand,simulation,PGMED002,0,5,synthetic
2026-08-14,HOSP_C,PGMED003,Normal Saline IV,72,,requested_demand,simulation,PGMED003,0,5,synthetic
2026-08-14,HOSP_C,PGMED004,Paracetamol,99,,requested_demand,simulation,PGMED004,0,5,synthetic
2026-08-14,HOSP_C,PGMED005,Salbutamol,108,,requested_demand,simulation,PGMED005,0,5,synthetic
2026-08-14,HOSP_D,PGMED001,Amoxicillin,53,,requested_demand,simulation,PGMED001,0,5,synthetic
2026-08-14,HOSP_D,PGMED002,Atorvastatin,73,,requested_demand,simulation,PGMED002,0,5,synthetic
2026-08-14,HOSP_D,PGMED003,Normal Saline IV,84,,requested_demand,simulation,PGMED003,0,5,synthetic
2026-08-14,HOSP_D,PGMED004,Paracetamol,117,,requested_demand,simulation,PGMED004,0,5,synthetic
2026-08-14,HOSP_D,PGMED005,Salbutamol,111,,requested_demand,simulation,PGMED005,0,5,synthetic
2026-08-15,HOSP_A,PGMED001,Amoxicillin,28,,requested_demand,simulation,PGMED001,0,5,synthetic
2026-08-15,HOSP_A,PGMED002,Atorvastatin,50,,requested_demand,simulation,PGMED002,1,5,synthetic
2026-08-15,HOSP_A,PGMED003,Normal Saline IV,43,,requested_demand,simulation,PGMED003,0,5,synthetic
2026-08-15,HOSP_A,PGMED004,Paracetamol,53,,requested_demand,simulation,PGMED004,0,5,synthetic
2026-08-15,HOSP_A,PGMED005,Salbutamol,67,,requested_demand,simulation,PGMED005,0,5,synthetic
2026-08-15,HOSP_B,PGMED001,Amoxicillin,30,,requested_demand,simulation,PGMED001,0,5,synthetic
2026-08-15,HOSP_B,PGMED002,Atorvastatin,43,,requested_demand,simulation,PGMED002,0,5,synthetic
2026-08-15,HOSP_B,PGMED003,Normal Saline IV,64,,requested_demand,simulation,PGMED003,0,5,synthetic
2026-08-15,HOSP_B,PGMED004,Paracetamol,67,,requested_demand,simulation,PGMED004,0,5,synthetic
2026-08-15,HOSP_B,PGMED005,Salbutamol,119,,requested_demand,simulation,PGMED005,1,5,synthetic
2026-08-15,HOSP_C,PGMED001,Amoxicillin,39,,requested_demand,simulation,PGMED001,0,5,synthetic
2026-08-15,HOSP_C,PGMED002,Atorvastatin,62,,requested_demand,simulation,PGMED002,0,5,synthetic
2026-08-15,HOSP_C,PGMED003,Normal Saline IV,60,,requested_demand,simulation,PGMED003,0,5,synthetic
2026-08-15,HOSP_C,PGMED004,Paracetamol,84,,requested_demand,simulation,PGMED004,0,5,synthetic
2026-08-15,HOSP_C,PGMED005,Salbutamol,97,,requested_demand,simulation,PGMED005,0,5,synthetic
2026-08-15,HOSP_D,PGMED001,Amoxicillin,49,,requested_demand,simulation,PGMED001,0,5,synthetic
2026-08-15,HOSP_D,PGMED002,Atorvastatin,66,,requested_demand,simulation,PGMED002,0,5,synthetic
2026-08-15,HOSP_D,PGMED003,Normal Saline IV,86,,requested_demand,simulation,PGMED003,0,5,synthetic
2026-08-15,HOSP_D,PGMED004,Paracetamol,92,,requested_demand,simulation,PGMED004,0,5,synthetic
2026-08-15,HOSP_D,PGMED005,Salbutamol,118,,requested_demand,simulation,PGMED005,0,5,synthetic
2026-08-16,HOSP_A,PGMED001,Amoxicillin,30,,requested_demand,simulation,PGMED001,0,5,synthetic
2026-08-16,HOSP_A,PGMED002,Atorvastatin,49,,requested_demand,simulation,PGMED002,1,5,synthetic
2026-08-16,HOSP_A,PGMED003,Normal Saline IV,50,,requested_demand,simulation,PGMED003,0,5,synthetic
2026-08-16,HOSP_A,PGMED004,Paracetamol,60,,requested_demand,simulation,PGMED004,0,5,synthetic
2026-08-16,HOSP_A,PGMED005,Salbutamol,67,,requested_demand,simulation,PGMED005,0,5,synthetic
2026-08-16,HOSP_B,PGMED001,Amoxicillin,35,,requested_demand,simulation,PGMED001,0,5,synthetic
2026-08-16,HOSP_B,PGMED002,Atorvastatin,43,,requested_demand,simulation,PGMED002,0,5,synthetic
2026-08-16,HOSP_B,PGMED003,Normal Saline IV,68,,requested_demand,simulation,PGMED003,0,5,synthetic
2026-08-16,HOSP_B,PGMED004,Paracetamol,77,,requested_demand,simulation,PGMED004,0,5,synthetic
2026-08-16,HOSP_B,PGMED005,Salbutamol,121,,requested_demand,simulation,PGMED005,1,5,synthetic
2026-08-16,HOSP_C,PGMED001,Amoxicillin,44,,requested_demand,simulation,PGMED001,0,5,synthetic
2026-08-16,HOSP_C,PGMED002,Atorvastatin,60,,requested_demand,simulation,PGMED002,0,5,synthetic
2026-08-16,HOSP_C,PGMED003,Normal Saline IV,72,,requested_demand,simulation,PGMED003,0,5,synthetic
2026-08-16,HOSP_C,PGMED004,Paracetamol,84,,requested_demand,simulation,PGMED004,0,5,synthetic
2026-08-16,HOSP_C,PGMED005,Salbutamol,93,,requested_demand,simulation,PGMED005,0,5,synthetic
2026-08-16,HOSP_D,PGMED001,Amoxicillin,50,,requested_demand,simulation,PGMED001,0,5,synthetic
2026-08-16,HOSP_D,PGMED002,Atorvastatin,70,,requested_demand,simulation,PGMED002,0,5,synthetic
2026-08-16,HOSP_D,PGMED003,Normal Saline IV,86,,requested_demand,simulation,PGMED003,0,5,synthetic
2026-08-16,HOSP_D,PGMED004,Paracetamol,100,,requested_demand,simulation,PGMED004,0,5,synthetic
2026-08-16,HOSP_D,PGMED005,Salbutamol,126,,requested_demand,simulation,PGMED005,0,5,synthetic
2026-08-17,HOSP_A,PGMED001,Amoxicillin,34,,requested_demand,simulation,PGMED001,0,5,synthetic
2026-08-17,HOSP_A,PGMED002,Atorvastatin,59,,requested_demand,simulation,PGMED002,1,5,synthetic
2026-08-17,HOSP_A,PGMED003,Normal Saline IV,54,,requested_demand,simulation,PGMED003,0,5,synthetic
2026-08-17,HOSP_A,PGMED004,Paracetamol,70,,requested_demand,simulation,PGMED004,0,5,synthetic
2026-08-17,HOSP_A,PGMED005,Salbutamol,87,,requested_demand,simulation,PGMED005,0,5,synthetic
2026-08-17,HOSP_B,PGMED001,Amoxicillin,37,,requested_demand,simulation,PGMED001,0,5,synthetic
2026-08-17,HOSP_B,PGMED002,Atorvastatin,52,,requested_demand,simulation,PGMED002,0,5,synthetic
2026-08-17,HOSP_B,PGMED003,Normal Saline IV,70,,requested_demand,simulation,PGMED003,0,5,synthetic
2026-08-17,HOSP_B,PGMED004,Paracetamol,77,,requested_demand,simulation,PGMED004,0,5,synthetic
2026-08-17,HOSP_B,PGMED005,Salbutamol,88,,requested_demand,simulation,PGMED005,0,5,synthetic
2026-08-17,HOSP_C,PGMED001,Amoxicillin,51,,requested_demand,simulation,PGMED001,0,5,synthetic
2026-08-17,HOSP_C,PGMED002,Atorvastatin,73,,requested_demand,simulation,PGMED002,0,5,synthetic
2026-08-17,HOSP_C,PGMED003,Normal Saline IV,84,,requested_demand,simulation,PGMED003,0,5,synthetic
2026-08-17,HOSP_C,PGMED004,Paracetamol,103,,requested_demand,simulation,PGMED004,0,5,synthetic
2026-08-17,HOSP_C,PGMED005,Salbutamol,123,,requested_demand,simulation,PGMED005,0,5,synthetic
2026-08-17,HOSP_D,PGMED001,Amoxicillin,60,,requested_demand,simulation,PGMED001,0,5,synthetic
2026-08-17,HOSP_D,PGMED002,Atorvastatin,84,,requested_demand,simulation,PGMED002,0,5,synthetic
2026-08-17,HOSP_D,PGMED003,Normal Saline IV,108,,requested_demand,simulation,PGMED003,0,5,synthetic
2026-08-17,HOSP_D,PGMED004,Paracetamol,108,,requested_demand,simulation,PGMED004,0,5,synthetic
2026-08-17,HOSP_D,PGMED005,Salbutamol,132,,requested_demand,simulation,PGMED005,0,5,synthetic
2026-08-18,HOSP_A,PGMED001,Amoxicillin,44,,requested_demand,simulation,PGMED001,0,5,synthetic
2026-08-18,HOSP_A,PGMED002,Atorvastatin,65,,requested_demand,simulation,PGMED002,1,5,synthetic
2026-08-18,HOSP_A,PGMED003,Normal Saline IV,66,,requested_demand,simulation,PGMED003,0,5,synthetic
2026-08-18,HOSP_A,PGMED004,Paracetamol,83,,requested_demand,simulation,PGMED004,0,5,synthetic
2026-08-18,HOSP_A,PGMED005,Salbutamol,90,,requested_demand,simulation,PGMED005,0,5,synthetic
2026-08-18,HOSP_B,PGMED001,Amoxicillin,47,,requested_demand,simulation,PGMED001,0,5,synthetic
2026-08-18,HOSP_B,PGMED002,Atorvastatin,65,,requested_demand,simulation,PGMED002,0,5,synthetic
2026-08-18,HOSP_B,PGMED003,Normal Saline IV,94,,requested_demand,simulation,PGMED003,0,5,synthetic
2026-08-18,HOSP_B,PGMED004,Paracetamol,94,,requested_demand,simulation,PGMED004,0,5,synthetic
2026-08-18,HOSP_B,PGMED005,Salbutamol,112,,requested_demand,simulation,PGMED005,0,5,synthetic
2026-08-18,HOSP_C,PGMED001,Amoxicillin,58,,requested_demand,simulation,PGMED001,0,5,synthetic
2026-08-18,HOSP_C,PGMED002,Atorvastatin,84,,requested_demand,simulation,PGMED002,0,5,synthetic
2026-08-18,HOSP_C,PGMED003,Normal Saline IV,94,,requested_demand,simulation,PGMED003,0,5,synthetic
2026-08-18,HOSP_C,PGMED004,Paracetamol,128,,requested_demand,simulation,PGMED004,0,5,synthetic
2026-08-18,HOSP_C,PGMED005,Salbutamol,128,,requested_demand,simulation,PGMED005,0,5,synthetic
2026-08-18,HOSP_D,PGMED001,Amoxicillin,65,,requested_demand,simulation,PGMED001,0,5,synthetic
2026-08-18,HOSP_D,PGMED002,Atorvastatin,104,,requested_demand,simulation,PGMED002,0,5,synthetic
2026-08-18,HOSP_D,PGMED003,Normal Saline IV,117,,requested_demand,simulation,PGMED003,0,5,synthetic
2026-08-18,HOSP_D,PGMED004,Paracetamol,139,,requested_demand,simulation,PGMED004,0,5,synthetic
2026-08-18,HOSP_D,PGMED005,Salbutamol,162,,requested_demand,simulation,PGMED005,0,5,synthetic
2026-08-19,HOSP_A,PGMED001,Amoxicillin,44,,requested_demand,simulation,PGMED001,0,5,synthetic
2026-08-19,HOSP_A,PGMED002,Atorvastatin,49,,requested_demand,simulation,PGMED002,0,5,synthetic
2026-08-19,HOSP_A,PGMED003,Normal Saline IV,77,,requested_demand,simulation,PGMED003,0,5,synthetic
2026-08-19,HOSP_A,PGMED004,Paracetamol,78,,requested_demand,simulation,PGMED004,0,5,synthetic
2026-08-19,HOSP_A,PGMED005,Salbutamol,98,,requested_demand,simulation,PGMED005,0,5,synthetic
2026-08-19,HOSP_B,PGMED001,Amoxicillin,44,,requested_demand,simulation,PGMED001,0,5,synthetic
2026-08-19,HOSP_B,PGMED002,Atorvastatin,67,,requested_demand,simulation,PGMED002,0,5,synthetic
2026-08-19,HOSP_B,PGMED003,Normal Saline IV,92,,requested_demand,simulation,PGMED003,0,5,synthetic
2026-08-19,HOSP_B,PGMED004,Paracetamol,103,,requested_demand,simulation,PGMED004,0,5,synthetic
2026-08-19,HOSP_B,PGMED005,Salbutamol,126,,requested_demand,simulation,PGMED005,0,5,synthetic
2026-08-19,HOSP_C,PGMED001,Amoxicillin,59,,requested_demand,simulation,PGMED001,0,5,synthetic
2026-08-19,HOSP_C,PGMED002,Atorvastatin,90,,requested_demand,simulation,PGMED002,0,5,synthetic
2026-08-19,HOSP_C,PGMED003,Normal Saline IV,100,,requested_demand,simulation,PGMED003,0,5,synthetic
2026-08-19,HOSP_C,PGMED004,Paracetamol,127,,requested_demand,simulation,PGMED004,0,5,synthetic
2026-08-19,HOSP_C,PGMED005,Salbutamol,146,,requested_demand,simulation,PGMED005,0,5,synthetic
2026-08-19,HOSP_D,PGMED001,Amoxicillin,69,,requested_demand,simulation,PGMED001,0,5,synthetic
2026-08-19,HOSP_D,PGMED002,Atorvastatin,94,,requested_demand,simulation,PGMED002,0,5,synthetic
2026-08-19,HOSP_D,PGMED003,Normal Saline IV,113,,requested_demand,simulation,PGMED003,0,5,synthetic
2026-08-19,HOSP_D,PGMED004,Paracetamol,136,,requested_demand,simulation,PGMED004,0,5,synthetic
2026-08-19,HOSP_D,PGMED005,Salbutamol,163,,requested_demand,simulation,PGMED005,0,5,synthetic
2026-08-20,HOSP_A,PGMED001,Amoxicillin,37,,requested_demand,simulation,PGMED001,0,5,synthetic
2026-08-20,HOSP_A,PGMED002,Atorvastatin,42,,requested_demand,simulation,PGMED002,0,5,synthetic
2026-08-20,HOSP_A,PGMED003,Normal Saline IV,69,,requested_demand,simulation,PGMED003,0,5,synthetic
2026-08-20,HOSP_A,PGMED004,Paracetamol,71,,requested_demand,simulation,PGMED004,0,5,synthetic
2026-08-20,HOSP_A,PGMED005,Salbutamol,88,,requested_demand,simulation,PGMED005,0,5,synthetic
2026-08-20,HOSP_B,PGMED001,Amoxicillin,42,,requested_demand,simulation,PGMED001,0,5,synthetic
2026-08-20,HOSP_B,PGMED002,Atorvastatin,58,,requested_demand,simulation,PGMED002,0,5,synthetic
2026-08-20,HOSP_B,PGMED003,Normal Saline IV,84,,requested_demand,simulation,PGMED003,0,5,synthetic
2026-08-20,HOSP_B,PGMED004,Paracetamol,95,,requested_demand,simulation,PGMED004,0,5,synthetic
2026-08-20,HOSP_B,PGMED005,Salbutamol,118,,requested_demand,simulation,PGMED005,0,5,synthetic
2026-08-20,HOSP_C,PGMED001,Amoxicillin,57,,requested_demand,simulation,PGMED001,0,5,synthetic
2026-08-20,HOSP_C,PGMED002,Atorvastatin,107,,requested_demand,simulation,PGMED002,1,5,synthetic
2026-08-20,HOSP_C,PGMED003,Normal Saline IV,105,,requested_demand,simulation,PGMED003,0,5,synthetic
2026-08-20,HOSP_C,PGMED004,Paracetamol,102,,requested_demand,simulation,PGMED004,0,5,synthetic
2026-08-20,HOSP_C,PGMED005,Salbutamol,136,,requested_demand,simulation,PGMED005,0,5,synthetic
2026-08-20,HOSP_D,PGMED001,Amoxicillin,63,,requested_demand,simulation,PGMED001,0,5,synthetic
2026-08-20,HOSP_D,PGMED002,Atorvastatin,93,,requested_demand,simulation,PGMED002,0,5,synthetic
2026-08-20,HOSP_D,PGMED003,Normal Saline IV,116,,requested_demand,simulation,PGMED003,0,5,synthetic
2026-08-20,HOSP_D,PGMED004,Paracetamol,128,,requested_demand,simulation,PGMED004,0,5,synthetic
2026-08-20,HOSP_D,PGMED005,Salbutamol,153,,requested_demand,simulation,PGMED005,0,5,synthetic
2026-08-21,HOSP_A,PGMED001,Amoxicillin,32,,requested_demand,simulation,PGMED001,0,5,synthetic
2026-08-21,HOSP_A,PGMED002,Atorvastatin,54,,requested_demand,simulation,PGMED002,1,5,synthetic
2026-08-21,HOSP_A,PGMED003,Normal Saline IV,54,,requested_demand,simulation,PGMED003,0,5,synthetic
2026-08-21,HOSP_A,PGMED004,Paracetamol,60,,requested_demand,simulation,PGMED004,0,5,synthetic
2026-08-21,HOSP_A,PGMED005,Salbutamol,76,,requested_demand,simulation,PGMED005,0,5,synthetic
2026-08-21,HOSP_B,PGMED001,Amoxicillin,36,,requested_demand,simulation,PGMED001,0,5,synthetic
2026-08-21,HOSP_B,PGMED002,Atorvastatin,51,,requested_demand,simulation,PGMED002,0,5,synthetic
2026-08-21,HOSP_B,PGMED003,Normal Saline IV,68,,requested_demand,simulation,PGMED003,0,5,synthetic
2026-08-21,HOSP_B,PGMED004,Paracetamol,68,,requested_demand,simulation,PGMED004,0,5,synthetic
2026-08-21,HOSP_B,PGMED005,Salbutamol,99,,requested_demand,simulation,PGMED005,0,5,synthetic
2026-08-21,HOSP_C,PGMED001,Amoxicillin,46,,requested_demand,simulation,PGMED001,0,5,synthetic
2026-08-21,HOSP_C,PGMED002,Atorvastatin,89,,requested_demand,simulation,PGMED002,1,5,synthetic
2026-08-21,HOSP_C,PGMED003,Normal Saline IV,81,,requested_demand,simulation,PGMED003,0,5,synthetic
2026-08-21,HOSP_C,PGMED004,Paracetamol,93,,requested_demand,simulation,PGMED004,0,5,synthetic
2026-08-21,HOSP_C,PGMED005,Salbutamol,109,,requested_demand,simulation,PGMED005,0,5,synthetic
2026-08-21,HOSP_D,PGMED001,Amoxicillin,52,,requested_demand,simulation,PGMED001,0,5,synthetic
2026-08-21,HOSP_D,PGMED002,Atorvastatin,76,,requested_demand,simulation,PGMED002,0,5,synthetic
2026-08-21,HOSP_D,PGMED003,Normal Saline IV,90,,requested_demand,simulation,PGMED003,0,5,synthetic
2026-08-21,HOSP_D,PGMED004,Paracetamol,105,,requested_demand,simulation,PGMED004,0,5,synthetic
2026-08-21,HOSP_D,PGMED005,Salbutamol,121,,requested_demand,simulation,PGMED005,0,5,synthetic
2026-08-22,HOSP_A,PGMED001,Amoxicillin,30,,requested_demand,simulation,PGMED001,0,5,synthetic
2026-08-22,HOSP_A,PGMED002,Atorvastatin,43,,requested_demand,simulation,PGMED002,1,5,synthetic
2026-08-22,HOSP_A,PGMED003,Normal Saline IV,44,,requested_demand,simulation,PGMED003,0,5,synthetic
2026-08-22,HOSP_A,PGMED004,Paracetamol,57,,requested_demand,simulation,PGMED004,0,5,synthetic
2026-08-22,HOSP_A,PGMED005,Salbutamol,69,,requested_demand,simulation,PGMED005,0,5,synthetic
2026-08-22,HOSP_B,PGMED001,Amoxicillin,38,,requested_demand,simulation,PGMED001,0,5,synthetic
2026-08-22,HOSP_B,PGMED002,Atorvastatin,47,,requested_demand,simulation,PGMED002,0,5,synthetic
2026-08-22,HOSP_B,PGMED003,Normal Saline IV,59,,requested_demand,simulation,PGMED003,0,5,synthetic
2026-08-22,HOSP_B,PGMED004,Paracetamol,64,,requested_demand,simulation,PGMED004,0,5,synthetic
2026-08-22,HOSP_B,PGMED005,Salbutamol,73,,requested_demand,simulation,PGMED005,0,5,synthetic
2026-08-22,HOSP_C,PGMED001,Amoxicillin,40,,requested_demand,simulation,PGMED001,0,5,synthetic
2026-08-22,HOSP_C,PGMED002,Atorvastatin,83,,requested_demand,simulation,PGMED002,1,5,synthetic
2026-08-22,HOSP_C,PGMED003,Normal Saline IV,73,,requested_demand,simulation,PGMED003,0,5,synthetic
2026-08-22,HOSP_C,PGMED004,Paracetamol,94,,requested_demand,simulation,PGMED004,0,5,synthetic
2026-08-22,HOSP_C,PGMED005,Salbutamol,93,,requested_demand,simulation,PGMED005,0,5,synthetic
2026-08-22,HOSP_D,PGMED001,Amoxicillin,44,,requested_demand,simulation,PGMED001,0,5,synthetic
2026-08-22,HOSP_D,PGMED002,Atorvastatin,59,,requested_demand,simulation,PGMED002,0,5,synthetic
2026-08-22,HOSP_D,PGMED003,Normal Saline IV,83,,requested_demand,simulation,PGMED003,0,5,synthetic
2026-08-22,HOSP_D,PGMED004,Paracetamol,108,,requested_demand,simulation,PGMED004,0,5,synthetic
2026-08-22,HOSP_D,PGMED005,Salbutamol,104,,requested_demand,simulation,PGMED005,0,5,synthetic
2026-08-23,HOSP_A,PGMED001,Amoxicillin,33,,requested_demand,simulation,PGMED001,0,5,synthetic
2026-08-23,HOSP_A,PGMED002,Atorvastatin,50,,requested_demand,simulation,PGMED002,1,5,synthetic
2026-08-23,HOSP_A,PGMED003,Normal Saline IV,42,,requested_demand,simulation,PGMED003,0,5,synthetic
2026-08-23,HOSP_A,PGMED004,Paracetamol,63,,requested_demand,simulation,PGMED004,0,5,synthetic
2026-08-23,HOSP_A,PGMED005,Salbutamol,66,,requested_demand,simulation,PGMED005,0,5,synthetic
2026-08-23,HOSP_B,PGMED001,Amoxicillin,30,,requested_demand,simulation,PGMED001,0,5,synthetic
2026-08-23,HOSP_B,PGMED002,Atorvastatin,49,,requested_demand,simulation,PGMED002,0,5,synthetic
2026-08-23,HOSP_B,PGMED003,Normal Saline IV,62,,requested_demand,simulation,PGMED003,0,5,synthetic
2026-08-23,HOSP_B,PGMED004,Paracetamol,103,,requested_demand,simulation,PGMED004,1,5,synthetic
2026-08-23,HOSP_B,PGMED005,Salbutamol,88,,requested_demand,simulation,PGMED005,0,5,synthetic
2026-08-23,HOSP_C,PGMED001,Amoxicillin,43,,requested_demand,simulation,PGMED001,0,5,synthetic
2026-08-23,HOSP_C,PGMED002,Atorvastatin,88,,requested_demand,simulation,PGMED002,1,5,synthetic
2026-08-23,HOSP_C,PGMED003,Normal Saline IV,75,,requested_demand,simulation,PGMED003,0,5,synthetic
2026-08-23,HOSP_C,PGMED004,Paracetamol,86,,requested_demand,simulation,PGMED004,0,5,synthetic
2026-08-23,HOSP_C,PGMED005,Salbutamol,102,,requested_demand,simulation,PGMED005,0,5,synthetic
2026-08-23,HOSP_D,PGMED001,Amoxicillin,47,,requested_demand,simulation,PGMED001,0,5,synthetic
2026-08-23,HOSP_D,PGMED002,Atorvastatin,73,,requested_demand,simulation,PGMED002,0,5,synthetic
2026-08-23,HOSP_D,PGMED003,Normal Saline IV,82,,requested_demand,simulation,PGMED003,0,5,synthetic
2026-08-23,HOSP_D,PGMED004,Paracetamol,113,,requested_demand,simulation,PGMED004,0,5,synthetic
2026-08-23,HOSP_D,PGMED005,Salbutamol,125,,requested_demand,simulation,PGMED005,0,5,synthetic
2026-08-24,HOSP_A,PGMED001,Amoxicillin,41,,requested_demand,simulation,PGMED001,0,5,synthetic
2026-08-24,HOSP_A,PGMED002,Atorvastatin,56,,requested_demand,simulation,PGMED002,1,5,synthetic
2026-08-24,HOSP_A,PGMED003,Normal Saline IV,60,,requested_demand,simulation,PGMED003,0,5,synthetic
2026-08-24,HOSP_A,PGMED004,Paracetamol,66,,requested_demand,simulation,PGMED004,0,5,synthetic
2026-08-24,HOSP_A,PGMED005,Salbutamol,87,,requested_demand,simulation,PGMED005,0,5,synthetic
2026-08-24,HOSP_B,PGMED001,Amoxicillin,43,,requested_demand,simulation,PGMED001,0,5,synthetic
2026-08-24,HOSP_B,PGMED002,Atorvastatin,61,,requested_demand,simulation,PGMED002,0,5,synthetic
2026-08-24,HOSP_B,PGMED003,Normal Saline IV,76,,requested_demand,simulation,PGMED003,0,5,synthetic
2026-08-24,HOSP_B,PGMED004,Paracetamol,117,,requested_demand,simulation,PGMED004,1,5,synthetic
2026-08-24,HOSP_B,PGMED005,Salbutamol,108,,requested_demand,simulation,PGMED005,0,5,synthetic
2026-08-24,HOSP_C,PGMED001,Amoxicillin,56,,requested_demand,simulation,PGMED001,0,5,synthetic
2026-08-24,HOSP_C,PGMED002,Atorvastatin,103,,requested_demand,simulation,PGMED002,1,5,synthetic
2026-08-24,HOSP_C,PGMED003,Normal Saline IV,91,,requested_demand,simulation,PGMED003,0,5,synthetic
2026-08-24,HOSP_C,PGMED004,Paracetamol,93,,requested_demand,simulation,PGMED004,0,5,synthetic
2026-08-24,HOSP_C,PGMED005,Salbutamol,97,,requested_demand,simulation,PGMED005,0,5,synthetic
2026-08-24,HOSP_D,PGMED001,Amoxicillin,54,,requested_demand,simulation,PGMED001,0,5,synthetic
2026-08-24,HOSP_D,PGMED002,Atorvastatin,88,,requested_demand,simulation,PGMED002,0,5,synthetic
2026-08-24,HOSP_D,PGMED003,Normal Saline IV,111,,requested_demand,simulation,PGMED003,0,5,synthetic
2026-08-24,HOSP_D,PGMED004,Paracetamol,118,,requested_demand,simulation,PGMED004,0,5,synthetic
2026-08-24,HOSP_D,PGMED005,Salbutamol,137,,requested_demand,simulation,PGMED005,0,5,synthetic
2026-08-25,HOSP_A,PGMED001,Amoxicillin,48,,requested_demand,simulation,PGMED001,0,5,synthetic
2026-08-25,HOSP_A,PGMED002,Atorvastatin,69,,requested_demand,simulation,PGMED002,1,5,synthetic
2026-08-25,HOSP_A,PGMED003,Normal Saline IV,79,,requested_demand,simulation,PGMED003,0,5,synthetic
2026-08-25,HOSP_A,PGMED004,Paracetamol,76,,requested_demand,simulation,PGMED004,0,5,synthetic
2026-08-25,HOSP_A,PGMED005,Salbutamol,97,,requested_demand,simulation,PGMED005,0,5,synthetic
2026-08-25,HOSP_B,PGMED001,Amoxicillin,46,,requested_demand,simulation,PGMED001,0,5,synthetic
2026-08-25,HOSP_B,PGMED002,Atorvastatin,68,,requested_demand,simulation,PGMED002,0,5,synthetic
2026-08-25,HOSP_B,PGMED003,Normal Saline IV,91,,requested_demand,simulation,PGMED003,0,5,synthetic
2026-08-25,HOSP_B,PGMED004,Paracetamol,133,,requested_demand,simulation,PGMED004,1,5,synthetic
2026-08-25,HOSP_B,PGMED005,Salbutamol,108,,requested_demand,simulation,PGMED005,0,5,synthetic
2026-08-25,HOSP_C,PGMED001,Amoxicillin,55,,requested_demand,simulation,PGMED001,0,5,synthetic
2026-08-25,HOSP_C,PGMED002,Atorvastatin,115,,requested_demand,simulation,PGMED002,1,5,synthetic
2026-08-25,HOSP_C,PGMED003,Normal Saline IV,96,,requested_demand,simulation,PGMED003,0,5,synthetic
2026-08-25,HOSP_C,PGMED004,Paracetamol,131,,requested_demand,simulation,PGMED004,0,5,synthetic
2026-08-25,HOSP_C,PGMED005,Salbutamol,138,,requested_demand,simulation,PGMED005,0,5,synthetic
2026-08-25,HOSP_D,PGMED001,Amoxicillin,67,,requested_demand,simulation,PGMED001,0,5,synthetic
2026-08-25,HOSP_D,PGMED002,Atorvastatin,91,,requested_demand,simulation,PGMED002,0,5,synthetic
2026-08-25,HOSP_D,PGMED003,Normal Saline IV,112,,requested_demand,simulation,PGMED003,0,5,synthetic
2026-08-25,HOSP_D,PGMED004,Paracetamol,136,,requested_demand,simulation,PGMED004,0,5,synthetic
2026-08-25,HOSP_D,PGMED005,Salbutamol,176,,requested_demand,simulation,PGMED005,0,5,synthetic
2026-08-26,HOSP_A,PGMED001,Amoxicillin,45,,requested_demand,simulation,PGMED001,0,5,synthetic
2026-08-26,HOSP_A,PGMED002,Atorvastatin,70,,requested_demand,simulation,PGMED002,1,5,synthetic
2026-08-26,HOSP_A,PGMED003,Normal Saline IV,75,,requested_demand,simulation,PGMED003,0,5,synthetic
2026-08-26,HOSP_A,PGMED004,Paracetamol,82,,requested_demand,simulation,PGMED004,0,5,synthetic
2026-08-26,HOSP_A,PGMED005,Salbutamol,91,,requested_demand,simulation,PGMED005,0,5,synthetic
2026-08-26,HOSP_B,PGMED001,Amoxicillin,48,,requested_demand,simulation,PGMED001,0,5,synthetic
2026-08-26,HOSP_B,PGMED002,Atorvastatin,63,,requested_demand,simulation,PGMED002,0,5,synthetic
2026-08-26,HOSP_B,PGMED003,Normal Saline IV,89,,requested_demand,simulation,PGMED003,0,5,synthetic
2026-08-26,HOSP_B,PGMED004,Paracetamol,136,,requested_demand,simulation,PGMED004,1,5,synthetic
2026-08-26,HOSP_B,PGMED005,Salbutamol,122,,requested_demand,simulation,PGMED005,0,5,synthetic
2026-08-26,HOSP_C,PGMED001,Amoxicillin,63,,requested_demand,simulation,PGMED001,0,5,synthetic
2026-08-26,HOSP_C,PGMED002,Atorvastatin,125,,requested_demand,simulation,PGMED002,1,5,synthetic
2026-08-26,HOSP_C,PGMED003,Normal Saline IV,90,,requested_demand,simulation,PGMED003,0,5,synthetic
2026-08-26,HOSP_C,PGMED004,Paracetamol,128,,requested_demand,simulation,PGMED004,0,5,synthetic
2026-08-26,HOSP_C,PGMED005,Salbutamol,139,,requested_demand,simulation,PGMED005,0,5,synthetic
2026-08-26,HOSP_D,PGMED001,Amoxicillin,67,,requested_demand,simulation,PGMED001,0,5,synthetic
2026-08-26,HOSP_D,PGMED002,Atorvastatin,98,,requested_demand,simulation,PGMED002,0,5,synthetic
2026-08-26,HOSP_D,PGMED003,Normal Saline IV,167,,requested_demand,simulation,PGMED003,1,5,synthetic
2026-08-26,HOSP_D,PGMED004,Paracetamol,138,,requested_demand,simulation,PGMED004,0,5,synthetic
2026-08-26,HOSP_D,PGMED005,Salbutamol,165,,requested_demand,simulation,PGMED005,0,5,synthetic
2026-08-27,HOSP_A,PGMED001,Amoxicillin,38,,requested_demand,simulation,PGMED001,0,5,synthetic
2026-08-27,HOSP_A,PGMED002,Atorvastatin,66,,requested_demand,simulation,PGMED002,1,5,synthetic
2026-08-27,HOSP_A,PGMED003,Normal Saline IV,65,,requested_demand,simulation,PGMED003,0,5,synthetic
2026-08-27,HOSP_A,PGMED004,Paracetamol,72,,requested_demand,simulation,PGMED004,0,5,synthetic
2026-08-27,HOSP_A,PGMED005,Salbutamol,82,,requested_demand,simulation,PGMED005,0,5,synthetic
2026-08-27,HOSP_B,PGMED001,Amoxicillin,43,,requested_demand,simulation,PGMED001,0,5,synthetic
2026-08-27,HOSP_B,PGMED002,Atorvastatin,66,,requested_demand,simulation,PGMED002,0,5,synthetic
2026-08-27,HOSP_B,PGMED003,Normal Saline IV,77,,requested_demand,simulation,PGMED003,0,5,synthetic
2026-08-27,HOSP_B,PGMED004,Paracetamol,122,,requested_demand,simulation,PGMED004,1,5,synthetic
2026-08-27,HOSP_B,PGMED005,Salbutamol,112,,requested_demand,simulation,PGMED005,0,5,synthetic
2026-08-27,HOSP_C,PGMED001,Amoxicillin,50,,requested_demand,simulation,PGMED001,0,5,synthetic
2026-08-27,HOSP_C,PGMED002,Atorvastatin,108,,requested_demand,simulation,PGMED002,1,5,synthetic
2026-08-27,HOSP_C,PGMED003,Normal Saline IV,90,,requested_demand,simulation,PGMED003,0,5,synthetic
2026-08-27,HOSP_C,PGMED004,Paracetamol,112,,requested_demand,simulation,PGMED004,0,5,synthetic
2026-08-27,HOSP_C,PGMED005,Salbutamol,127,,requested_demand,simulation,PGMED005,0,5,synthetic
2026-08-27,HOSP_D,PGMED001,Amoxicillin,84,,requested_demand,simulation,PGMED001,1,5,synthetic
2026-08-27,HOSP_D,PGMED002,Atorvastatin,81,,requested_demand,simulation,PGMED002,0,5,synthetic
2026-08-27,HOSP_D,PGMED003,Normal Saline IV,155,,requested_demand,simulation,PGMED003,1,5,synthetic
2026-08-27,HOSP_D,PGMED004,Paracetamol,135,,requested_demand,simulation,PGMED004,0,5,synthetic
2026-08-27,HOSP_D,PGMED005,Salbutamol,202,,requested_demand,simulation,PGMED005,1,5,synthetic
2026-08-28,HOSP_A,PGMED001,Amoxicillin,30,,requested_demand,simulation,PGMED001,0,5,synthetic
2026-08-28,HOSP_A,PGMED002,Atorvastatin,54,,requested_demand,simulation,PGMED002,1,5,synthetic
2026-08-28,HOSP_A,PGMED003,Normal Saline IV,58,,requested_demand,simulation,PGMED003,0,5,synthetic
2026-08-28,HOSP_A,PGMED004,Paracetamol,90,,requested_demand,simulation,PGMED004,1,5,synthetic
2026-08-28,HOSP_A,PGMED005,Salbutamol,76,,requested_demand,simulation,PGMED005,0,5,synthetic
2026-08-28,HOSP_B,PGMED001,Amoxicillin,37,,requested_demand,simulation,PGMED001,0,5,synthetic
2026-08-28,HOSP_B,PGMED002,Atorvastatin,49,,requested_demand,simulation,PGMED002,0,5,synthetic
2026-08-28,HOSP_B,PGMED003,Normal Saline IV,71,,requested_demand,simulation,PGMED003,0,5,synthetic
2026-08-28,HOSP_B,PGMED004,Paracetamol,76,,requested_demand,simulation,PGMED004,0,5,synthetic
2026-08-28,HOSP_B,PGMED005,Salbutamol,91,,requested_demand,simulation,PGMED005,0,5,synthetic
2026-08-28,HOSP_C,PGMED001,Amoxicillin,47,,requested_demand,simulation,PGMED001,0,5,synthetic
2026-08-28,HOSP_C,PGMED002,Atorvastatin,65,,requested_demand,simulation,PGMED002,0,5,synthetic
2026-08-28,HOSP_C,PGMED003,Normal Saline IV,81,,requested_demand,simulation,PGMED003,0,5,synthetic
2026-08-28,HOSP_C,PGMED004,Paracetamol,92,,requested_demand,simulation,PGMED004,0,5,synthetic
2026-08-28,HOSP_C,PGMED005,Salbutamol,112,,requested_demand,simulation,PGMED005,0,5,synthetic
2026-08-28,HOSP_D,PGMED001,Amoxicillin,70,,requested_demand,simulation,PGMED001,1,5,synthetic
2026-08-28,HOSP_D,PGMED002,Atorvastatin,69,,requested_demand,simulation,PGMED002,0,5,synthetic
2026-08-28,HOSP_D,PGMED003,Normal Saline IV,123,,requested_demand,simulation,PGMED003,1,5,synthetic
2026-08-28,HOSP_D,PGMED004,Paracetamol,105,,requested_demand,simulation,PGMED004,0,5,synthetic
2026-08-28,HOSP_D,PGMED005,Salbutamol,186,,requested_demand,simulation,PGMED005,1,5,synthetic
2026-08-29,HOSP_A,PGMED001,Amoxicillin,30,,requested_demand,simulation,PGMED001,0,5,synthetic
2026-08-29,HOSP_A,PGMED002,Atorvastatin,28,,requested_demand,simulation,PGMED002,0,5,synthetic
2026-08-29,HOSP_A,PGMED003,Normal Saline IV,64,,requested_demand,simulation,PGMED003,1,5,synthetic
2026-08-29,HOSP_A,PGMED004,Paracetamol,67,,requested_demand,simulation,PGMED004,1,5,synthetic
2026-08-29,HOSP_A,PGMED005,Salbutamol,67,,requested_demand,simulation,PGMED005,0,5,synthetic
2026-08-29,HOSP_B,PGMED001,Amoxicillin,31,,requested_demand,simulation,PGMED001,0,5,synthetic
2026-08-29,HOSP_B,PGMED002,Atorvastatin,48,,requested_demand,simulation,PGMED002,0,5,synthetic
2026-08-29,HOSP_B,PGMED003,Normal Saline IV,64,,requested_demand,simulation,PGMED003,0,5,synthetic
2026-08-29,HOSP_B,PGMED004,Paracetamol,65,,requested_demand,simulation,PGMED004,0,5,synthetic
2026-08-29,HOSP_B,PGMED005,Salbutamol,71,,requested_demand,simulation,PGMED005,0,5,synthetic
2026-08-29,HOSP_C,PGMED001,Amoxicillin,45,,requested_demand,simulation,PGMED001,0,5,synthetic
2026-08-29,HOSP_C,PGMED002,Atorvastatin,55,,requested_demand,simulation,PGMED002,0,5,synthetic
2026-08-29,HOSP_C,PGMED003,Normal Saline IV,63,,requested_demand,simulation,PGMED003,0,5,synthetic
2026-08-29,HOSP_C,PGMED004,Paracetamol,90,,requested_demand,simulation,PGMED004,0,5,synthetic
2026-08-29,HOSP_C,PGMED005,Salbutamol,94,,requested_demand,simulation,PGMED005,0,5,synthetic
2026-08-29,HOSP_D,PGMED001,Amoxicillin,60,,requested_demand,simulation,PGMED001,1,5,synthetic
2026-08-29,HOSP_D,PGMED002,Atorvastatin,71,,requested_demand,simulation,PGMED002,0,5,synthetic
2026-08-29,HOSP_D,PGMED003,Normal Saline IV,116,,requested_demand,simulation,PGMED003,1,5,synthetic
2026-08-29,HOSP_D,PGMED004,Paracetamol,92,,requested_demand,simulation,PGMED004,0,5,synthetic
2026-08-29,HOSP_D,PGMED005,Salbutamol,161,,requested_demand,simulation,PGMED005,1,5,synthetic
2026-08-30,HOSP_A,PGMED001,Amoxicillin,30,,requested_demand,simulation,PGMED001,0,5,synthetic
2026-08-30,HOSP_A,PGMED002,Atorvastatin,34,,requested_demand,simulation,PGMED002,0,5,synthetic
2026-08-30,HOSP_A,PGMED003,Normal Saline IV,72,,requested_demand,simulation,PGMED003,1,5,synthetic
2026-08-30,HOSP_A,PGMED004,Paracetamol,76,,requested_demand,simulation,PGMED004,1,5,synthetic
2026-08-30,HOSP_A,PGMED005,Salbutamol,70,,requested_demand,simulation,PGMED005,0,5,synthetic
2026-08-30,HOSP_B,PGMED001,Amoxicillin,37,,requested_demand,simulation,PGMED001,0,5,synthetic
2026-08-30,HOSP_B,PGMED002,Atorvastatin,47,,requested_demand,simulation,PGMED002,0,5,synthetic
2026-08-30,HOSP_B,PGMED003,Normal Saline IV,65,,requested_demand,simulation,PGMED003,0,5,synthetic
2026-08-30,HOSP_B,PGMED004,Paracetamol,69,,requested_demand,simulation,PGMED004,0,5,synthetic
2026-08-30,HOSP_B,PGMED005,Salbutamol,84,,requested_demand,simulation,PGMED005,0,5,synthetic
2026-08-30,HOSP_C,PGMED001,Amoxicillin,44,,requested_demand,simulation,PGMED001,0,5,synthetic
2026-08-30,HOSP_C,PGMED002,Atorvastatin,67,,requested_demand,simulation,PGMED002,0,5,synthetic
2026-08-30,HOSP_C,PGMED003,Normal Saline IV,70,,requested_demand,simulation,PGMED003,0,5,synthetic
2026-08-30,HOSP_C,PGMED004,Paracetamol,84,,requested_demand,simulation,PGMED004,0,5,synthetic
2026-08-30,HOSP_C,PGMED005,Salbutamol,91,,requested_demand,simulation,PGMED005,0,5,synthetic
2026-08-30,HOSP_D,PGMED001,Amoxicillin,70,,requested_demand,simulation,PGMED001,1,5,synthetic
2026-08-30,HOSP_D,PGMED002,Atorvastatin,67,,requested_demand,simulation,PGMED002,0,5,synthetic
2026-08-30,HOSP_D,PGMED003,Normal Saline IV,129,,requested_demand,simulation,PGMED003,1,5,synthetic
2026-08-30,HOSP_D,PGMED004,Paracetamol,106,,requested_demand,simulation,PGMED004,0,5,synthetic
2026-08-30,HOSP_D,PGMED005,Salbutamol,169,,requested_demand,simulation,PGMED005,1,5,synthetic
2026-08-31,HOSP_A,PGMED001,Amoxicillin,36,,requested_demand,simulation,PGMED001,0,5,synthetic
2026-08-31,HOSP_A,PGMED002,Atorvastatin,37,,requested_demand,simulation,PGMED002,0,5,synthetic
2026-08-31,HOSP_A,PGMED003,Normal Saline IV,87,,requested_demand,simulation,PGMED003,1,5,synthetic
2026-08-31,HOSP_A,PGMED004,Paracetamol,91,,requested_demand,simulation,PGMED004,1,5,synthetic
2026-08-31,HOSP_A,PGMED005,Salbutamol,84,,requested_demand,simulation,PGMED005,0,5,synthetic
2026-08-31,HOSP_B,PGMED001,Amoxicillin,38,,requested_demand,simulation,PGMED001,0,5,synthetic
2026-08-31,HOSP_B,PGMED002,Atorvastatin,54,,requested_demand,simulation,PGMED002,0,5,synthetic
2026-08-31,HOSP_B,PGMED003,Normal Saline IV,77,,requested_demand,simulation,PGMED003,0,5,synthetic
2026-08-31,HOSP_B,PGMED004,Paracetamol,82,,requested_demand,simulation,PGMED004,0,5,synthetic
2026-08-31,HOSP_B,PGMED005,Salbutamol,100,,requested_demand,simulation,PGMED005,0,5,synthetic
2026-08-31,HOSP_C,PGMED001,Amoxicillin,51,,requested_demand,simulation,PGMED001,0,5,synthetic
2026-08-31,HOSP_C,PGMED002,Atorvastatin,76,,requested_demand,simulation,PGMED002,0,5,synthetic
2026-08-31,HOSP_C,PGMED003,Normal Saline IV,80,,requested_demand,simulation,PGMED003,0,5,synthetic
2026-08-31,HOSP_C,PGMED004,Paracetamol,110,,requested_demand,simulation,PGMED004,0,5,synthetic
2026-08-31,HOSP_C,PGMED005,Salbutamol,116,,requested_demand,simulation,PGMED005,0,5,synthetic
2026-08-31,HOSP_D,PGMED001,Amoxicillin,79,,requested_demand,simulation,PGMED001,1,5,synthetic
2026-08-31,HOSP_D,PGMED002,Atorvastatin,77,,requested_demand,simulation,PGMED002,0,5,synthetic
2026-08-31,HOSP_D,PGMED003,Normal Saline IV,99,,requested_demand,simulation,PGMED003,0,5,synthetic
2026-08-31,HOSP_D,PGMED004,Paracetamol,114,,requested_demand,simulation,PGMED004,0,5,synthetic
2026-08-31,HOSP_D,PGMED005,Salbutamol,203,,requested_demand,simulation,PGMED005,1,5,synthetic
2026-09-01,HOSP_A,PGMED001,Amoxicillin,42,,requested_demand,simulation,PGMED001,0,5,synthetic
2026-09-01,HOSP_A,PGMED002,Atorvastatin,45,,requested_demand,simulation,PGMED002,0,5,synthetic
2026-09-01,HOSP_A,PGMED003,Normal Saline IV,100,,requested_demand,simulation,PGMED003,1,5,synthetic
2026-09-01,HOSP_A,PGMED004,Paracetamol,100,,requested_demand,simulation,PGMED004,1,5,synthetic
2026-09-01,HOSP_A,PGMED005,Salbutamol,98,,requested_demand,simulation,PGMED005,0,5,synthetic
2026-09-01,HOSP_B,PGMED001,Amoxicillin,48,,requested_demand,simulation,PGMED001,0,5,synthetic
2026-09-01,HOSP_B,PGMED002,Atorvastatin,59,,requested_demand,simulation,PGMED002,0,5,synthetic
2026-09-01,HOSP_B,PGMED003,Normal Saline IV,85,,requested_demand,simulation,PGMED003,0,5,synthetic
2026-09-01,HOSP_B,PGMED004,Paracetamol,91,,requested_demand,simulation,PGMED004,0,5,synthetic
2026-09-01,HOSP_B,PGMED005,Salbutamol,117,,requested_demand,simulation,PGMED005,0,5,synthetic
2026-09-01,HOSP_C,PGMED001,Amoxicillin,57,,requested_demand,simulation,PGMED001,0,5,synthetic
2026-09-01,HOSP_C,PGMED002,Atorvastatin,87,,requested_demand,simulation,PGMED002,0,5,synthetic
2026-09-01,HOSP_C,PGMED003,Normal Saline IV,104,,requested_demand,simulation,PGMED003,0,5,synthetic
2026-09-01,HOSP_C,PGMED004,Paracetamol,123,,requested_demand,simulation,PGMED004,0,5,synthetic
2026-09-01,HOSP_C,PGMED005,Salbutamol,136,,requested_demand,simulation,PGMED005,0,5,synthetic
2026-09-01,HOSP_D,PGMED001,Amoxicillin,62,,requested_demand,simulation,PGMED001,0,5,synthetic
2026-09-01,HOSP_D,PGMED002,Atorvastatin,96,,requested_demand,simulation,PGMED002,0,5,synthetic
2026-09-01,HOSP_D,PGMED003,Normal Saline IV,120,,requested_demand,simulation,PGMED003,0,5,synthetic
2026-09-01,HOSP_D,PGMED004,Paracetamol,135,,requested_demand,simulation,PGMED004,0,5,synthetic
2026-09-01,HOSP_D,PGMED005,Salbutamol,154,,requested_demand,simulation,PGMED005,0,5,synthetic
2026-09-02,HOSP_A,PGMED001,Amoxicillin,44,,requested_demand,simulation,PGMED001,0,5,synthetic
2026-09-02,HOSP_A,PGMED002,Atorvastatin,52,,requested_demand,simulation,PGMED002,0,5,synthetic
2026-09-02,HOSP_A,PGMED003,Normal Saline IV,106,,requested_demand,simulation,PGMED003,1,5,synthetic
2026-09-02,HOSP_A,PGMED004,Paracetamol,77,,requested_demand,simulation,PGMED004,0,5,synthetic
2026-09-02,HOSP_A,PGMED005,Salbutamol,105,,requested_demand,simulation,PGMED005,0,5,synthetic
2026-09-02,HOSP_B,PGMED001,Amoxicillin,45,,requested_demand,simulation,PGMED001,0,5,synthetic
2026-09-02,HOSP_B,PGMED002,Atorvastatin,66,,requested_demand,simulation,PGMED002,0,5,synthetic
2026-09-02,HOSP_B,PGMED003,Normal Saline IV,85,,requested_demand,simulation,PGMED003,0,5,synthetic
2026-09-02,HOSP_B,PGMED004,Paracetamol,100,,requested_demand,simulation,PGMED004,0,5,synthetic
2026-09-02,HOSP_B,PGMED005,Salbutamol,119,,requested_demand,simulation,PGMED005,0,5,synthetic
2026-09-02,HOSP_C,PGMED001,Amoxicillin,61,,requested_demand,simulation,PGMED001,0,5,synthetic
2026-09-02,HOSP_C,PGMED002,Atorvastatin,92,,requested_demand,simulation,PGMED002,0,5,synthetic
2026-09-02,HOSP_C,PGMED003,Normal Saline IV,104,,requested_demand,simulation,PGMED003,0,5,synthetic
2026-09-02,HOSP_C,PGMED004,Paracetamol,125,,requested_demand,simulation,PGMED004,0,5,synthetic
2026-09-02,HOSP_C,PGMED005,Salbutamol,141,,requested_demand,simulation,PGMED005,0,5,synthetic
2026-09-02,HOSP_D,PGMED001,Amoxicillin,70,,requested_demand,simulation,PGMED001,0,5,synthetic
2026-09-02,HOSP_D,PGMED002,Atorvastatin,96,,requested_demand,simulation,PGMED002,0,5,synthetic
2026-09-02,HOSP_D,PGMED003,Normal Saline IV,105,,requested_demand,simulation,PGMED003,0,5,synthetic
2026-09-02,HOSP_D,PGMED004,Paracetamol,129,,requested_demand,simulation,PGMED004,0,5,synthetic
2026-09-02,HOSP_D,PGMED005,Salbutamol,164,,requested_demand,simulation,PGMED005,0,5,synthetic
2026-09-03,HOSP_A,PGMED001,Amoxicillin,43,,requested_demand,simulation,PGMED001,0,5,synthetic
2026-09-03,HOSP_A,PGMED002,Atorvastatin,45,,requested_demand,simulation,PGMED002,0,5,synthetic
2026-09-03,HOSP_A,PGMED003,Normal Saline IV,68,,requested_demand,simulation,PGMED003,0,5,synthetic
2026-09-03,HOSP_A,PGMED004,Paracetamol,70,,requested_demand,simulation,PGMED004,0,5,synthetic
2026-09-03,HOSP_A,PGMED005,Salbutamol,86,,requested_demand,simulation,PGMED005,0,5,synthetic
2026-09-03,HOSP_B,PGMED001,Amoxicillin,43,,requested_demand,simulation,PGMED001,0,5,synthetic
2026-09-03,HOSP_B,PGMED002,Atorvastatin,56,,requested_demand,simulation,PGMED002,0,5,synthetic
2026-09-03,HOSP_B,PGMED003,Normal Saline IV,77,,requested_demand,simulation,PGMED003,0,5,synthetic
2026-09-03,HOSP_B,PGMED004,Paracetamol,103,,requested_demand,simulation,PGMED004,0,5,synthetic
2026-09-03,HOSP_B,PGMED005,Salbutamol,109,,requested_demand,simulation,PGMED005,0,5,synthetic
2026-09-03,HOSP_C,PGMED001,Amoxicillin,55,,requested_demand,simulation,PGMED001,0,5,synthetic
2026-09-03,HOSP_C,PGMED002,Atorvastatin,91,,requested_demand,simulation,PGMED002,0,5,synthetic
2026-09-03,HOSP_C,PGMED003,Normal Saline IV,94,,requested_demand,simulation,PGMED003,0,5,synthetic
2026-09-03,HOSP_C,PGMED004,Paracetamol,114,,requested_demand,simulation,PGMED004,0,5,synthetic
2026-09-03,HOSP_C,PGMED005,Salbutamol,129,,requested_demand,simulation,PGMED005,0,5,synthetic
2026-09-03,HOSP_D,PGMED001,Amoxicillin,60,,requested_demand,simulation,PGMED001,0,5,synthetic
2026-09-03,HOSP_D,PGMED002,Atorvastatin,87,,requested_demand,simulation,PGMED002,0,5,synthetic
2026-09-03,HOSP_D,PGMED003,Normal Saline IV,110,,requested_demand,simulation,PGMED003,0,5,synthetic
2026-09-03,HOSP_D,PGMED004,Paracetamol,133,,requested_demand,simulation,PGMED004,0,5,synthetic
2026-09-03,HOSP_D,PGMED005,Salbutamol,148,,requested_demand,simulation,PGMED005,0,5,synthetic
2026-09-04,HOSP_A,PGMED001,Amoxicillin,34,,requested_demand,simulation,PGMED001,0,5,synthetic
2026-09-04,HOSP_A,PGMED002,Atorvastatin,35,,requested_demand,simulation,PGMED002,0,5,synthetic
2026-09-04,HOSP_A,PGMED003,Normal Saline IV,59,,requested_demand,simulation,PGMED003,0,5,synthetic
2026-09-04,HOSP_A,PGMED004,Paracetamol,61,,requested_demand,simulation,PGMED004,0,5,synthetic
2026-09-04,HOSP_A,PGMED005,Salbutamol,72,,requested_demand,simulation,PGMED005,0,5,synthetic
2026-09-04,HOSP_B,PGMED001,Amoxicillin,33,,requested_demand,simulation,PGMED001,0,5,synthetic
2026-09-04,HOSP_B,PGMED002,Atorvastatin,54,,requested_demand,simulation,PGMED002,0,5,synthetic
2026-09-04,HOSP_B,PGMED003,Normal Saline IV,61,,requested_demand,simulation,PGMED003,0,5,synthetic
2026-09-04,HOSP_B,PGMED004,Paracetamol,66,,requested_demand,simulation,PGMED004,0,5,synthetic
2026-09-04,HOSP_B,PGMED005,Salbutamol,93,,requested_demand,simulation,PGMED005,0,5,synthetic
2026-09-04,HOSP_C,PGMED001,Amoxicillin,44,,requested_demand,simulation,PGMED001,0,5,synthetic
2026-09-04,HOSP_C,PGMED002,Atorvastatin,60,,requested_demand,simulation,PGMED002,0,5,synthetic
2026-09-04,HOSP_C,PGMED003,Normal Saline IV,80,,requested_demand,simulation,PGMED003,0,5,synthetic
2026-09-04,HOSP_C,PGMED004,Paracetamol,94,,requested_demand,simulation,PGMED004,0,5,synthetic
2026-09-04,HOSP_C,PGMED005,Salbutamol,114,,requested_demand,simulation,PGMED005,0,5,synthetic
2026-09-04,HOSP_D,PGMED001,Amoxicillin,47,,requested_demand,simulation,PGMED001,0,5,synthetic
2026-09-04,HOSP_D,PGMED002,Atorvastatin,79,,requested_demand,simulation,PGMED002,0,5,synthetic
2026-09-04,HOSP_D,PGMED003,Normal Saline IV,91,,requested_demand,simulation,PGMED003,0,5,synthetic
2026-09-04,HOSP_D,PGMED004,Paracetamol,121,,requested_demand,simulation,PGMED004,0,5,synthetic
2026-09-04,HOSP_D,PGMED005,Salbutamol,115,,requested_demand,simulation,PGMED005,0,5,synthetic
2026-09-05,HOSP_A,PGMED001,Amoxicillin,30,,requested_demand,simulation,PGMED001,0,5,synthetic
2026-09-05,HOSP_A,PGMED002,Atorvastatin,30,,requested_demand,simulation,PGMED002,0,5,synthetic
2026-09-05,HOSP_A,PGMED003,Normal Saline IV,48,,requested_demand,simulation,PGMED003,0,5,synthetic
2026-09-05,HOSP_A,PGMED004,Paracetamol,59,,requested_demand,simulation,PGMED004,0,5,synthetic
2026-09-05,HOSP_A,PGMED005,Salbutamol,63,,requested_demand,simulation,PGMED005,0,5,synthetic
2026-09-05,HOSP_B,PGMED001,Amoxicillin,33,,requested_demand,simulation,PGMED001,0,5,synthetic
2026-09-05,HOSP_B,PGMED002,Atorvastatin,50,,requested_demand,simulation,PGMED002,0,5,synthetic
2026-09-05,HOSP_B,PGMED003,Normal Saline IV,61,,requested_demand,simulation,PGMED003,0,5,synthetic
2026-09-05,HOSP_B,PGMED004,Paracetamol,67,,requested_demand,simulation,PGMED004,0,5,synthetic
2026-09-05,HOSP_B,PGMED005,Salbutamol,85,,requested_demand,simulation,PGMED005,0,5,synthetic
2026-09-05,HOSP_C,PGMED001,Amoxicillin,40,,requested_demand,simulation,PGMED001,0,5,synthetic
2026-09-05,HOSP_C,PGMED002,Atorvastatin,56,,requested_demand,simulation,PGMED002,0,5,synthetic
2026-09-05,HOSP_C,PGMED003,Normal Saline IV,67,,requested_demand,simulation,PGMED003,0,5,synthetic
2026-09-05,HOSP_C,PGMED004,Paracetamol,90,,requested_demand,simulation,PGMED004,0,5,synthetic
2026-09-05,HOSP_C,PGMED005,Salbutamol,87,,requested_demand,simulation,PGMED005,0,5,synthetic
2026-09-05,HOSP_D,PGMED001,Amoxicillin,49,,requested_demand,simulation,PGMED001,0,5,synthetic
2026-09-05,HOSP_D,PGMED002,Atorvastatin,61,,requested_demand,simulation,PGMED002,0,5,synthetic
2026-09-05,HOSP_D,PGMED003,Normal Saline IV,77,,requested_demand,simulation,PGMED003,0,5,synthetic
2026-09-05,HOSP_D,PGMED004,Paracetamol,100,,requested_demand,simulation,PGMED004,0,5,synthetic
2026-09-05,HOSP_D,PGMED005,Salbutamol,109,,requested_demand,simulation,PGMED005,0,5,synthetic
2026-09-06,HOSP_A,PGMED001,Amoxicillin,30,,requested_demand,simulation,PGMED001,0,5,synthetic
2026-09-06,HOSP_A,PGMED002,Atorvastatin,34,,requested_demand,simulation,PGMED002,0,5,synthetic
2026-09-06,HOSP_A,PGMED003,Normal Saline IV,55,,requested_demand,simulation,PGMED003,0,5,synthetic
2026-09-06,HOSP_A,PGMED004,Paracetamol,56,,requested_demand,simulation,PGMED004,0,5,synthetic
2026-09-06,HOSP_A,PGMED005,Salbutamol,72,,requested_demand,simulation,PGMED005,0,5,synthetic
2026-09-06,HOSP_B,PGMED001,Amoxicillin,37,,requested_demand,simulation,PGMED001,0,5,synthetic
2026-09-06,HOSP_B,PGMED002,Atorvastatin,44,,requested_demand,simulation,PGMED002,0,5,synthetic
2026-09-06,HOSP_B,PGMED003,Normal Saline IV,63,,requested_demand,simulation,PGMED003,0,5,synthetic
2026-09-06,HOSP_B,PGMED004,Paracetamol,65,,requested_demand,simulation,PGMED004,0,5,synthetic
2026-09-06,HOSP_B,PGMED005,Salbutamol,85,,requested_demand,simulation,PGMED005,0,5,synthetic
2026-09-06,HOSP_C,PGMED001,Amoxicillin,44,,requested_demand,simulation,PGMED001,0,5,synthetic
2026-09-06,HOSP_C,PGMED002,Atorvastatin,60,,requested_demand,simulation,PGMED002,0,5,synthetic
2026-09-06,HOSP_C,PGMED003,Normal Saline IV,72,,requested_demand,simulation,PGMED003,0,5,synthetic
2026-09-06,HOSP_C,PGMED004,Paracetamol,82,,requested_demand,simulation,PGMED004,0,5,synthetic
2026-09-06,HOSP_C,PGMED005,Salbutamol,100,,requested_demand,simulation,PGMED005,0,5,synthetic
2026-09-06,HOSP_D,PGMED001,Amoxicillin,46,,requested_demand,simulation,PGMED001,0,5,synthetic
2026-09-06,HOSP_D,PGMED002,Atorvastatin,65,,requested_demand,simulation,PGMED002,0,5,synthetic
2026-09-06,HOSP_D,PGMED003,Normal Saline IV,92,,requested_demand,simulation,PGMED003,0,5,synthetic
2026-09-06,HOSP_D,PGMED004,Paracetamol,109,,requested_demand,simulation,PGMED004,0,5,synthetic
2026-09-06,HOSP_D,PGMED005,Salbutamol,127,,requested_demand,simulation,PGMED005,0,5,synthetic
2026-09-07,HOSP_A,PGMED001,Amoxicillin,34,,requested_demand,simulation,PGMED001,0,5,synthetic
2026-09-07,HOSP_A,PGMED002,Atorvastatin,37,,requested_demand,simulation,PGMED002,0,5,synthetic
2026-09-07,HOSP_A,PGMED003,Normal Saline IV,67,,requested_demand,simulation,PGMED003,0,5,synthetic
2026-09-07,HOSP_A,PGMED004,Paracetamol,64,,requested_demand,simulation,PGMED004,0,5,synthetic
2026-09-07,HOSP_A,PGMED005,Salbutamol,90,,requested_demand,simulation,PGMED005,0,5,synthetic
2026-09-07,HOSP_B,PGMED001,Amoxicillin,39,,requested_demand,simulation,PGMED001,0,5,synthetic
2026-09-07,HOSP_B,PGMED002,Atorvastatin,57,,requested_demand,simulation,PGMED002,0,5,synthetic
2026-09-07,HOSP_B,PGMED003,Normal Saline IV,73,,requested_demand,simulation,PGMED003,0,5,synthetic
2026-09-07,HOSP_B,PGMED004,Paracetamol,85,,requested_demand,simulation,PGMED004,0,5,synthetic
2026-09-07,HOSP_B,PGMED005,Salbutamol,100,,requested_demand,simulation,PGMED005,0,5,synthetic
2026-09-07,HOSP_C,PGMED001,Amoxicillin,49,,requested_demand,simulation,PGMED001,0,5,synthetic
2026-09-07,HOSP_C,PGMED002,Atorvastatin,70,,requested_demand,simulation,PGMED002,0,5,synthetic
2026-09-07,HOSP_C,PGMED003,Normal Saline IV,78,,requested_demand,simulation,PGMED003,0,5,synthetic
2026-09-07,HOSP_C,PGMED004,Paracetamol,94,,requested_demand,simulation,PGMED004,0,5,synthetic
2026-09-07,HOSP_C,PGMED005,Salbutamol,126,,requested_demand,simulation,PGMED005,0,5,synthetic
2026-09-07,HOSP_D,PGMED001,Amoxicillin,55,,requested_demand,simulation,PGMED001,0,5,synthetic
2026-09-07,HOSP_D,PGMED002,Atorvastatin,83,,requested_demand,simulation,PGMED002,0,5,synthetic
2026-09-07,HOSP_D,PGMED003,Normal Saline IV,100,,requested_demand,simulation,PGMED003,0,5,synthetic
2026-09-07,HOSP_D,PGMED004,Paracetamol,111,,requested_demand,simulation,PGMED004,0,5,synthetic
2026-09-07,HOSP_D,PGMED005,Salbutamol,140,,requested_demand,simulation,PGMED005,0,5,synthetic
2026-09-08,HOSP_A,PGMED001,Amoxicillin,43,,requested_demand,simulation,PGMED001,0,5,synthetic
2026-09-08,HOSP_A,PGMED002,Atorvastatin,45,,requested_demand,simulation,PGMED002,0,5,synthetic
2026-09-08,HOSP_A,PGMED003,Normal Saline IV,69,,requested_demand,simulation,PGMED003,0,5,synthetic
2026-09-08,HOSP_A,PGMED004,Paracetamol,78,,requested_demand,simulation,PGMED004,0,5,synthetic
2026-09-08,HOSP_A,PGMED005,Salbutamol,96,,requested_demand,simulation,PGMED005,0,5,synthetic
2026-09-08,HOSP_B,PGMED001,Amoxicillin,45,,requested_demand,simulation,PGMED001,0,5,synthetic
2026-09-08,HOSP_B,PGMED002,Atorvastatin,62,,requested_demand,simulation,PGMED002,0,5,synthetic
2026-09-08,HOSP_B,PGMED003,Normal Saline IV,74,,requested_demand,simulation,PGMED003,0,5,synthetic
2026-09-08,HOSP_B,PGMED004,Paracetamol,95,,requested_demand,simulation,PGMED004,0,5,synthetic
2026-09-08,HOSP_B,PGMED005,Salbutamol,119,,requested_demand,simulation,PGMED005,0,5,synthetic
2026-09-08,HOSP_C,PGMED001,Amoxicillin,57,,requested_demand,simulation,PGMED001,0,5,synthetic
2026-09-08,HOSP_C,PGMED002,Atorvastatin,81,,requested_demand,simulation,PGMED002,0,5,synthetic
2026-09-08,HOSP_C,PGMED003,Normal Saline IV,86,,requested_demand,simulation,PGMED003,0,5,synthetic
2026-09-08,HOSP_C,PGMED004,Paracetamol,124,,requested_demand,simulation,PGMED004,0,5,synthetic
2026-09-08,HOSP_C,PGMED005,Salbutamol,123,,requested_demand,simulation,PGMED005,0,5,synthetic
2026-09-08,HOSP_D,PGMED001,Amoxicillin,66,,requested_demand,simulation,PGMED001,0,5,synthetic
2026-09-08,HOSP_D,PGMED002,Atorvastatin,100,,requested_demand,simulation,PGMED002,0,5,synthetic
2026-09-08,HOSP_D,PGMED003,Normal Saline IV,117,,requested_demand,simulation,PGMED003,0,5,synthetic
2026-09-08,HOSP_D,PGMED004,Paracetamol,137,,requested_demand,simulation,PGMED004,0,5,synthetic
2026-09-08,HOSP_D,PGMED005,Salbutamol,148,,requested_demand,simulation,PGMED005,0,5,synthetic
2026-09-09,HOSP_A,PGMED001,Amoxicillin,45,,requested_demand,simulation,PGMED001,0,5,synthetic
2026-09-09,HOSP_A,PGMED002,Atorvastatin,49,,requested_demand,simulation,PGMED002,0,5,synthetic
2026-09-09,HOSP_A,PGMED003,Normal Saline IV,71,,requested_demand,simulation,PGMED003,0,5,synthetic
2026-09-09,HOSP_A,PGMED004,Paracetamol,85,,requested_demand,simulation,PGMED004,0,5,synthetic
2026-09-09,HOSP_A,PGMED005,Salbutamol,89,,requested_demand,simulation,PGMED005,0,5,synthetic
2026-09-09,HOSP_B,PGMED001,Amoxicillin,44,,requested_demand,simulation,PGMED001,0,5,synthetic
2026-09-09,HOSP_B,PGMED002,Atorvastatin,65,,requested_demand,simulation,PGMED002,0,5,synthetic
2026-09-09,HOSP_B,PGMED003,Normal Saline IV,84,,requested_demand,simulation,PGMED003,0,5,synthetic
2026-09-09,HOSP_B,PGMED004,Paracetamol,101,,requested_demand,simulation,PGMED004,0,5,synthetic
2026-09-09,HOSP_B,PGMED005,Salbutamol,111,,requested_demand,simulation,PGMED005,0,5,synthetic
2026-09-09,HOSP_C,PGMED001,Amoxicillin,57,,requested_demand,simulation,PGMED001,0,5,synthetic
2026-09-09,HOSP_C,PGMED002,Atorvastatin,87,,requested_demand,simulation,PGMED002,0,5,synthetic
2026-09-09,HOSP_C,PGMED003,Normal Saline IV,101,,requested_demand,simulation,PGMED003,0,5,synthetic
2026-09-09,HOSP_C,PGMED004,Paracetamol,128,,requested_demand,simulation,PGMED004,0,5,synthetic
2026-09-09,HOSP_C,PGMED005,Salbutamol,141,,requested_demand,simulation,PGMED005,0,5,synthetic
2026-09-09,HOSP_D,PGMED001,Amoxicillin,71,,requested_demand,simulation,PGMED001,0,5,synthetic
2026-09-09,HOSP_D,PGMED002,Atorvastatin,105,,requested_demand,simulation,PGMED002,0,5,synthetic
2026-09-09,HOSP_D,PGMED003,Normal Saline IV,119,,requested_demand,simulation,PGMED003,0,5,synthetic
2026-09-09,HOSP_D,PGMED004,Paracetamol,134,,requested_demand,simulation,PGMED004,0,5,synthetic
2026-09-09,HOSP_D,PGMED005,Salbutamol,152,,requested_demand,simulation,PGMED005,0,5,synthetic
2026-09-10,HOSP_A,PGMED001,Amoxicillin,44,,requested_demand,simulation,PGMED001,0,5,synthetic
2026-09-10,HOSP_A,PGMED002,Atorvastatin,47,,requested_demand,simulation,PGMED002,0,5,synthetic
2026-09-10,HOSP_A,PGMED003,Normal Saline IV,72,,requested_demand,simulation,PGMED003,0,5,synthetic
2026-09-10,HOSP_A,PGMED004,Paracetamol,70,,requested_demand,simulation,PGMED004,0,5,synthetic
2026-09-10,HOSP_A,PGMED005,Salbutamol,84,,requested_demand,simulation,PGMED005,0,5,synthetic
2026-09-10,HOSP_B,PGMED001,Amoxicillin,42,,requested_demand,simulation,PGMED001,0,5,synthetic
2026-09-10,HOSP_B,PGMED002,Atorvastatin,63,,requested_demand,simulation,PGMED002,0,5,synthetic
2026-09-10,HOSP_B,PGMED003,Normal Saline IV,86,,requested_demand,simulation,PGMED003,0,5,synthetic
2026-09-10,HOSP_B,PGMED004,Paracetamol,95,,requested_demand,simulation,PGMED004,0,5,synthetic
2026-09-10,HOSP_B,PGMED005,Salbutamol,114,,requested_demand,simulation,PGMED005,0,5,synthetic
2026-09-10,HOSP_C,PGMED001,Amoxicillin,57,,requested_demand,simulation,PGMED001,0,5,synthetic
2026-09-10,HOSP_C,PGMED002,Atorvastatin,75,,requested_demand,simulation,PGMED002,0,5,synthetic
2026-09-10,HOSP_C,PGMED003,Normal Saline IV,93,,requested_demand,simulation,PGMED003,0,5,synthetic
2026-09-10,HOSP_C,PGMED004,Paracetamol,116,,requested_demand,simulation,PGMED004,0,5,synthetic
2026-09-10,HOSP_C,PGMED005,Salbutamol,123,,requested_demand,simulation,PGMED005,0,5,synthetic
2026-09-10,HOSP_D,PGMED001,Amoxicillin,62,,requested_demand,simulation,PGMED001,0,5,synthetic
2026-09-10,HOSP_D,PGMED002,Atorvastatin,87,,requested_demand,simulation,PGMED002,0,5,synthetic
2026-09-10,HOSP_D,PGMED003,Normal Saline IV,99,,requested_demand,simulation,PGMED003,0,5,synthetic
2026-09-10,HOSP_D,PGMED004,Paracetamol,126,,requested_demand,simulation,PGMED004,0,5,synthetic
2026-09-10,HOSP_D,PGMED005,Salbutamol,164,,requested_demand,simulation,PGMED005,0,5,synthetic
2026-09-11,HOSP_A,PGMED001,Amoxicillin,35,,requested_demand,simulation,PGMED001,0,5,synthetic
2026-09-11,HOSP_A,PGMED002,Atorvastatin,38,,requested_demand,simulation,PGMED002,0,5,synthetic
2026-09-11,HOSP_A,PGMED003,Normal Saline IV,56,,requested_demand,simulation,PGMED003,0,5,synthetic
2026-09-11,HOSP_A,PGMED004,Paracetamol,58,,requested_demand,simulation,PGMED004,0,5,synthetic
2026-09-11,HOSP_A,PGMED005,Salbutamol,73,,requested_demand,simulation,PGMED005,0,5,synthetic
2026-09-11,HOSP_B,PGMED001,Amoxicillin,32,,requested_demand,simulation,PGMED001,0,5,synthetic
2026-09-11,HOSP_B,PGMED002,Atorvastatin,51,,requested_demand,simulation,PGMED002,0,5,synthetic
2026-09-11,HOSP_B,PGMED003,Normal Saline IV,66,,requested_demand,simulation,PGMED003,0,5,synthetic
2026-09-11,HOSP_B,PGMED004,Paracetamol,76,,requested_demand,simulation,PGMED004,0,5,synthetic
2026-09-11,HOSP_B,PGMED005,Salbutamol,94,,requested_demand,simulation,PGMED005,0,5,synthetic
2026-09-11,HOSP_C,PGMED001,Amoxicillin,48,,requested_demand,simulation,PGMED001,0,5,synthetic
2026-09-11,HOSP_C,PGMED002,Atorvastatin,69,,requested_demand,simulation,PGMED002,0,5,synthetic
2026-09-11,HOSP_C,PGMED003,Normal Saline IV,83,,requested_demand,simulation,PGMED003,0,5,synthetic
2026-09-11,HOSP_C,PGMED004,Paracetamol,97,,requested_demand,simulation,PGMED004,0,5,synthetic
2026-09-11,HOSP_C,PGMED005,Salbutamol,104,,requested_demand,simulation,PGMED005,0,5,synthetic
2026-09-11,HOSP_D,PGMED001,Amoxicillin,48,,requested_demand,simulation,PGMED001,0,5,synthetic
2026-09-11,HOSP_D,PGMED002,Atorvastatin,80,,requested_demand,simulation,PGMED002,0,5,synthetic
2026-09-11,HOSP_D,PGMED003,Normal Saline IV,86,,requested_demand,simulation,PGMED003,0,5,synthetic
2026-09-11,HOSP_D,PGMED004,Paracetamol,113,,requested_demand,simulation,PGMED004,0,5,synthetic
2026-09-11,HOSP_D,PGMED005,Salbutamol,125,,requested_demand,simulation,PGMED005,0,5,synthetic
2026-09-12,HOSP_A,PGMED001,Amoxicillin,32,,requested_demand,simulation,PGMED001,0,5,synthetic
2026-09-12,HOSP_A,PGMED002,Atorvastatin,26,,requested_demand,simulation,PGMED002,0,5,synthetic
2026-09-12,HOSP_A,PGMED003,Normal Saline IV,55,,requested_demand,simulation,PGMED003,0,5,synthetic
2026-09-12,HOSP_A,PGMED004,Paracetamol,57,,requested_demand,simulation,PGMED004,0,5,synthetic
2026-09-12,HOSP_A,PGMED005,Salbutamol,66,,requested_demand,simulation,PGMED005,0,5,synthetic
2026-09-12,HOSP_B,PGMED001,Amoxicillin,29,,requested_demand,simulation,PGMED001,0,5,synthetic
2026-09-12,HOSP_B,PGMED002,Atorvastatin,51,,requested_demand,simulation,PGMED002,0,5,synthetic
2026-09-12,HOSP_B,PGMED003,Normal Saline IV,62,,requested_demand,simulation,PGMED003,0,5,synthetic
2026-09-12,HOSP_B,PGMED004,Paracetamol,71,,requested_demand,simulation,PGMED004,0,5,synthetic
2026-09-12,HOSP_B,PGMED005,Salbutamol,83,,requested_demand,simulation,PGMED005,0,5,synthetic
2026-09-12,HOSP_C,PGMED001,Amoxicillin,42,,requested_demand,simulation,PGMED001,0,5,synthetic
2026-09-12,HOSP_C,PGMED002,Atorvastatin,60,,requested_demand,simulation,PGMED002,0,5,synthetic
2026-09-12,HOSP_C,PGMED003,Normal Saline IV,75,,requested_demand,simulation,PGMED003,0,5,synthetic
2026-09-12,HOSP_C,PGMED004,Paracetamol,82,,requested_demand,simulation,PGMED004,0,5,synthetic
2026-09-12,HOSP_C,PGMED005,Salbutamol,88,,requested_demand,simulation,PGMED005,0,5,synthetic
2026-09-12,HOSP_D,PGMED001,Amoxicillin,47,,requested_demand,simulation,PGMED001,0,5,synthetic
2026-09-12,HOSP_D,PGMED002,Atorvastatin,63,,requested_demand,simulation,PGMED002,0,5,synthetic
2026-09-12,HOSP_D,PGMED003,Normal Saline IV,88,,requested_demand,simulation,PGMED003,0,5,synthetic
2026-09-12,HOSP_D,PGMED004,Paracetamol,95,,requested_demand,simulation,PGMED004,0,5,synthetic
2026-09-12,HOSP_D,PGMED005,Salbutamol,106,,requested_demand,simulation,PGMED005,0,5,synthetic
2026-09-13,HOSP_A,PGMED001,Amoxicillin,31,,requested_demand,simulation,PGMED001,0,5,synthetic
2026-09-13,HOSP_A,PGMED002,Atorvastatin,35,,requested_demand,simulation,PGMED002,0,5,synthetic
2026-09-13,HOSP_A,PGMED003,Normal Saline IV,51,,requested_demand,simulation,PGMED003,0,5,synthetic
2026-09-13,HOSP_A,PGMED004,Paracetamol,56,,requested_demand,simulation,PGMED004,0,5,synthetic
2026-09-13,HOSP_A,PGMED005,Salbutamol,70,,requested_demand,simulation,PGMED005,0,5,synthetic
2026-09-13,HOSP_B,PGMED001,Amoxicillin,34,,requested_demand,simulation,PGMED001,0,5,synthetic
2026-09-13,HOSP_B,PGMED002,Atorvastatin,46,,requested_demand,simulation,PGMED002,0,5,synthetic
2026-09-13,HOSP_B,PGMED003,Normal Saline IV,57,,requested_demand,simulation,PGMED003,0,5,synthetic
2026-09-13,HOSP_B,PGMED004,Paracetamol,57,,requested_demand,simulation,PGMED004,0,5,synthetic
2026-09-13,HOSP_B,PGMED005,Salbutamol,92,,requested_demand,simulation,PGMED005,0,5,synthetic
2026-09-13,HOSP_C,PGMED001,Amoxicillin,46,,requested_demand,simulation,PGMED001,0,5,synthetic
2026-09-13,HOSP_C,PGMED002,Atorvastatin,64,,requested_demand,simulation,PGMED002,0,5,synthetic
2026-09-13,HOSP_C,PGMED003,Normal Saline IV,79,,requested_demand,simulation,PGMED003,0,5,synthetic
2026-09-13,HOSP_C,PGMED004,Paracetamol,92,,requested_demand,simulation,PGMED004,0,5,synthetic
2026-09-13,HOSP_C,PGMED005,Salbutamol,98,,requested_demand,simulation,PGMED005,0,5,synthetic
2026-09-13,HOSP_D,PGMED001,Amoxicillin,46,,requested_demand,simulation,PGMED001,0,5,synthetic
2026-09-13,HOSP_D,PGMED002,Atorvastatin,78,,requested_demand,simulation,PGMED002,0,5,synthetic
2026-09-13,HOSP_D,PGMED003,Normal Saline IV,74,,requested_demand,simulation,PGMED003,0,5,synthetic
2026-09-13,HOSP_D,PGMED004,Paracetamol,89,,requested_demand,simulation,PGMED004,0,5,synthetic
2026-09-13,HOSP_D,PGMED005,Salbutamol,114,,requested_demand,simulation,PGMED005,0,5,synthetic
2026-09-14,HOSP_A,PGMED001,Amoxicillin,36,,requested_demand,simulation,PGMED001,0,5,synthetic
2026-09-14,HOSP_A,PGMED002,Atorvastatin,40,,requested_demand,simulation,PGMED002,0,5,synthetic
2026-09-14,HOSP_A,PGMED003,Normal Saline IV,67,,requested_demand,simulation,PGMED003,0,5,synthetic
2026-09-14,HOSP_A,PGMED004,Paracetamol,70,,requested_demand,simulation,PGMED004,0,5,synthetic
2026-09-14,HOSP_A,PGMED005,Salbutamol,85,,requested_demand,simulation,PGMED005,0,5,synthetic
2026-09-14,HOSP_B,PGMED001,Amoxicillin,42,,requested_demand,simulation,PGMED001,0,5,synthetic
2026-09-14,HOSP_B,PGMED002,Atorvastatin,59,,requested_demand,simulation,PGMED002,0,5,synthetic
2026-09-14,HOSP_B,PGMED003,Normal Saline IV,81,,requested_demand,simulation,PGMED003,0,5,synthetic
2026-09-14,HOSP_B,PGMED004,Paracetamol,90,,requested_demand,simulation,PGMED004,0,5,synthetic
2026-09-14,HOSP_B,PGMED005,Salbutamol,91,,requested_demand,simulation,PGMED005,0,5,synthetic
2026-09-14,HOSP_C,PGMED001,Amoxicillin,51,,requested_demand,simulation,PGMED001,0,5,synthetic
2026-09-14,HOSP_C,PGMED002,Atorvastatin,76,,requested_demand,simulation,PGMED002,0,5,synthetic
2026-09-14,HOSP_C,PGMED003,Normal Saline IV,79,,requested_demand,simulation,PGMED003,0,5,synthetic
2026-09-14,HOSP_C,PGMED004,Paracetamol,104,,requested_demand,simulation,PGMED004,0,5,synthetic
2026-09-14,HOSP_C,PGMED005,Salbutamol,130,,requested_demand,simulation,PGMED005,0,5,synthetic
2026-09-14,HOSP_D,PGMED001,Amoxicillin,63,,requested_demand,simulation,PGMED001,0,5,synthetic
2026-09-14,HOSP_D,PGMED002,Atorvastatin,78,,requested_demand,simulation,PGMED002,0,5,synthetic
2026-09-14,HOSP_D,PGMED003,Normal Saline IV,97,,requested_demand,simulation,PGMED003,0,5,synthetic
2026-09-14,HOSP_D,PGMED004,Paracetamol,155,,requested_demand,simulation,PGMED004,1,5,synthetic
2026-09-14,HOSP_D,PGMED005,Salbutamol,126,,requested_demand,simulation,PGMED005,0,5,synthetic
2026-09-15,HOSP_A,PGMED001,Amoxicillin,42,,requested_demand,simulation,PGMED001,0,5,synthetic
2026-09-15,HOSP_A,PGMED002,Atorvastatin,47,,requested_demand,simulation,PGMED002,0,5,synthetic
2026-09-15,HOSP_A,PGMED003,Normal Saline IV,73,,requested_demand,simulation,PGMED003,0,5,synthetic
2026-09-15,HOSP_A,PGMED004,Paracetamol,78,,requested_demand,simulation,PGMED004,0,5,synthetic
2026-09-15,HOSP_A,PGMED005,Salbutamol,97,,requested_demand,simulation,PGMED005,0,5,synthetic
2026-09-15,HOSP_B,PGMED001,Amoxicillin,52,,requested_demand,simulation,PGMED001,0,5,synthetic
2026-09-15,HOSP_B,PGMED002,Atorvastatin,65,,requested_demand,simulation,PGMED002,0,5,synthetic
2026-09-15,HOSP_B,PGMED003,Normal Saline IV,86,,requested_demand,simulation,PGMED003,0,5,synthetic
2026-09-15,HOSP_B,PGMED004,Paracetamol,96,,requested_demand,simulation,PGMED004,0,5,synthetic
2026-09-15,HOSP_B,PGMED005,Salbutamol,107,,requested_demand,simulation,PGMED005,0,5,synthetic
2026-09-15,HOSP_C,PGMED001,Amoxicillin,60,,requested_demand,simulation,PGMED001,0,5,synthetic
2026-09-15,HOSP_C,PGMED002,Atorvastatin,88,,requested_demand,simulation,PGMED002,0,5,synthetic
2026-09-15,HOSP_C,PGMED003,Normal Saline IV,95,,requested_demand,simulation,PGMED003,0,5,synthetic
2026-09-15,HOSP_C,PGMED004,Paracetamol,117,,requested_demand,simulation,PGMED004,0,5,synthetic
2026-09-15,HOSP_C,PGMED005,Salbutamol,127,,requested_demand,simulation,PGMED005,0,5,synthetic
2026-09-15,HOSP_D,PGMED001,Amoxicillin,65,,requested_demand,simulation,PGMED001,0,5,synthetic
2026-09-15,HOSP_D,PGMED002,Atorvastatin,102,,requested_demand,simulation,PGMED002,0,5,synthetic
2026-09-15,HOSP_D,PGMED003,Normal Saline IV,115,,requested_demand,simulation,PGMED003,0,5,synthetic
2026-09-15,HOSP_D,PGMED004,Paracetamol,180,,requested_demand,simulation,PGMED004,1,5,synthetic
2026-09-15,HOSP_D,PGMED005,Salbutamol,171,,requested_demand,simulation,PGMED005,0,5,synthetic
2026-09-16,HOSP_A,PGMED001,Amoxicillin,44,,requested_demand,simulation,PGMED001,0,5,synthetic
2026-09-16,HOSP_A,PGMED002,Atorvastatin,52,,requested_demand,simulation,PGMED002,0,5,synthetic
2026-09-16,HOSP_A,PGMED003,Normal Saline IV,76,,requested_demand,simulation,PGMED003,0,5,synthetic
2026-09-16,HOSP_A,PGMED004,Paracetamol,84,,requested_demand,simulation,PGMED004,0,5,synthetic
2026-09-16,HOSP_A,PGMED005,Salbutamol,106,,requested_demand,simulation,PGMED005,0,5,synthetic
2026-09-16,HOSP_B,PGMED001,Amoxicillin,46,,requested_demand,simulation,PGMED001,0,5,synthetic
2026-09-16,HOSP_B,PGMED002,Atorvastatin,69,,requested_demand,simulation,PGMED002,0,5,synthetic
2026-09-16,HOSP_B,PGMED003,Normal Saline IV,91,,requested_demand,simulation,PGMED003,0,5,synthetic
2026-09-16,HOSP_B,PGMED004,Paracetamol,103,,requested_demand,simulation,PGMED004,0,5,synthetic
2026-09-16,HOSP_B,PGMED005,Salbutamol,124,,requested_demand,simulation,PGMED005,0,5,synthetic
2026-09-16,HOSP_C,PGMED001,Amoxicillin,62,,requested_demand,simulation,PGMED001,0,5,synthetic
2026-09-16,HOSP_C,PGMED002,Atorvastatin,87,,requested_demand,simulation,PGMED002,0,5,synthetic
2026-09-16,HOSP_C,PGMED003,Normal Saline IV,103,,requested_demand,simulation,PGMED003,0,5,synthetic
2026-09-16,HOSP_C,PGMED004,Paracetamol,122,,requested_demand,simulation,PGMED004,0,5,synthetic
2026-09-16,HOSP_C,PGMED005,Salbutamol,132,,requested_demand,simulation,PGMED005,0,5,synthetic
2026-09-16,HOSP_D,PGMED001,Amoxicillin,60,,requested_demand,simulation,PGMED001,0,5,synthetic
2026-09-16,HOSP_D,PGMED002,Atorvastatin,96,,requested_demand,simulation,PGMED002,0,5,synthetic
2026-09-16,HOSP_D,PGMED003,Normal Saline IV,132,,requested_demand,simulation,PGMED003,0,5,synthetic
2026-09-16,HOSP_D,PGMED004,Paracetamol,200,,requested_demand,simulation,PGMED004,1,5,synthetic
2026-09-16,HOSP_D,PGMED005,Salbutamol,162,,requested_demand,simulation,PGMED005,0,5,synthetic
2026-09-17,HOSP_A,PGMED001,Amoxicillin,45,,requested_demand,simulation,PGMED001,0,5,synthetic
2026-09-17,HOSP_A,PGMED002,Atorvastatin,38,,requested_demand,simulation,PGMED002,0,5,synthetic
2026-09-17,HOSP_A,PGMED003,Normal Saline IV,73,,requested_demand,simulation,PGMED003,0,5,synthetic
2026-09-17,HOSP_A,PGMED004,Paracetamol,70,,requested_demand,simulation,PGMED004,0,5,synthetic
2026-09-17,HOSP_A,PGMED005,Salbutamol,89,,requested_demand,simulation,PGMED005,0,5,synthetic
2026-09-17,HOSP_B,PGMED001,Amoxicillin,46,,requested_demand,simulation,PGMED001,0,5,synthetic
2026-09-17,HOSP_B,PGMED002,Atorvastatin,59,,requested_demand,simulation,PGMED002,0,5,synthetic
2026-09-17,HOSP_B,PGMED003,Normal Saline IV,91,,requested_demand,simulation,PGMED003,0,5,synthetic
2026-09-17,HOSP_B,PGMED004,Paracetamol,83,,requested_demand,simulation,PGMED004,0,5,synthetic
2026-09-17,HOSP_B,PGMED005,Salbutamol,112,,requested_demand,simulation,PGMED005,0,5,synthetic
2026-09-17,HOSP_C,PGMED001,Amoxicillin,55,,requested_demand,simulation,PGMED001,0,5,synthetic
2026-09-17,HOSP_C,PGMED002,Atorvastatin,89,,requested_demand,simulation,PGMED002,0,5,synthetic
2026-09-17,HOSP_C,PGMED003,Normal Saline IV,104,,requested_demand,simulation,PGMED003,0,5,synthetic
2026-09-17,HOSP_C,PGMED004,Paracetamol,125,,requested_demand,simulation,PGMED004,0,5,synthetic
2026-09-17,HOSP_C,PGMED005,Salbutamol,118,,requested_demand,simulation,PGMED005,0,5,synthetic
2026-09-17,HOSP_D,PGMED001,Amoxicillin,63,,requested_demand,simulation,PGMED001,0,5,synthetic
2026-09-17,HOSP_D,PGMED002,Atorvastatin,100,,requested_demand,simulation,PGMED002,0,5,synthetic
2026-09-17,HOSP_D,PGMED003,Normal Saline IV,115,,requested_demand,simulation,PGMED003,0,5,synthetic
2026-09-17,HOSP_D,PGMED004,Paracetamol,193,,requested_demand,simulation,PGMED004,1,5,synthetic
2026-09-17,HOSP_D,PGMED005,Salbutamol,161,,requested_demand,simulation,PGMED005,0,5,synthetic
2026-09-18,HOSP_A,PGMED001,Amoxicillin,33,,requested_demand,simulation,PGMED001,0,5,synthetic
2026-09-18,HOSP_A,PGMED002,Atorvastatin,35,,requested_demand,simulation,PGMED002,0,5,synthetic
2026-09-18,HOSP_A,PGMED003,Normal Saline IV,56,,requested_demand,simulation,PGMED003,0,5,synthetic
2026-09-18,HOSP_A,PGMED004,Paracetamol,62,,requested_demand,simulation,PGMED004,0,5,synthetic
2026-09-18,HOSP_A,PGMED005,Salbutamol,74,,requested_demand,simulation,PGMED005,0,5,synthetic
2026-09-18,HOSP_B,PGMED001,Amoxicillin,36,,requested_demand,simulation,PGMED001,0,5,synthetic
2026-09-18,HOSP_B,PGMED002,Atorvastatin,51,,requested_demand,simulation,PGMED002,0,5,synthetic
2026-09-18,HOSP_B,PGMED003,Normal Saline IV,75,,requested_demand,simulation,PGMED003,0,5,synthetic
2026-09-18,HOSP_B,PGMED004,Paracetamol,70,,requested_demand,simulation,PGMED004,0,5,synthetic
2026-09-18,HOSP_B,PGMED005,Salbutamol,95,,requested_demand,simulation,PGMED005,0,5,synthetic
2026-09-18,HOSP_C,PGMED001,Amoxicillin,45,,requested_demand,simulation,PGMED001,0,5,synthetic
2026-09-18,HOSP_C,PGMED002,Atorvastatin,69,,requested_demand,simulation,PGMED002,0,5,synthetic
2026-09-18,HOSP_C,PGMED003,Normal Saline IV,84,,requested_demand,simulation,PGMED003,0,5,synthetic
2026-09-18,HOSP_C,PGMED004,Paracetamol,85,,requested_demand,simulation,PGMED004,0,5,synthetic
2026-09-18,HOSP_C,PGMED005,Salbutamol,119,,requested_demand,simulation,PGMED005,0,5,synthetic
2026-09-18,HOSP_D,PGMED001,Amoxicillin,58,,requested_demand,simulation,PGMED001,0,5,synthetic
2026-09-18,HOSP_D,PGMED002,Atorvastatin,79,,requested_demand,simulation,PGMED002,0,5,synthetic
2026-09-18,HOSP_D,PGMED003,Normal Saline IV,90,,requested_demand,simulation,PGMED003,0,5,synthetic
2026-09-18,HOSP_D,PGMED004,Paracetamol,160,,requested_demand,simulation,PGMED004,1,5,synthetic
2026-09-18,HOSP_D,PGMED005,Salbutamol,126,,requested_demand,simulation,PGMED005,0,5,synthetic
2026-09-19,HOSP_A,PGMED001,Amoxicillin,32,,requested_demand,simulation,PGMED001,0,5,synthetic
2026-09-19,HOSP_A,PGMED002,Atorvastatin,34,,requested_demand,simulation,PGMED002,0,5,synthetic
2026-09-19,HOSP_A,PGMED003,Normal Saline IV,47,,requested_demand,simulation,PGMED003,0,5,synthetic
2026-09-19,HOSP_A,PGMED004,Paracetamol,54,,requested_demand,simulation,PGMED004,0,5,synthetic
2026-09-19,HOSP_A,PGMED005,Salbutamol,71,,requested_demand,simulation,PGMED005,0,5,synthetic
2026-09-19,HOSP_B,PGMED001,Amoxicillin,31,,requested_demand,simulation,PGMED001,0,5,synthetic
2026-09-19,HOSP_B,PGMED002,Atorvastatin,45,,requested_demand,simulation,PGMED002,0,5,synthetic
2026-09-19,HOSP_B,PGMED003,Normal Saline IV,59,,requested_demand,simulation,PGMED003,0,5,synthetic
2026-09-19,HOSP_B,PGMED004,Paracetamol,66,,requested_demand,simulation,PGMED004,0,5,synthetic
2026-09-19,HOSP_B,PGMED005,Salbutamol,80,,requested_demand,simulation,PGMED005,0,5,synthetic
2026-09-19,HOSP_C,PGMED001,Amoxicillin,48,,requested_demand,simulation,PGMED001,0,5,synthetic
2026-09-19,HOSP_C,PGMED002,Atorvastatin,52,,requested_demand,simulation,PGMED002,0,5,synthetic
2026-09-19,HOSP_C,PGMED003,Normal Saline IV,73,,requested_demand,simulation,PGMED003,0,5,synthetic
2026-09-19,HOSP_C,PGMED004,Paracetamol,87,,requested_demand,simulation,PGMED004,0,5,synthetic
2026-09-19,HOSP_C,PGMED005,Salbutamol,91,,requested_demand,simulation,PGMED005,0,5,synthetic
2026-09-19,HOSP_D,PGMED001,Amoxicillin,51,,requested_demand,simulation,PGMED001,0,5,synthetic
2026-09-19,HOSP_D,PGMED002,Atorvastatin,62,,requested_demand,simulation,PGMED002,0,5,synthetic
2026-09-19,HOSP_D,PGMED003,Normal Saline IV,90,,requested_demand,simulation,PGMED003,0,5,synthetic
2026-09-19,HOSP_D,PGMED004,Paracetamol,81,,requested_demand,simulation,PGMED004,0,5,synthetic
2026-09-19,HOSP_D,PGMED005,Salbutamol,123,,requested_demand,simulation,PGMED005,0,5,synthetic
2026-09-20,HOSP_A,PGMED001,Amoxicillin,30,,requested_demand,simulation,PGMED001,0,5,synthetic
2026-09-20,HOSP_A,PGMED002,Atorvastatin,30,,requested_demand,simulation,PGMED002,0,5,synthetic
2026-09-20,HOSP_A,PGMED003,Normal Saline IV,52,,requested_demand,simulation,PGMED003,0,5,synthetic
2026-09-20,HOSP_A,PGMED004,Paracetamol,52,,requested_demand,simulation,PGMED004,0,5,synthetic
2026-09-20,HOSP_A,PGMED005,Salbutamol,65,,requested_demand,simulation,PGMED005,0,5,synthetic
2026-09-20,HOSP_B,PGMED001,Amoxicillin,34,,requested_demand,simulation,PGMED001,0,5,synthetic
2026-09-20,HOSP_B,PGMED002,Atorvastatin,44,,requested_demand,simulation,PGMED002,0,5,synthetic
2026-09-20,HOSP_B,PGMED003,Normal Saline IV,61,,requested_demand,simulation,PGMED003,0,5,synthetic
2026-09-20,HOSP_B,PGMED004,Paracetamol,69,,requested_demand,simulation,PGMED004,0,5,synthetic
2026-09-20,HOSP_B,PGMED005,Salbutamol,91,,requested_demand,simulation,PGMED005,0,5,synthetic
2026-09-20,HOSP_C,PGMED001,Amoxicillin,42,,requested_demand,simulation,PGMED001,0,5,synthetic
2026-09-20,HOSP_C,PGMED002,Atorvastatin,59,,requested_demand,simulation,PGMED002,0,5,synthetic
2026-09-20,HOSP_C,PGMED003,Normal Saline IV,69,,requested_demand,simulation,PGMED003,0,5,synthetic
2026-09-20,HOSP_C,PGMED004,Paracetamol,78,,requested_demand,simulation,PGMED004,0,5,synthetic
2026-09-20,HOSP_C,PGMED005,Salbutamol,99,,requested_demand,simulation,PGMED005,0,5,synthetic
2026-09-20,HOSP_D,PGMED001,Amoxicillin,54,,requested_demand,simulation,PGMED001,0,5,synthetic
2026-09-20,HOSP_D,PGMED002,Atorvastatin,68,,requested_demand,simulation,PGMED002,0,5,synthetic
2026-09-20,HOSP_D,PGMED003,Normal Saline IV,82,,requested_demand,simulation,PGMED003,0,5,synthetic
2026-09-20,HOSP_D,PGMED004,Paracetamol,109,,requested_demand,simulation,PGMED004,0,5,synthetic
2026-09-20,HOSP_D,PGMED005,Salbutamol,118,,requested_demand,simulation,PGMED005,0,5,synthetic
2026-09-21,HOSP_A,PGMED001,Amoxicillin,40,,requested_demand,simulation,PGMED001,0,5,synthetic
2026-09-21,HOSP_A,PGMED002,Atorvastatin,44,,requested_demand,simulation,PGMED002,0,5,synthetic
2026-09-21,HOSP_A,PGMED003,Normal Saline IV,64,,requested_demand,simulation,PGMED003,0,5,synthetic
2026-09-21,HOSP_A,PGMED004,Paracetamol,62,,requested_demand,simulation,PGMED004,0,5,synthetic
2026-09-21,HOSP_A,PGMED005,Salbutamol,87,,requested_demand,simulation,PGMED005,0,5,synthetic
2026-09-21,HOSP_B,PGMED001,Amoxicillin,39,,requested_demand,simulation,PGMED001,0,5,synthetic
2026-09-21,HOSP_B,PGMED002,Atorvastatin,58,,requested_demand,simulation,PGMED002,0,5,synthetic
2026-09-21,HOSP_B,PGMED003,Normal Saline IV,74,,requested_demand,simulation,PGMED003,0,5,synthetic
2026-09-21,HOSP_B,PGMED004,Paracetamol,83,,requested_demand,simulation,PGMED004,0,5,synthetic
2026-09-21,HOSP_B,PGMED005,Salbutamol,108,,requested_demand,simulation,PGMED005,0,5,synthetic
2026-09-21,HOSP_C,PGMED001,Amoxicillin,49,,requested_demand,simulation,PGMED001,0,5,synthetic
2026-09-21,HOSP_C,PGMED002,Atorvastatin,67,,requested_demand,simulation,PGMED002,0,5,synthetic
2026-09-21,HOSP_C,PGMED003,Normal Saline IV,80,,requested_demand,simulation,PGMED003,0,5,synthetic
2026-09-21,HOSP_C,PGMED004,Paracetamol,103,,requested_demand,simulation,PGMED004,0,5,synthetic
2026-09-21,HOSP_C,PGMED005,Salbutamol,114,,requested_demand,simulation,PGMED005,0,5,synthetic
2026-09-21,HOSP_D,PGMED001,Amoxicillin,53,,requested_demand,simulation,PGMED001,0,5,synthetic
2026-09-21,HOSP_D,PGMED002,Atorvastatin,87,,requested_demand,simulation,PGMED002,0,5,synthetic
2026-09-21,HOSP_D,PGMED003,Normal Saline IV,108,,requested_demand,simulation,PGMED003,0,5,synthetic
2026-09-21,HOSP_D,PGMED004,Paracetamol,124,,requested_demand,simulation,PGMED004,0,5,synthetic
2026-09-21,HOSP_D,PGMED005,Salbutamol,145,,requested_demand,simulation,PGMED005,0,5,synthetic
2026-09-22,HOSP_A,PGMED001,Amoxicillin,45,,requested_demand,simulation,PGMED001,0,5,synthetic
2026-09-22,HOSP_A,PGMED002,Atorvastatin,47,,requested_demand,simulation,PGMED002,0,5,synthetic
2026-09-22,HOSP_A,PGMED003,Normal Saline IV,68,,requested_demand,simulation,PGMED003,0,5,synthetic
2026-09-22,HOSP_A,PGMED004,Paracetamol,81,,requested_demand,simulation,PGMED004,0,5,synthetic
2026-09-22,HOSP_A,PGMED005,Salbutamol,99,,requested_demand,simulation,PGMED005,0,5,synthetic
2026-09-22,HOSP_B,PGMED001,Amoxicillin,46,,requested_demand,simulation,PGMED001,0,5,synthetic
2026-09-22,HOSP_B,PGMED002,Atorvastatin,67,,requested_demand,simulation,PGMED002,0,5,synthetic
2026-09-22,HOSP_B,PGMED003,Normal Saline IV,89,,requested_demand,simulation,PGMED003,0,5,synthetic
2026-09-22,HOSP_B,PGMED004,Paracetamol,100,,requested_demand,simulation,PGMED004,0,5,synthetic
2026-09-22,HOSP_B,PGMED005,Salbutamol,122,,requested_demand,simulation,PGMED005,0,5,synthetic
2026-09-22,HOSP_C,PGMED001,Amoxicillin,60,,requested_demand,simulation,PGMED001,0,5,synthetic
2026-09-22,HOSP_C,PGMED002,Atorvastatin,86,,requested_demand,simulation,PGMED002,0,5,synthetic
2026-09-22,HOSP_C,PGMED003,Normal Saline IV,101,,requested_demand,simulation,PGMED003,0,5,synthetic
2026-09-22,HOSP_C,PGMED004,Paracetamol,118,,requested_demand,simulation,PGMED004,0,5,synthetic
2026-09-22,HOSP_C,PGMED005,Salbutamol,129,,requested_demand,simulation,PGMED005,0,5,synthetic
2026-09-22,HOSP_D,PGMED001,Amoxicillin,68,,requested_demand,simulation,PGMED001,0,5,synthetic
2026-09-22,HOSP_D,PGMED002,Atorvastatin,101,,requested_demand,simulation,PGMED002,0,5,synthetic
2026-09-22,HOSP_D,PGMED003,Normal Saline IV,110,,requested_demand,simulation,PGMED003,0,5,synthetic
2026-09-22,HOSP_D,PGMED004,Paracetamol,125,,requested_demand,simulation,PGMED004,0,5,synthetic
2026-09-22,HOSP_D,PGMED005,Salbutamol,165,,requested_demand,simulation,PGMED005,0,5,synthetic
2026-09-23,HOSP_A,PGMED001,Amoxicillin,45,,requested_demand,simulation,PGMED001,0,5,synthetic
2026-09-23,HOSP_A,PGMED002,Atorvastatin,50,,requested_demand,simulation,PGMED002,0,5,synthetic
2026-09-23,HOSP_A,PGMED003,Normal Saline IV,77,,requested_demand,simulation,PGMED003,0,5,synthetic
2026-09-23,HOSP_A,PGMED004,Paracetamol,80,,requested_demand,simulation,PGMED004,0,5,synthetic
2026-09-23,HOSP_A,PGMED005,Salbutamol,101,,requested_demand,simulation,PGMED005,0,5,synthetic
2026-09-23,HOSP_B,PGMED001,Amoxicillin,46,,requested_demand,simulation,PGMED001,0,5,synthetic
2026-09-23,HOSP_B,PGMED002,Atorvastatin,69,,requested_demand,simulation,PGMED002,0,5,synthetic
2026-09-23,HOSP_B,PGMED003,Normal Saline IV,90,,requested_demand,simulation,PGMED003,0,5,synthetic
2026-09-23,HOSP_B,PGMED004,Paracetamol,89,,requested_demand,simulation,PGMED004,0,5,synthetic
2026-09-23,HOSP_B,PGMED005,Salbutamol,122,,requested_demand,simulation,PGMED005,0,5,synthetic
2026-09-23,HOSP_C,PGMED001,Amoxicillin,62,,requested_demand,simulation,PGMED001,0,5,synthetic
2026-09-23,HOSP_C,PGMED002,Atorvastatin,88,,requested_demand,simulation,PGMED002,0,5,synthetic
2026-09-23,HOSP_C,PGMED003,Normal Saline IV,95,,requested_demand,simulation,PGMED003,0,5,synthetic
2026-09-23,HOSP_C,PGMED004,Paracetamol,112,,requested_demand,simulation,PGMED004,0,5,synthetic
2026-09-23,HOSP_C,PGMED005,Salbutamol,138,,requested_demand,simulation,PGMED005,0,5,synthetic
2026-09-23,HOSP_D,PGMED001,Amoxicillin,65,,requested_demand,simulation,PGMED001,0,5,synthetic
2026-09-23,HOSP_D,PGMED002,Atorvastatin,99,,requested_demand,simulation,PGMED002,0,5,synthetic
2026-09-23,HOSP_D,PGMED003,Normal Saline IV,128,,requested_demand,simulation,PGMED003,0,5,synthetic
2026-09-23,HOSP_D,PGMED004,Paracetamol,138,,requested_demand,simulation,PGMED004,0,5,synthetic
2026-09-23,HOSP_D,PGMED005,Salbutamol,170,,requested_demand,simulation,PGMED005,0,5,synthetic
2026-09-24,HOSP_A,PGMED001,Amoxicillin,41,,requested_demand,simulation,PGMED001,0,5,synthetic
2026-09-24,HOSP_A,PGMED002,Atorvastatin,42,,requested_demand,simulation,PGMED002,0,5,synthetic
2026-09-24,HOSP_A,PGMED003,Normal Saline IV,67,,requested_demand,simulation,PGMED003,0,5,synthetic
2026-09-24,HOSP_A,PGMED004,Paracetamol,70,,requested_demand,simulation,PGMED004,0,5,synthetic
2026-09-24,HOSP_A,PGMED005,Salbutamol,100,,requested_demand,simulation,PGMED005,0,5,synthetic
2026-09-24,HOSP_B,PGMED001,Amoxicillin,39,,requested_demand,simulation,PGMED001,0,5,synthetic
2026-09-24,HOSP_B,PGMED002,Atorvastatin,66,,requested_demand,simulation,PGMED002,0,5,synthetic
2026-09-24,HOSP_B,PGMED003,Normal Saline IV,80,,requested_demand,simulation,PGMED003,0,5,synthetic
2026-09-24,HOSP_B,PGMED004,Paracetamol,93,,requested_demand,simulation,PGMED004,0,5,synthetic
2026-09-24,HOSP_B,PGMED005,Salbutamol,100,,requested_demand,simulation,PGMED005,0,5,synthetic
2026-09-24,HOSP_C,PGMED001,Amoxicillin,52,,requested_demand,simulation,PGMED001,0,5,synthetic
2026-09-24,HOSP_C,PGMED002,Atorvastatin,79,,requested_demand,simulation,PGMED002,0,5,synthetic
2026-09-24,HOSP_C,PGMED003,Normal Saline IV,90,,requested_demand,simulation,PGMED003,0,5,synthetic
2026-09-24,HOSP_C,PGMED004,Paracetamol,116,,requested_demand,simulation,PGMED004,0,5,synthetic
2026-09-24,HOSP_C,PGMED005,Salbutamol,145,,requested_demand,simulation,PGMED005,0,5,synthetic
2026-09-24,HOSP_D,PGMED001,Amoxicillin,62,,requested_demand,simulation,PGMED001,0,5,synthetic
2026-09-24,HOSP_D,PGMED002,Atorvastatin,91,,requested_demand,simulation,PGMED002,0,5,synthetic
2026-09-24,HOSP_D,PGMED003,Normal Saline IV,109,,requested_demand,simulation,PGMED003,0,5,synthetic
2026-09-24,HOSP_D,PGMED004,Paracetamol,135,,requested_demand,simulation,PGMED004,0,5,synthetic
2026-09-24,HOSP_D,PGMED005,Salbutamol,153,,requested_demand,simulation,PGMED005,0,5,synthetic
2026-09-25,HOSP_A,PGMED001,Amoxicillin,34,,requested_demand,simulation,PGMED001,0,5,synthetic
2026-09-25,HOSP_A,PGMED002,Atorvastatin,39,,requested_demand,simulation,PGMED002,0,5,synthetic
2026-09-25,HOSP_A,PGMED003,Normal Saline IV,61,,requested_demand,simulation,PGMED003,0,5,synthetic
2026-09-25,HOSP_A,PGMED004,Paracetamol,62,,requested_demand,simulation,PGMED004,0,5,synthetic
2026-09-25,HOSP_A,PGMED005,Salbutamol,75,,requested_demand,simulation,PGMED005,0,5,synthetic
2026-09-25,HOSP_B,PGMED001,Amoxicillin,32,,requested_demand,simulation,PGMED001,0,5,synthetic
2026-09-25,HOSP_B,PGMED002,Atorvastatin,56,,requested_demand,simulation,PGMED002,0,5,synthetic
2026-09-25,HOSP_B,PGMED003,Normal Saline IV,75,,requested_demand,simulation,PGMED003,0,5,synthetic
2026-09-25,HOSP_B,PGMED004,Paracetamol,75,,requested_demand,simulation,PGMED004,0,5,synthetic
2026-09-25,HOSP_B,PGMED005,Salbutamol,99,,requested_demand,simulation,PGMED005,0,5,synthetic
2026-09-25,HOSP_C,PGMED001,Amoxicillin,50,,requested_demand,simulation,PGMED001,0,5,synthetic
2026-09-25,HOSP_C,PGMED002,Atorvastatin,76,,requested_demand,simulation,PGMED002,0,5,synthetic
2026-09-25,HOSP_C,PGMED003,Normal Saline IV,76,,requested_demand,simulation,PGMED003,0,5,synthetic
2026-09-25,HOSP_C,PGMED004,Paracetamol,93,,requested_demand,simulation,PGMED004,0,5,synthetic
2026-09-25,HOSP_C,PGMED005,Salbutamol,117,,requested_demand,simulation,PGMED005,0,5,synthetic
2026-09-25,HOSP_D,PGMED001,Amoxicillin,47,,requested_demand,simulation,PGMED001,0,5,synthetic
2026-09-25,HOSP_D,PGMED002,Atorvastatin,80,,requested_demand,simulation,PGMED002,0,5,synthetic
2026-09-25,HOSP_D,PGMED003,Normal Saline IV,87,,requested_demand,simulation,PGMED003,0,5,synthetic
2026-09-25,HOSP_D,PGMED004,Paracetamol,111,,requested_demand,simulation,PGMED004,0,5,synthetic
2026-09-25,HOSP_D,PGMED005,Salbutamol,124,,requested_demand,simulation,PGMED005,0,5,synthetic
2026-09-26,HOSP_A,PGMED001,Amoxicillin,32,,requested_demand,simulation,PGMED001,0,5,synthetic
2026-09-26,HOSP_A,PGMED002,Atorvastatin,35,,requested_demand,simulation,PGMED002,0,5,synthetic
2026-09-26,HOSP_A,PGMED003,Normal Saline IV,43,,requested_demand,simulation,PGMED003,0,5,synthetic
2026-09-26,HOSP_A,PGMED004,Paracetamol,59,,requested_demand,simulation,PGMED004,0,5,synthetic
2026-09-26,HOSP_A,PGMED005,Salbutamol,106,,requested_demand,simulation,PGMED005,1,5,synthetic
2026-09-26,HOSP_B,PGMED001,Amoxicillin,33,,requested_demand,simulation,PGMED001,0,5,synthetic
2026-09-26,HOSP_B,PGMED002,Atorvastatin,44,,requested_demand,simulation,PGMED002,0,5,synthetic
2026-09-26,HOSP_B,PGMED003,Normal Saline IV,84,,requested_demand,simulation,PGMED003,1,5,synthetic
2026-09-26,HOSP_B,PGMED004,Paracetamol,65,,requested_demand,simulation,PGMED004,0,5,synthetic
2026-09-26,HOSP_B,PGMED005,Salbutamol,90,,requested_demand,simulation,PGMED005,0,5,synthetic
2026-09-26,HOSP_C,PGMED001,Amoxicillin,41,,requested_demand,simulation,PGMED001,0,5,synthetic
2026-09-26,HOSP_C,PGMED002,Atorvastatin,62,,requested_demand,simulation,PGMED002,0,5,synthetic
2026-09-26,HOSP_C,PGMED003,Normal Saline IV,76,,requested_demand,simulation,PGMED003,0,5,synthetic
2026-09-26,HOSP_C,PGMED004,Paracetamol,71,,requested_demand,simulation,PGMED004,0,5,synthetic
2026-09-26,HOSP_C,PGMED005,Salbutamol,88,,requested_demand,simulation,PGMED005,0,5,synthetic
2026-09-26,HOSP_D,PGMED001,Amoxicillin,43,,requested_demand,simulation,PGMED001,0,5,synthetic
2026-09-26,HOSP_D,PGMED002,Atorvastatin,68,,requested_demand,simulation,PGMED002,0,5,synthetic
2026-09-26,HOSP_D,PGMED003,Normal Saline IV,81,,requested_demand,simulation,PGMED003,0,5,synthetic
2026-09-26,HOSP_D,PGMED004,Paracetamol,85,,requested_demand,simulation,PGMED004,0,5,synthetic
2026-09-26,HOSP_D,PGMED005,Salbutamol,127,,requested_demand,simulation,PGMED005,0,5,synthetic
2026-09-27,HOSP_A,PGMED001,Amoxicillin,31,,requested_demand,simulation,PGMED001,0,5,synthetic
2026-09-27,HOSP_A,PGMED002,Atorvastatin,34,,requested_demand,simulation,PGMED002,0,5,synthetic
2026-09-27,HOSP_A,PGMED003,Normal Saline IV,51,,requested_demand,simulation,PGMED003,0,5,synthetic
2026-09-27,HOSP_A,PGMED004,Paracetamol,48,,requested_demand,simulation,PGMED004,0,5,synthetic
2026-09-27,HOSP_A,PGMED005,Salbutamol,100,,requested_demand,simulation,PGMED005,1,5,synthetic
2026-09-27,HOSP_B,PGMED001,Amoxicillin,32,,requested_demand,simulation,PGMED001,0,5,synthetic
2026-09-27,HOSP_B,PGMED002,Atorvastatin,48,,requested_demand,simulation,PGMED002,0,5,synthetic
2026-09-27,HOSP_B,PGMED003,Normal Saline IV,99,,requested_demand,simulation,PGMED003,1,5,synthetic
2026-09-27,HOSP_B,PGMED004,Paracetamol,61,,requested_demand,simulation,PGMED004,0,5,synthetic
2026-09-27,HOSP_B,PGMED005,Salbutamol,91,,requested_demand,simulation,PGMED005,0,5,synthetic
2026-09-27,HOSP_C,PGMED001,Amoxicillin,40,,requested_demand,simulation,PGMED001,0,5,synthetic
2026-09-27,HOSP_C,PGMED002,Atorvastatin,66,,requested_demand,simulation,PGMED002,0,5,synthetic
2026-09-27,HOSP_C,PGMED003,Normal Saline IV,69,,requested_demand,simulation,PGMED003,0,5,synthetic
2026-09-27,HOSP_C,PGMED004,Paracetamol,93,,requested_demand,simulation,PGMED004,0,5,synthetic
2026-09-27,HOSP_C,PGMED005,Salbutamol,103,,requested_demand,simulation,PGMED005,0,5,synthetic
2026-09-27,HOSP_D,PGMED001,Amoxicillin,45,,requested_demand,simulation,PGMED001,0,5,synthetic
2026-09-27,HOSP_D,PGMED002,Atorvastatin,64,,requested_demand,simulation,PGMED002,0,5,synthetic
2026-09-27,HOSP_D,PGMED003,Normal Saline IV,88,,requested_demand,simulation,PGMED003,0,5,synthetic
2026-09-27,HOSP_D,PGMED004,Paracetamol,103,,requested_demand,simulation,PGMED004,0,5,synthetic
2026-09-27,HOSP_D,PGMED005,Salbutamol,109,,requested_demand,simulation,PGMED005,0,5,synthetic
2026-09-28,HOSP_A,PGMED001,Amoxicillin,36,,requested_demand,simulation,PGMED001,0,5,synthetic
2026-09-28,HOSP_A,PGMED002,Atorvastatin,40,,requested_demand,simulation,PGMED002,0,5,synthetic
2026-09-28,HOSP_A,PGMED003,Normal Saline IV,58,,requested_demand,simulation,PGMED003,0,5,synthetic
2026-09-28,HOSP_A,PGMED004,Paracetamol,62,,requested_demand,simulation,PGMED004,0,5,synthetic
2026-09-28,HOSP_A,PGMED005,Salbutamol,114,,requested_demand,simulation,PGMED005,1,5,synthetic
2026-09-28,HOSP_B,PGMED001,Amoxicillin,38,,requested_demand,simulation,PGMED001,0,5,synthetic
2026-09-28,HOSP_B,PGMED002,Atorvastatin,54,,requested_demand,simulation,PGMED002,0,5,synthetic
2026-09-28,HOSP_B,PGMED003,Normal Saline IV,106,,requested_demand,simulation,PGMED003,1,5,synthetic
2026-09-28,HOSP_B,PGMED004,Paracetamol,84,,requested_demand,simulation,PGMED004,0,5,synthetic
2026-09-28,HOSP_B,PGMED005,Salbutamol,98,,requested_demand,simulation,PGMED005,0,5,synthetic
2026-09-28,HOSP_C,PGMED001,Amoxicillin,55,,requested_demand,simulation,PGMED001,0,5,synthetic
2026-09-28,HOSP_C,PGMED002,Atorvastatin,71,,requested_demand,simulation,PGMED002,0,5,synthetic
2026-09-28,HOSP_C,PGMED003,Normal Saline IV,72,,requested_demand,simulation,PGMED003,0,5,synthetic
2026-09-28,HOSP_C,PGMED004,Paracetamol,113,,requested_demand,simulation,PGMED004,0,5,synthetic
2026-09-28,HOSP_C,PGMED005,Salbutamol,111,,requested_demand,simulation,PGMED005,0,5,synthetic
2026-09-28,HOSP_D,PGMED001,Amoxicillin,60,,requested_demand,simulation,PGMED001,0,5,synthetic
2026-09-28,HOSP_D,PGMED002,Atorvastatin,80,,requested_demand,simulation,PGMED002,0,5,synthetic
2026-09-28,HOSP_D,PGMED003,Normal Saline IV,99,,requested_demand,simulation,PGMED003,0,5,synthetic
2026-09-28,HOSP_D,PGMED004,Paracetamol,102,,requested_demand,simulation,PGMED004,0,5,synthetic
2026-09-28,HOSP_D,PGMED005,Salbutamol,138,,requested_demand,simulation,PGMED005,0,5,synthetic
2026-09-29,HOSP_A,PGMED001,Amoxicillin,42,,requested_demand,simulation,PGMED001,0,5,synthetic
2026-09-29,HOSP_A,PGMED002,Atorvastatin,47,,requested_demand,simulation,PGMED002,0,5,synthetic
2026-09-29,HOSP_A,PGMED003,Normal Saline IV,70,,requested_demand,simulation,PGMED003,0,5,synthetic
2026-09-29,HOSP_A,PGMED004,Paracetamol,75,,requested_demand,simulation,PGMED004,0,5,synthetic
2026-09-29,HOSP_A,PGMED005,Salbutamol,139,,requested_demand,simulation,PGMED005,1,5,synthetic
2026-09-29,HOSP_B,PGMED001,Amoxicillin,45,,requested_demand,simulation,PGMED001,0,5,synthetic
2026-09-29,HOSP_B,PGMED002,Atorvastatin,65,,requested_demand,simulation,PGMED002,0,5,synthetic
2026-09-29,HOSP_B,PGMED003,Normal Saline IV,130,,requested_demand,simulation,PGMED003,1,5,synthetic
2026-09-29,HOSP_B,PGMED004,Paracetamol,82,,requested_demand,simulation,PGMED004,0,5,synthetic
2026-09-29,HOSP_B,PGMED005,Salbutamol,123,,requested_demand,simulation,PGMED005,0,5,synthetic
2026-09-29,HOSP_C,PGMED001,Amoxicillin,61,,requested_demand,simulation,PGMED001,0,5,synthetic
2026-09-29,HOSP_C,PGMED002,Atorvastatin,82,,requested_demand,simulation,PGMED002,0,5,synthetic
2026-09-29,HOSP_C,PGMED003,Normal Saline IV,100,,requested_demand,simulation,PGMED003,0,5,synthetic
2026-09-29,HOSP_C,PGMED004,Paracetamol,130,,requested_demand,simulation,PGMED004,0,5,synthetic
2026-09-29,HOSP_C,PGMED005,Salbutamol,123,,requested_demand,simulation,PGMED005,0,5,synthetic
2026-09-29,HOSP_D,PGMED001,Amoxicillin,68,,requested_demand,simulation,PGMED001,0,5,synthetic
2026-09-29,HOSP_D,PGMED002,Atorvastatin,98,,requested_demand,simulation,PGMED002,0,5,synthetic
2026-09-29,HOSP_D,PGMED003,Normal Saline IV,122,,requested_demand,simulation,PGMED003,0,5,synthetic
2026-09-29,HOSP_D,PGMED004,Paracetamol,134,,requested_demand,simulation,PGMED004,0,5,synthetic
2026-09-29,HOSP_D,PGMED005,Salbutamol,160,,requested_demand,simulation,PGMED005,0,5,synthetic
2026-09-30,HOSP_A,PGMED001,Amoxicillin,46,,requested_demand,simulation,PGMED001,0,5,synthetic
2026-09-30,HOSP_A,PGMED002,Atorvastatin,45,,requested_demand,simulation,PGMED002,0,5,synthetic
2026-09-30,HOSP_A,PGMED003,Normal Saline IV,76,,requested_demand,simulation,PGMED003,0,5,synthetic
2026-09-30,HOSP_A,PGMED004,Paracetamol,87,,requested_demand,simulation,PGMED004,0,5,synthetic
2026-09-30,HOSP_A,PGMED005,Salbutamol,138,,requested_demand,simulation,PGMED005,1,5,synthetic
2026-09-30,HOSP_B,PGMED001,Amoxicillin,49,,requested_demand,simulation,PGMED001,0,5,synthetic
2026-09-30,HOSP_B,PGMED002,Atorvastatin,65,,requested_demand,simulation,PGMED002,0,5,synthetic
2026-09-30,HOSP_B,PGMED003,Normal Saline IV,128,,requested_demand,simulation,PGMED003,1,5,synthetic
2026-09-30,HOSP_B,PGMED004,Paracetamol,101,,requested_demand,simulation,PGMED004,0,5,synthetic
2026-09-30,HOSP_B,PGMED005,Salbutamol,128,,requested_demand,simulation,PGMED005,0,5,synthetic
2026-09-30,HOSP_C,PGMED001,Amoxicillin,58,,requested_demand,simulation,PGMED001,0,5,synthetic
2026-09-30,HOSP_C,PGMED002,Atorvastatin,90,,requested_demand,simulation,PGMED002,0,5,synthetic
2026-09-30,HOSP_C,PGMED003,Normal Saline IV,97,,requested_demand,simulation,PGMED003,0,5,synthetic
2026-09-30,HOSP_C,PGMED004,Paracetamol,127,,requested_demand,simulation,PGMED004,0,5,synthetic
2026-09-30,HOSP_C,PGMED005,Salbutamol,147,,requested_demand,simulation,PGMED005,0,5,synthetic
2026-09-30,HOSP_D,PGMED001,Amoxicillin,68,,requested_demand,simulation,PGMED001,0,5,synthetic
2026-09-30,HOSP_D,PGMED002,Atorvastatin,105,,requested_demand,simulation,PGMED002,0,5,synthetic
2026-09-30,HOSP_D,PGMED003,Normal Saline IV,119,,requested_demand,simulation,PGMED003,0,5,synthetic
2026-09-30,HOSP_D,PGMED004,Paracetamol,148,,requested_demand,simulation,PGMED004,0,5,synthetic
2026-09-30,HOSP_D,PGMED005,Salbutamol,168,,requested_demand,simulation,PGMED005,0,5,synthetic
2026-10-01,HOSP_A,PGMED001,Amoxicillin,45,,requested_demand,simulation,PGMED001,0,5,synthetic
2026-10-01,HOSP_A,PGMED002,Atorvastatin,43,,requested_demand,simulation,PGMED002,0,5,synthetic
2026-10-01,HOSP_A,PGMED003,Normal Saline IV,68,,requested_demand,simulation,PGMED003,0,5,synthetic
2026-10-01,HOSP_A,PGMED004,Paracetamol,75,,requested_demand,simulation,PGMED004,0,5,synthetic
2026-10-01,HOSP_A,PGMED005,Salbutamol,90,,requested_demand,simulation,PGMED005,0,5,synthetic
2026-10-01,HOSP_B,PGMED001,Amoxicillin,43,,requested_demand,simulation,PGMED001,0,5,synthetic
2026-10-01,HOSP_B,PGMED002,Atorvastatin,66,,requested_demand,simulation,PGMED002,0,5,synthetic
2026-10-01,HOSP_B,PGMED003,Normal Saline IV,86,,requested_demand,simulation,PGMED003,0,5,synthetic
2026-10-01,HOSP_B,PGMED004,Paracetamol,81,,requested_demand,simulation,PGMED004,0,5,synthetic
2026-10-01,HOSP_B,PGMED005,Salbutamol,121,,requested_demand,simulation,PGMED005,0,5,synthetic
2026-10-01,HOSP_C,PGMED001,Amoxicillin,61,,requested_demand,simulation,PGMED001,0,5,synthetic
2026-10-01,HOSP_C,PGMED002,Atorvastatin,82,,requested_demand,simulation,PGMED002,0,5,synthetic
2026-10-01,HOSP_C,PGMED003,Normal Saline IV,92,,requested_demand,simulation,PGMED003,0,5,synthetic
2026-10-01,HOSP_C,PGMED004,Paracetamol,114,,requested_demand,simulation,PGMED004,0,5,synthetic
2026-10-01,HOSP_C,PGMED005,Salbutamol,136,,requested_demand,simulation,PGMED005,0,5,synthetic
2026-10-01,HOSP_D,PGMED001,Amoxicillin,57,,requested_demand,simulation,PGMED001,0,5,synthetic
2026-10-01,HOSP_D,PGMED002,Atorvastatin,98,,requested_demand,simulation,PGMED002,0,5,synthetic
2026-10-01,HOSP_D,PGMED003,Normal Saline IV,115,,requested_demand,simulation,PGMED003,0,5,synthetic
2026-10-01,HOSP_D,PGMED004,Paracetamol,128,,requested_demand,simulation,PGMED004,0,5,synthetic
2026-10-01,HOSP_D,PGMED005,Salbutamol,146,,requested_demand,simulation,PGMED005,0,5,synthetic
2026-10-02,HOSP_A,PGMED001,Amoxicillin,36,,requested_demand,simulation,PGMED001,0,5,synthetic
2026-10-02,HOSP_A,PGMED002,Atorvastatin,36,,requested_demand,simulation,PGMED002,0,5,synthetic
2026-10-02,HOSP_A,PGMED003,Normal Saline IV,57,,requested_demand,simulation,PGMED003,0,5,synthetic
2026-10-02,HOSP_A,PGMED004,Paracetamol,65,,requested_demand,simulation,PGMED004,0,5,synthetic
2026-10-02,HOSP_A,PGMED005,Salbutamol,80,,requested_demand,simulation,PGMED005,0,5,synthetic
2026-10-02,HOSP_B,PGMED001,Amoxicillin,34,,requested_demand,simulation,PGMED001,0,5,synthetic
2026-10-02,HOSP_B,PGMED002,Atorvastatin,52,,requested_demand,simulation,PGMED002,0,5,synthetic
2026-10-02,HOSP_B,PGMED003,Normal Saline IV,66,,requested_demand,simulation,PGMED003,0,5,synthetic
2026-10-02,HOSP_B,PGMED004,Paracetamol,75,,requested_demand,simulation,PGMED004,0,5,synthetic
2026-10-02,HOSP_B,PGMED005,Salbutamol,89,,requested_demand,simulation,PGMED005,0,5,synthetic
2026-10-02,HOSP_C,PGMED001,Amoxicillin,49,,requested_demand,simulation,PGMED001,0,5,synthetic
2026-10-02,HOSP_C,PGMED002,Atorvastatin,61,,requested_demand,simulation,PGMED002,0,5,synthetic
2026-10-02,HOSP_C,PGMED003,Normal Saline IV,76,,requested_demand,simulation,PGMED003,0,5,synthetic
2026-10-02,HOSP_C,PGMED004,Paracetamol,103,,requested_demand,simulation,PGMED004,0,5,synthetic
2026-10-02,HOSP_C,PGMED005,Salbutamol,114,,requested_demand,simulation,PGMED005,0,5,synthetic
2026-10-02,HOSP_D,PGMED001,Amoxicillin,51,,requested_demand,simulation,PGMED001,0,5,synthetic
2026-10-02,HOSP_D,PGMED002,Atorvastatin,80,,requested_demand,simulation,PGMED002,0,5,synthetic
2026-10-02,HOSP_D,PGMED003,Normal Saline IV,96,,requested_demand,simulation,PGMED003,0,5,synthetic
2026-10-02,HOSP_D,PGMED004,Paracetamol,104,,requested_demand,simulation,PGMED004,0,5,synthetic
2026-10-02,HOSP_D,PGMED005,Salbutamol,129,,requested_demand,simulation,PGMED005,0,5,synthetic
2026-10-03,HOSP_A,PGMED001,Amoxicillin,31,,requested_demand,simulation,PGMED001,0,5,synthetic
2026-10-03,HOSP_A,PGMED002,Atorvastatin,33,,requested_demand,simulation,PGMED002,0,5,synthetic
2026-10-03,HOSP_A,PGMED003,Normal Saline IV,51,,requested_demand,simulation,PGMED003,0,5,synthetic
2026-10-03,HOSP_A,PGMED004,Paracetamol,50,,requested_demand,simulation,PGMED004,0,5,synthetic
2026-10-03,HOSP_A,PGMED005,Salbutamol,72,,requested_demand,simulation,PGMED005,0,5,synthetic
2026-10-03,HOSP_B,PGMED001,Amoxicillin,35,,requested_demand,simulation,PGMED001,0,5,synthetic
2026-10-03,HOSP_B,PGMED002,Atorvastatin,44,,requested_demand,simulation,PGMED002,0,5,synthetic
2026-10-03,HOSP_B,PGMED003,Normal Saline IV,57,,requested_demand,simulation,PGMED003,0,5,synthetic
2026-10-03,HOSP_B,PGMED004,Paracetamol,65,,requested_demand,simulation,PGMED004,0,5,synthetic
2026-10-03,HOSP_B,PGMED005,Salbutamol,82,,requested_demand,simulation,PGMED005,0,5,synthetic
2026-10-03,HOSP_C,PGMED001,Amoxicillin,41,,requested_demand,simulation,PGMED001,0,5,synthetic
2026-10-03,HOSP_C,PGMED002,Atorvastatin,60,,requested_demand,simulation,PGMED002,0,5,synthetic
2026-10-03,HOSP_C,PGMED003,Normal Saline IV,66,,requested_demand,simulation,PGMED003,0,5,synthetic
2026-10-03,HOSP_C,PGMED004,Paracetamol,94,,requested_demand,simulation,PGMED004,0,5,synthetic
2026-10-03,HOSP_C,PGMED005,Salbutamol,91,,requested_demand,simulation,PGMED005,0,5,synthetic
2026-10-03,HOSP_D,PGMED001,Amoxicillin,43,,requested_demand,simulation,PGMED001,0,5,synthetic
2026-10-03,HOSP_D,PGMED002,Atorvastatin,69,,requested_demand,simulation,PGMED002,0,5,synthetic
2026-10-03,HOSP_D,PGMED003,Normal Saline IV,82,,requested_demand,simulation,PGMED003,0,5,synthetic
2026-10-03,HOSP_D,PGMED004,Paracetamol,101,,requested_demand,simulation,PGMED004,0,5,synthetic
2026-10-03,HOSP_D,PGMED005,Salbutamol,110,,requested_demand,simulation,PGMED005,0,5,synthetic
2026-10-04,HOSP_A,PGMED001,Amoxicillin,33,,requested_demand,simulation,PGMED001,0,5,synthetic
2026-10-04,HOSP_A,PGMED002,Atorvastatin,36,,requested_demand,simulation,PGMED002,0,5,synthetic
2026-10-04,HOSP_A,PGMED003,Normal Saline IV,54,,requested_demand,simulation,PGMED003,0,5,synthetic
2026-10-04,HOSP_A,PGMED004,Paracetamol,53,,requested_demand,simulation,PGMED004,0,5,synthetic
2026-10-04,HOSP_A,PGMED005,Salbutamol,70,,requested_demand,simulation,PGMED005,0,5,synthetic
2026-10-04,HOSP_B,PGMED001,Amoxicillin,37,,requested_demand,simulation,PGMED001,0,5,synthetic
2026-10-04,HOSP_B,PGMED002,Atorvastatin,51,,requested_demand,simulation,PGMED002,0,5,synthetic
2026-10-04,HOSP_B,PGMED003,Normal Saline IV,66,,requested_demand,simulation,PGMED003,0,5,synthetic
2026-10-04,HOSP_B,PGMED004,Paracetamol,75,,requested_demand,simulation,PGMED004,0,5,synthetic
2026-10-04,HOSP_B,PGMED005,Salbutamol,92,,requested_demand,simulation,PGMED005,0,5,synthetic
2026-10-04,HOSP_C,PGMED001,Amoxicillin,48,,requested_demand,simulation,PGMED001,0,5,synthetic
2026-10-04,HOSP_C,PGMED002,Atorvastatin,63,,requested_demand,simulation,PGMED002,0,5,synthetic
2026-10-04,HOSP_C,PGMED003,Normal Saline IV,75,,requested_demand,simulation,PGMED003,0,5,synthetic
2026-10-04,HOSP_C,PGMED004,Paracetamol,95,,requested_demand,simulation,PGMED004,0,5,synthetic
2026-10-04,HOSP_C,PGMED005,Salbutamol,98,,requested_demand,simulation,PGMED005,0,5,synthetic
2026-10-04,HOSP_D,PGMED001,Amoxicillin,51,,requested_demand,simulation,PGMED001,0,5,synthetic
2026-10-04,HOSP_D,PGMED002,Atorvastatin,74,,requested_demand,simulation,PGMED002,0,5,synthetic
2026-10-04,HOSP_D,PGMED003,Normal Saline IV,84,,requested_demand,simulation,PGMED003,0,5,synthetic
2026-10-04,HOSP_D,PGMED004,Paracetamol,106,,requested_demand,simulation,PGMED004,0,5,synthetic
2026-10-04,HOSP_D,PGMED005,Salbutamol,103,,requested_demand,simulation,PGMED005,0,5,synthetic
2026-10-05,HOSP_A,PGMED001,Amoxicillin,41,,requested_demand,simulation,PGMED001,0,5,synthetic
2026-10-05,HOSP_A,PGMED002,Atorvastatin,37,,requested_demand,simulation,PGMED002,0,5,synthetic
2026-10-05,HOSP_A,PGMED003,Normal Saline IV,60,,requested_demand,simulation,PGMED003,0,5,synthetic
2026-10-05,HOSP_A,PGMED004,Paracetamol,70,,requested_demand,simulation,PGMED004,0,5,synthetic
2026-10-05,HOSP_A,PGMED005,Salbutamol,90,,requested_demand,simulation,PGMED005,0,5,synthetic
2026-10-05,HOSP_B,PGMED001,Amoxicillin,40,,requested_demand,simulation,PGMED001,0,5,synthetic
2026-10-05,HOSP_B,PGMED002,Atorvastatin,49,,requested_demand,simulation,PGMED002,0,5,synthetic
2026-10-05,HOSP_B,PGMED003,Normal Saline IV,80,,requested_demand,simulation,PGMED003,0,5,synthetic
2026-10-05,HOSP_B,PGMED004,Paracetamol,81,,requested_demand,simulation,PGMED004,0,5,synthetic
2026-10-05,HOSP_B,PGMED005,Salbutamol,104,,requested_demand,simulation,PGMED005,0,5,synthetic
2026-10-05,HOSP_C,PGMED001,Amoxicillin,52,,requested_demand,simulation,PGMED001,0,5,synthetic
2026-10-05,HOSP_C,PGMED002,Atorvastatin,74,,requested_demand,simulation,PGMED002,0,5,synthetic
2026-10-05,HOSP_C,PGMED003,Normal Saline IV,76,,requested_demand,simulation,PGMED003,0,5,synthetic
2026-10-05,HOSP_C,PGMED004,Paracetamol,99,,requested_demand,simulation,PGMED004,0,5,synthetic
2026-10-05,HOSP_C,PGMED005,Salbutamol,122,,requested_demand,simulation,PGMED005,0,5,synthetic
2026-10-05,HOSP_D,PGMED001,Amoxicillin,61,,requested_demand,simulation,PGMED001,0,5,synthetic
2026-10-05,HOSP_D,PGMED002,Atorvastatin,81,,requested_demand,simulation,PGMED002,0,5,synthetic
2026-10-05,HOSP_D,PGMED003,Normal Saline IV,103,,requested_demand,simulation,PGMED003,0,5,synthetic
2026-10-05,HOSP_D,PGMED004,Paracetamol,127,,requested_demand,simulation,PGMED004,0,5,synthetic
2026-10-05,HOSP_D,PGMED005,Salbutamol,138,,requested_demand,simulation,PGMED005,0,5,synthetic
2026-10-06,HOSP_A,PGMED001,Amoxicillin,45,,requested_demand,simulation,PGMED001,0,5,synthetic
2026-10-06,HOSP_A,PGMED002,Atorvastatin,46,,requested_demand,simulation,PGMED002,0,5,synthetic
2026-10-06,HOSP_A,PGMED003,Normal Saline IV,76,,requested_demand,simulation,PGMED003,0,5,synthetic
2026-10-06,HOSP_A,PGMED004,Paracetamol,79,,requested_demand,simulation,PGMED004,0,5,synthetic
2026-10-06,HOSP_A,PGMED005,Salbutamol,105,,requested_demand,simulation,PGMED005,0,5,synthetic
2026-10-06,HOSP_B,PGMED001,Amoxicillin,48,,requested_demand,simulation,PGMED001,0,5,synthetic
2026-10-06,HOSP_B,PGMED002,Atorvastatin,58,,requested_demand,simulation,PGMED002,0,5,synthetic
2026-10-06,HOSP_B,PGMED003,Normal Saline IV,88,,requested_demand,simulation,PGMED003,0,5,synthetic
2026-10-06,HOSP_B,PGMED004,Paracetamol,91,,requested_demand,simulation,PGMED004,0,5,synthetic
2026-10-06,HOSP_B,PGMED005,Salbutamol,113,,requested_demand,simulation,PGMED005,0,5,synthetic
2026-10-06,HOSP_C,PGMED001,Amoxicillin,59,,requested_demand,simulation,PGMED001,0,5,synthetic
2026-10-06,HOSP_C,PGMED002,Atorvastatin,84,,requested_demand,simulation,PGMED002,0,5,synthetic
2026-10-06,HOSP_C,PGMED003,Normal Saline IV,95,,requested_demand,simulation,PGMED003,0,5,synthetic
2026-10-06,HOSP_C,PGMED004,Paracetamol,122,,requested_demand,simulation,PGMED004,0,5,synthetic
2026-10-06,HOSP_C,PGMED005,Salbutamol,138,,requested_demand,simulation,PGMED005,0,5,synthetic
2026-10-06,HOSP_D,PGMED001,Amoxicillin,69,,requested_demand,simulation,PGMED001,0,5,synthetic
2026-10-06,HOSP_D,PGMED002,Atorvastatin,96,,requested_demand,simulation,PGMED002,0,5,synthetic
2026-10-06,HOSP_D,PGMED003,Normal Saline IV,122,,requested_demand,simulation,PGMED003,0,5,synthetic
2026-10-06,HOSP_D,PGMED004,Paracetamol,142,,requested_demand,simulation,PGMED004,0,5,synthetic
2026-10-06,HOSP_D,PGMED005,Salbutamol,150,,requested_demand,simulation,PGMED005,0,5,synthetic
2026-10-07,HOSP_A,PGMED001,Amoxicillin,46,,requested_demand,simulation,PGMED001,0,5,synthetic
2026-10-07,HOSP_A,PGMED002,Atorvastatin,51,,requested_demand,simulation,PGMED002,0,5,synthetic
2026-10-07,HOSP_A,PGMED003,Normal Saline IV,78,,requested_demand,simulation,PGMED003,0,5,synthetic
2026-10-07,HOSP_A,PGMED004,Paracetamol,84,,requested_demand,simulation,PGMED004,0,5,synthetic
2026-10-07,HOSP_A,PGMED005,Salbutamol,109,,requested_demand,simulation,PGMED005,0,5,synthetic
2026-10-07,HOSP_B,PGMED001,Amoxicillin,50,,requested_demand,simulation,PGMED001,0,5,synthetic
2026-10-07,HOSP_B,PGMED002,Atorvastatin,70,,requested_demand,simulation,PGMED002,0,5,synthetic
2026-10-07,HOSP_B,PGMED003,Normal Saline IV,85,,requested_demand,simulation,PGMED003,0,5,synthetic
2026-10-07,HOSP_B,PGMED004,Paracetamol,95,,requested_demand,simulation,PGMED004,0,5,synthetic
2026-10-07,HOSP_B,PGMED005,Salbutamol,126,,requested_demand,simulation,PGMED005,0,5,synthetic
2026-10-07,HOSP_C,PGMED001,Amoxicillin,60,,requested_demand,simulation,PGMED001,0,5,synthetic
2026-10-07,HOSP_C,PGMED002,Atorvastatin,88,,requested_demand,simulation,PGMED002,0,5,synthetic
2026-10-07,HOSP_C,PGMED003,Normal Saline IV,104,,requested_demand,simulation,PGMED003,0,5,synthetic
2026-10-07,HOSP_C,PGMED004,Paracetamol,128,,requested_demand,simulation,PGMED004,0,5,synthetic
2026-10-07,HOSP_C,PGMED005,Salbutamol,193,,requested_demand,simulation,PGMED005,1,5,synthetic
2026-10-07,HOSP_D,PGMED001,Amoxicillin,65,,requested_demand,simulation,PGMED001,0,5,synthetic
2026-10-07,HOSP_D,PGMED002,Atorvastatin,96,,requested_demand,simulation,PGMED002,0,5,synthetic
2026-10-07,HOSP_D,PGMED003,Normal Saline IV,135,,requested_demand,simulation,PGMED003,0,5,synthetic
2026-10-07,HOSP_D,PGMED004,Paracetamol,148,,requested_demand,simulation,PGMED004,0,5,synthetic
2026-10-07,HOSP_D,PGMED005,Salbutamol,150,,requested_demand,simulation,PGMED005,0,5,synthetic
2026-10-08,HOSP_A,PGMED001,Amoxicillin,44,,requested_demand,simulation,PGMED001,0,5,synthetic
2026-10-08,HOSP_A,PGMED002,Atorvastatin,41,,requested_demand,simulation,PGMED002,0,5,synthetic
2026-10-08,HOSP_A,PGMED003,Normal Saline IV,71,,requested_demand,simulation,PGMED003,0,5,synthetic
2026-10-08,HOSP_A,PGMED004,Paracetamol,73,,requested_demand,simulation,PGMED004,0,5,synthetic
2026-10-08,HOSP_A,PGMED005,Salbutamol,96,,requested_demand,simulation,PGMED005,0,5,synthetic
2026-10-08,HOSP_B,PGMED001,Amoxicillin,45,,requested_demand,simulation,PGMED001,0,5,synthetic
2026-10-08,HOSP_B,PGMED002,Atorvastatin,61,,requested_demand,simulation,PGMED002,0,5,synthetic
2026-10-08,HOSP_B,PGMED003,Normal Saline IV,77,,requested_demand,simulation,PGMED003,0,5,synthetic
2026-10-08,HOSP_B,PGMED004,Paracetamol,95,,requested_demand,simulation,PGMED004,0,5,synthetic
2026-10-08,HOSP_B,PGMED005,Salbutamol,116,,requested_demand,simulation,PGMED005,0,5,synthetic
2026-10-08,HOSP_C,PGMED001,Amoxicillin,58,,requested_demand,simulation,PGMED001,0,5,synthetic
2026-10-08,HOSP_C,PGMED002,Atorvastatin,81,,requested_demand,simulation,PGMED002,0,5,synthetic
2026-10-08,HOSP_C,PGMED003,Normal Saline IV,88,,requested_demand,simulation,PGMED003,0,5,synthetic
2026-10-08,HOSP_C,PGMED004,Paracetamol,103,,requested_demand,simulation,PGMED004,0,5,synthetic
2026-10-08,HOSP_C,PGMED005,Salbutamol,167,,requested_demand,simulation,PGMED005,1,5,synthetic
2026-10-08,HOSP_D,PGMED001,Amoxicillin,52,,requested_demand,simulation,PGMED001,0,5,synthetic
2026-10-08,HOSP_D,PGMED002,Atorvastatin,85,,requested_demand,simulation,PGMED002,0,5,synthetic
2026-10-08,HOSP_D,PGMED003,Normal Saline IV,117,,requested_demand,simulation,PGMED003,0,5,synthetic
2026-10-08,HOSP_D,PGMED004,Paracetamol,133,,requested_demand,simulation,PGMED004,0,5,synthetic
2026-10-08,HOSP_D,PGMED005,Salbutamol,151,,requested_demand,simulation,PGMED005,0,5,synthetic
